generator,mode,base_rows,num_cols,update_index,update_type,active_rows,time_seconds,detection_type,detection_row_index,detection_correct,residual_norm
random_sparse,cached_dense_qr,50,25,0,delete,49,0.000038578,delete,34,1,0.087288994
random_sparse,dense_scratch,50,25,0,delete,49,0.000021423,delete,34,1,0.087288994
random_sparse,sparse_scratch,50,25,0,delete,49,0.000208007,delete,34,1,0.000000000
random_sparse,kaczmarz_warm_start,50,25,0,delete,49,0.000010517,delete,34,1,0.076432238
random_sparse,cached_dense_qr,50,25,1,delete,48,0.000029614,delete,5,1,0.087288994
random_sparse,dense_scratch,50,25,1,delete,48,0.000019739,delete,5,1,0.087288994
random_sparse,sparse_scratch,50,25,1,delete,48,0.000022776,delete,5,1,0.000000000
random_sparse,kaczmarz_warm_start,50,25,1,delete,48,0.000012778,delete,5,1,0.037050551
random_sparse,cached_dense_qr,50,25,2,add,49,0.000006396,add,100,1,0.000000000
random_sparse,dense_scratch,50,25,2,add,49,0.000023244,add,100,1,0.000000000
random_sparse,sparse_scratch,50,25,2,add,49,0.000024581,add,100,1,0.000000000
random_sparse,kaczmarz_warm_start,50,25,2,add,49,0.000010260,add,100,1,0.024381298
random_sparse,cached_dense_qr,50,25,3,delete,48,0.000027318,delete,35,1,0.000000000
random_sparse,dense_scratch,50,25,3,delete,48,0.000020738,delete,35,1,0.000000000
random_sparse,sparse_scratch,50,25,3,delete,48,0.000019406,delete,35,1,0.000000000
random_sparse,kaczmarz_warm_start,50,25,3,delete,48,0.000010071,delete,35,1,0.010348848
random_sparse,cached_dense_qr,50,25,4,add,49,0.000004183,add,98,1,0.000000000
random_sparse,dense_scratch,50,25,4,add,49,0.000024083,add,98,1,0.000000000
random_sparse,sparse_scratch,50,25,4,add,49,0.000017889,add,98,1,0.000000000
random_sparse,kaczmarz_warm_start,50,25,4,add,49,0.000012988,add,98,1,0.003790836
random_sparse,cached_dense_qr,50,25,5,add,50,0.000003833,add,74,1,0.000000000
random_sparse,dense_scratch,50,25,5,add,50,0.000026184,add,74,1,0.135327623
random_sparse,sparse_scratch,50,25,5,add,50,0.000017165,add,74,1,0.000000000
random_sparse,kaczmarz_warm_start,50,25,5,add,50,0.000010460,add,74,1,0.003301203
random_sparse,cached_dense_qr,50,25,6,modify,50,0.000033336,modify,36,1,0.638428209
random_sparse,dense_scratch,50,25,6,modify,50,0.000029560,modify,36,1,0.638428209
random_sparse,sparse_scratch,50,25,6,modify,50,0.000021105,modify,36,1,0.000000000
random_sparse,kaczmarz_warm_start,50,25,6,modify,50,0.000011613,modify,36,1,0.001864519
random_sparse,cached_dense_qr,50,25,7,delete,49,0.000045822,delete,16,1,0.638428209
random_sparse,dense_scratch,50,25,7,delete,49,0.000028802,delete,16,1,0.638428209
random_sparse,sparse_scratch,50,25,7,delete,49,0.000022119,delete,16,1,0.000000000
random_sparse,kaczmarz_warm_start,50,25,7,delete,49,0.000011422,delete,16,1,0.001395195
random_sparse,cached_dense_qr,50,25,8,modify,49,0.000030978,modify,42,1,0.000000000
random_sparse,dense_scratch,50,25,8,modify,49,0.000027105,modify,42,1,0.000000000
random_sparse,sparse_scratch,50,25,8,modify,49,0.000057652,modify,42,1,0.000000000
random_sparse,kaczmarz_warm_start,50,25,8,modify,49,0.000011394,modify,42,1,0.000482512
random_sparse,cached_dense_qr,50,25,9,modify,49,0.000030046,modify,13,1,0.000000000
random_sparse,dense_scratch,50,25,9,modify,49,0.000027044,modify,13,1,0.000000000
random_sparse,sparse_scratch,50,25,9,modify,49,0.000053674,modify,13,1,0.000000000
random_sparse,kaczmarz_warm_start,50,25,9,modify,49,0.000014473,modify,13,1,0.000210228
random_sparse,cached_dense_qr,50,25,10,modify,49,0.000030909,modify,29,1,0.000000000
random_sparse,dense_scratch,50,25,10,modify,49,0.000026263,modify,29,1,0.000000000
random_sparse,sparse_scratch,50,25,10,modify,49,0.000048117,modify,29,1,0.000000000
random_sparse,kaczmarz_warm_start,50,25,10,modify,49,0.000010264,modify,29,1,0.000123505
random_sparse,cached_dense_qr,50,25,11,delete,48,0.000030150,delete,42,1,0.000000000
random_sparse,dense_scratch,50,25,11,delete,48,0.000026454,delete,42,1,0.000000000
random_sparse,sparse_scratch,50,25,11,delete,48,0.000041775,delete,42,1,0.000000000
random_sparse,kaczmarz_warm_start,50,25,11,delete,48,0.000012807,delete,42,1,0.000075567
random_sparse,cached_dense_qr,50,25,12,modify,48,0.000027541,modify,25,1,0.000000000
random_sparse,dense_scratch,50,25,12,modify,48,0.000025215,modify,25,1,0.000000000
random_sparse,sparse_scratch,50,25,12,modify,48,0.000043097,modify,25,1,0.000000000
random_sparse,kaczmarz_warm_start,50,25,12,modify,48,0.000010067,modify,25,1,0.000052654
random_sparse,cached_dense_qr,50,25,13,add,49,0.000004718,add,109,1,0.000000000
random_sparse,dense_scratch,50,25,13,add,49,0.000026990,add,109,1,0.000000000
random_sparse,sparse_scratch,50,25,13,add,49,0.000055253,add,109,1,0.000000000
random_sparse,kaczmarz_warm_start,50,25,13,add,49,0.000012660,add,109,1,0.000048635
random_sparse,cached_dense_qr,50,25,14,add,50,0.000004048,add,80,1,0.000000000
random_sparse,dense_scratch,50,25,14,add,50,0.000030846,add,80,1,0.000000000
random_sparse,sparse_scratch,50,25,14,add,50,0.000039980,add,80,1,0.000000000
random_sparse,kaczmarz_warm_start,50,25,14,add,50,0.000010434,add,80,1,0.000042579
random_sparse,cached_dense_qr,50,25,15,modify,50,0.000028402,modify,1,1,0.000000000
random_sparse,dense_scratch,50,25,15,modify,50,0.000025272,modify,1,1,0.000000000
random_sparse,sparse_scratch,50,25,15,modify,50,0.000045194,modify,1,1,0.000000000
random_sparse,kaczmarz_warm_start,50,25,15,modify,50,0.000013107,modify,1,1,0.000040927
random_sparse,cached_dense_qr,50,25,16,add,51,0.000004421,add,65,1,0.000000000
random_sparse,dense_scratch,50,25,16,add,51,0.000030404,add,65,1,0.000000000
random_sparse,sparse_scratch,50,25,16,add,51,0.000047074,add,65,1,0.000000000
random_sparse,kaczmarz_warm_start,50,25,16,add,51,0.000010662,add,65,1,0.000035910
random_sparse,cached_dense_qr,50,25,17,modify,51,0.000029867,modify,25,1,0.000000000
random_sparse,dense_scratch,50,25,17,modify,51,0.000026788,modify,25,1,0.000000000
random_sparse,sparse_scratch,50,25,17,modify,51,0.000043655,modify,25,1,0.000000000
random_sparse,kaczmarz_warm_start,50,25,17,modify,51,0.000013157,modify,25,1,0.000025770
random_sparse,cached_dense_qr,50,25,18,modify,51,0.000027596,modify,46,1,0.000000000
random_sparse,dense_scratch,50,25,18,modify,51,0.000024766,modify,46,1,0.000000000
random_sparse,sparse_scratch,50,25,18,modify,51,0.000048151,modify,46,1,0.000000000
random_sparse,kaczmarz_warm_start,50,25,18,modify,51,0.000013484,modify,46,1,0.000015399
random_sparse,cached_dense_qr,50,25,19,delete,50,0.000030757,delete,98,1,0.000000000
random_sparse,dense_scratch,50,25,19,delete,50,0.000026212,delete,98,1,0.000000000
random_sparse,sparse_scratch,50,25,19,delete,50,0.000045596,delete,98,1,0.000000000
random_sparse,kaczmarz_warm_start,50,25,19,delete,50,0.000010489,delete,98,1,0.000018078
random_sparse,cached_dense_qr,50,25,20,add,51,0.000004558,add,42,1,0.000000000
random_sparse,dense_scratch,50,25,20,add,51,0.000028606,add,42,1,0.000000000
random_sparse,sparse_scratch,50,25,20,add,51,0.000056393,add,42,1,0.000000000
random_sparse,kaczmarz_warm_start,50,25,20,add,51,0.000013378,add,42,1,0.000020569
random_sparse,cached_dense_qr,50,25,21,add,52,0.000004390,add,90,1,0.000000000
random_sparse,dense_scratch,50,25,21,add,52,0.000031497,add,90,1,0.000000000
random_sparse,sparse_scratch,50,25,21,add,52,0.000043287,add,90,1,0.000000000
random_sparse,kaczmarz_warm_start,50,25,21,add,52,0.000010911,add,90,1,0.000017354
random_sparse,cached_dense_qr,50,25,22,add,53,0.000003921,add,96,1,0.000000000
random_sparse,dense_scratch,50,25,22,add,53,0.000031532,add,96,1,0.000000000
random_sparse,sparse_scratch,50,25,22,add,53,0.000042416,add,96,1,0.000000000
random_sparse,kaczmarz_warm_start,50,25,22,add,53,0.000013751,add,96,1,0.000021898
random_sparse,cached_dense_qr,50,25,23,add,54,0.000004187,add,67,1,0.000000000
random_sparse,dense_scratch,50,25,23,add,54,0.000032005,add,67,1,0.000000000
random_sparse,sparse_scratch,50,25,23,add,54,0.000043784,add,67,1,0.000000000
random_sparse,kaczmarz_warm_start,50,25,23,add,54,0.000011251,add,67,1,0.000015475
random_sparse,cached_dense_qr,50,25,24,add,55,0.000003990,add,102,1,0.000000000
random_sparse,dense_scratch,50,25,24,add,55,0.000033966,add,102,1,0.000000000
random_sparse,sparse_scratch,50,25,24,add,55,0.000046788,add,102,1,0.000000000
random_sparse,kaczmarz_warm_start,50,25,24,add,55,0.000014225,add,102,1,0.000013185
random_sparse,cached_dense_qr,50,25,25,modify,55,0.000032467,modify,31,1,0.000000000
random_sparse,dense_scratch,50,25,25,modify,55,0.000028787,modify,31,1,0.000000000
random_sparse,sparse_scratch,50,25,25,modify,55,0.000048700,modify,31,1,0.000000000
random_sparse,kaczmarz_warm_start,50,25,25,modify,55,0.000011501,modify,31,1,0.000011558
random_sparse,cached_dense_qr,50,25,26,add,56,0.000004131,add,86,1,0.000000000
random_sparse,dense_scratch,50,25,26,add,56,0.000031136,add,86,1,0.000000000
random_sparse,sparse_scratch,50,25,26,add,56,0.000050118,add,86,1,0.000000000
random_sparse,kaczmarz_warm_start,50,25,26,add,56,0.000016162,add,86,1,0.000013731
random_sparse,cached_dense_qr,50,25,27,modify,56,0.000043770,modify,18,1,0.000000000
random_sparse,dense_scratch,50,25,27,modify,56,0.000031708,modify,18,1,0.000000000
random_sparse,sparse_scratch,50,25,27,modify,56,0.000054330,modify,18,1,0.000000000
random_sparse,kaczmarz_warm_start,50,25,27,modify,56,0.000013056,modify,18,1,0.000016329
random_sparse,cached_dense_qr,50,25,28,delete,55,0.000034196,delete,45,1,0.000000000
random_sparse,dense_scratch,50,25,28,delete,55,0.000029961,delete,45,1,0.000000000
random_sparse,sparse_scratch,50,25,28,delete,55,0.000052181,delete,45,1,0.000000000
random_sparse,kaczmarz_warm_start,50,25,28,delete,55,0.000015850,delete,45,1,0.000017654
random_sparse,cached_dense_qr,50,25,29,delete,54,0.000037323,delete,38,1,0.000000000
random_sparse,dense_scratch,50,25,29,delete,54,0.000031547,delete,38,1,0.000000000
random_sparse,sparse_scratch,50,25,29,delete,54,0.000048378,delete,38,1,0.000000000
random_sparse,kaczmarz_warm_start,50,25,29,delete,54,0.000015496,delete,38,1,0.000014854
random_sparse,cached_dense_qr,50,25,30,delete,53,0.000032392,delete,67,1,0.000000000
random_sparse,dense_scratch,50,25,30,delete,53,0.000027394,delete,67,1,0.000000000
random_sparse,sparse_scratch,50,25,30,delete,53,0.000044325,delete,67,1,0.000000000
random_sparse,kaczmarz_warm_start,50,25,30,delete,53,0.000011125,delete,67,1,0.000012201
random_sparse,cached_dense_qr,50,25,31,modify,53,0.000028643,modify,96,1,0.000000000
random_sparse,dense_scratch,50,25,31,modify,53,0.000025543,modify,96,1,0.000000000
random_sparse,sparse_scratch,50,25,31,modify,53,0.000046567,modify,96,1,0.000000000
random_sparse,kaczmarz_warm_start,50,25,31,modify,53,0.000013630,modify,96,1,0.000014545
random_sparse,cached_dense_qr,50,25,32,modify,53,0.000027842,modify,65,1,0.000000220
random_sparse,dense_scratch,50,25,32,modify,53,0.000025495,modify,65,1,0.000000220
random_sparse,sparse_scratch,50,25,32,modify,53,0.000048344,modify,65,1,0.000000220
random_sparse,kaczmarz_warm_start,50,25,32,modify,53,0.000011093,modify,65,1,0.000015299
random_sparse,cached_dense_qr,50,25,33,delete,52,0.000040210,delete,42,1,0.000000000
random_sparse,dense_scratch,50,25,33,delete,52,0.000026727,delete,42,1,0.000000000
random_sparse,sparse_scratch,50,25,33,delete,52,0.000045635,delete,42,1,0.000000000
random_sparse,kaczmarz_warm_start,50,25,33,delete,52,0.000013401,delete,42,1,0.000009006
random_sparse,cached_dense_qr,50,25,34,delete,51,0.000030520,delete,30,1,0.000000000
random_sparse,dense_scratch,50,25,34,delete,51,0.000026181,delete,30,1,0.000000000
random_sparse,sparse_scratch,50,25,34,delete,51,0.000044241,delete,30,1,0.000000000
random_sparse,kaczmarz_warm_start,50,25,34,delete,51,0.000010721,delete,30,1,0.000006590
random_sparse,cached_dense_qr,50,25,35,delete,50,0.000031136,delete,31,1,0.000000000
random_sparse,dense_scratch,50,25,35,delete,50,0.000025672,delete,31,1,0.000000000
random_sparse,sparse_scratch,50,25,35,delete,50,0.000045153,delete,31,1,0.000000000
random_sparse,kaczmarz_warm_start,50,25,35,delete,50,0.000013007,delete,31,1,0.000007358
random_sparse,cached_dense_qr,50,25,36,modify,50,0.000026792,modify,9,1,0.000000000
random_sparse,dense_scratch,50,25,36,modify,50,0.000024493,modify,9,1,0.000000000
random_sparse,sparse_scratch,50,25,36,modify,50,0.000044298,modify,9,1,0.000000000
random_sparse,kaczmarz_warm_start,50,25,36,modify,50,0.000010504,modify,9,1,0.000006961
random_sparse,cached_dense_qr,50,25,37,delete,49,0.000030313,delete,102,1,0.000000000
random_sparse,dense_scratch,50,25,37,delete,49,0.000026286,delete,102,1,0.000000000
random_sparse,sparse_scratch,50,25,37,delete,49,0.000041345,delete,102,1,0.000000000
random_sparse,kaczmarz_warm_start,50,25,37,delete,49,0.000012848,delete,102,1,0.000004666
random_sparse,cached_dense_qr,50,25,38,modify,49,0.000027353,modify,37,1,0.000000000
random_sparse,dense_scratch,50,25,38,modify,49,0.000024744,modify,37,1,0.000000000
random_sparse,sparse_scratch,50,25,38,modify,49,0.000045797,modify,37,1,0.000000000
random_sparse,kaczmarz_warm_start,50,25,38,modify,49,0.000010321,modify,37,1,0.000004136
random_sparse,cached_dense_qr,50,25,39,modify,49,0.000027516,modify,65,1,0.000000000
random_sparse,dense_scratch,50,25,39,modify,49,0.000025094,modify,65,1,0.000000000
random_sparse,sparse_scratch,50,25,39,modify,49,0.000047954,modify,65,1,0.000000000
random_sparse,kaczmarz_warm_start,50,25,39,modify,49,0.000010275,modify,65,1,0.000003574
random_sparse,cached_dense_qr,50,25,40,modify,49,0.000026283,modify,86,1,0.000000075
random_sparse,dense_scratch,50,25,40,modify,49,0.000024835,modify,86,1,0.000000075
random_sparse,sparse_scratch,50,25,40,modify,49,0.000049444,modify,86,1,0.000000075
random_sparse,kaczmarz_warm_start,50,25,40,modify,49,0.000012907,modify,86,1,0.000003975
random_sparse,cached_dense_qr,50,25,41,delete,48,0.000030753,delete,27,1,0.000000075
random_sparse,dense_scratch,50,25,41,delete,48,0.000025887,delete,27,1,0.000000075
random_sparse,sparse_scratch,50,25,41,delete,48,0.000045985,delete,27,1,0.000000075
random_sparse,kaczmarz_warm_start,50,25,41,delete,48,0.000010014,delete,27,1,0.000004170
random_sparse,cached_dense_qr,50,25,42,add,49,0.000004616,add,51,1,0.000000075
random_sparse,dense_scratch,50,25,42,add,49,0.000026930,add,51,1,0.000000075
random_sparse,sparse_scratch,50,25,42,add,49,0.000047834,add,51,1,0.000000075
random_sparse,kaczmarz_warm_start,50,25,42,add,49,0.000012859,add,51,1,0.000003699
random_sparse,cached_dense_qr,50,25,43,add,50,0.000004293,add,62,1,0.099724614
random_sparse,dense_scratch,50,25,43,add,50,0.000029580,add,62,1,0.099724614
random_sparse,sparse_scratch,50,25,43,add,50,0.000048426,add,62,1,0.099724614
random_sparse,kaczmarz_warm_start,50,25,43,add,50,0.000010452,add,62,1,0.335242725
random_sparse,cached_dense_qr,50,25,44,modify,50,0.000028825,modify,40,1,0.126774981
random_sparse,dense_scratch,50,25,44,modify,50,0.000025110,modify,40,1,0.126774981
random_sparse,sparse_scratch,50,25,44,modify,50,0.000052034,modify,40,1,0.126774981
random_sparse,kaczmarz_warm_start,50,25,44,modify,50,0.000013191,modify,40,1,0.230191561
random_sparse,cached_dense_qr,50,25,45,add,51,0.000003990,add,105,1,0.126774981
random_sparse,dense_scratch,50,25,45,add,51,0.000029967,add,105,1,0.126774981
random_sparse,sparse_scratch,50,25,45,add,51,0.000046420,add,105,1,0.126774981
random_sparse,kaczmarz_warm_start,50,25,45,add,51,0.000010709,add,105,1,0.199760978
random_sparse,cached_dense_qr,50,25,46,delete,50,0.000027725,delete,39,1,0.126773247
random_sparse,dense_scratch,50,25,46,delete,50,0.000025310,delete,39,1,0.126773247
random_sparse,sparse_scratch,50,25,46,delete,50,0.000051169,delete,39,1,0.126773247
random_sparse,kaczmarz_warm_start,50,25,46,delete,50,0.000012986,delete,39,1,0.354272647
random_sparse,cached_dense_qr,50,25,47,delete,49,0.000027871,delete,90,1,0.126773247
random_sparse,dense_scratch,50,25,47,delete,49,0.000025239,delete,90,1,0.126773247
random_sparse,sparse_scratch,50,25,47,delete,49,0.000043113,delete,90,1,0.126773247
random_sparse,kaczmarz_warm_start,50,25,47,delete,49,0.000010279,delete,90,1,0.222402932
random_sparse,cached_dense_qr,50,25,48,modify,49,0.000026115,modify,26,1,0.135733853
random_sparse,dense_scratch,50,25,48,modify,49,0.000024988,modify,26,1,0.135733853
random_sparse,sparse_scratch,50,25,48,modify,49,0.000050323,modify,26,1,0.135733853
random_sparse,kaczmarz_warm_start,50,25,48,modify,49,0.000012885,modify,26,1,0.199355988
random_sparse,cached_dense_qr,50,25,49,modify,49,0.000029627,modify,12,1,0.140107054
random_sparse,dense_scratch,50,25,49,modify,49,0.000025171,modify,12,1,0.140107054
random_sparse,sparse_scratch,50,25,49,modify,49,0.000056016,modify,12,1,0.140107054
random_sparse,kaczmarz_warm_start,50,25,49,modify,49,0.000010264,modify,12,1,0.217099966
random_sparse,cached_dense_qr,100,50,0,add,101,0.000009120,add,150,1,0.167864395
random_sparse,dense_scratch,100,50,0,add,101,0.000149048,add,150,1,0.000000000
random_sparse,sparse_scratch,100,50,0,add,101,0.000087536,add,150,1,0.000000000
random_sparse,kaczmarz_warm_start,100,50,0,add,101,0.000040918,add,150,1,0.000000000
random_sparse,cached_dense_qr,100,50,1,modify,101,0.000128169,modify,98,1,0.000000000
random_sparse,dense_scratch,100,50,1,modify,101,0.000112249,modify,98,1,0.000000000
random_sparse,sparse_scratch,100,50,1,modify,101,0.000078304,modify,98,1,0.000000000
random_sparse,kaczmarz_warm_start,100,50,1,modify,101,0.000040543,modify,98,1,0.000000000
random_sparse,cached_dense_qr,100,50,2,add,102,0.000014870,add,100,1,0.000000000
random_sparse,dense_scratch,100,50,2,add,102,0.000120152,add,100,1,0.000000000
random_sparse,sparse_scratch,100,50,2,add,102,0.000072092,add,100,1,0.000000000
random_sparse,kaczmarz_warm_start,100,50,2,add,102,0.000040997,add,100,1,0.000000000
random_sparse,cached_dense_qr,100,50,3,modify,102,0.000111311,modify,91,1,0.000000000
random_sparse,dense_scratch,100,50,3,modify,102,0.000097573,modify,91,1,0.000000000
random_sparse,sparse_scratch,100,50,3,modify,102,0.000119592,modify,91,1,0.000000000
random_sparse,kaczmarz_warm_start,100,50,3,modify,102,0.000040685,modify,91,1,0.000000000
random_sparse,cached_dense_qr,100,50,4,modify,102,0.000106270,modify,45,1,0.000000000
random_sparse,dense_scratch,100,50,4,modify,102,0.000093031,modify,45,1,0.000000000
random_sparse,sparse_scratch,100,50,4,modify,102,0.000116384,modify,45,1,0.000000000
random_sparse,kaczmarz_warm_start,100,50,4,modify,102,0.000041225,modify,45,1,0.000000000
random_sparse,cached_dense_qr,100,50,5,delete,101,0.000116986,delete,83,1,0.000000000
random_sparse,dense_scratch,100,50,5,delete,101,0.000102369,delete,83,1,0.000000000
random_sparse,sparse_scratch,100,50,5,delete,101,0.000116396,delete,83,1,0.000000000
random_sparse,kaczmarz_warm_start,100,50,5,delete,101,0.000040564,delete,83,1,0.000000000
random_sparse,cached_dense_qr,100,50,6,modify,101,0.000103206,modify,24,1,0.000000000
random_sparse,dense_scratch,100,50,6,modify,101,0.000095494,modify,24,1,0.000000000
random_sparse,sparse_scratch,100,50,6,modify,101,0.000120978,modify,24,1,0.000000000
random_sparse,kaczmarz_warm_start,100,50,6,modify,101,0.000040615,modify,24,1,0.000000000
random_sparse,cached_dense_qr,100,50,7,modify,101,0.000099497,modify,89,1,0.000000000
random_sparse,dense_scratch,100,50,7,modify,101,0.000093161,modify,89,1,0.000000000
random_sparse,sparse_scratch,100,50,7,modify,101,0.000115367,modify,89,1,0.000000000
random_sparse,kaczmarz_warm_start,100,50,7,modify,101,0.000040367,modify,89,1,0.000000000
random_sparse,cached_dense_qr,100,50,8,modify,101,0.000097203,modify,73,1,0.000000000
random_sparse,dense_scratch,100,50,8,modify,101,0.000092483,modify,73,1,0.000000000
random_sparse,sparse_scratch,100,50,8,modify,101,0.000116885,modify,73,1,0.000000000
random_sparse,kaczmarz_warm_start,100,50,8,modify,101,0.000040837,modify,73,1,0.000000000
random_sparse,cached_dense_qr,100,50,9,modify,101,0.000112569,modify,95,1,0.000000000
random_sparse,dense_scratch,100,50,9,modify,101,0.000101325,modify,95,1,0.000000000
random_sparse,sparse_scratch,100,50,9,modify,101,0.000118134,modify,95,1,0.000000000
random_sparse,kaczmarz_warm_start,100,50,9,modify,101,0.000040558,modify,95,1,0.000000000
random_sparse,cached_dense_qr,100,50,10,modify,101,0.000102158,modify,62,1,0.000000000
random_sparse,dense_scratch,100,50,10,modify,101,0.000094185,modify,62,1,0.000000000
random_sparse,sparse_scratch,100,50,10,modify,101,0.000119474,modify,62,1,0.000000000
random_sparse,kaczmarz_warm_start,100,50,10,modify,101,0.000040432,modify,62,1,0.000000000
random_sparse,cached_dense_qr,100,50,11,add,102,0.000009033,add,103,1,0.000000000
random_sparse,dense_scratch,100,50,11,add,102,0.000110541,add,103,1,0.000000000
random_sparse,sparse_scratch,100,50,11,add,102,0.000112572,add,103,1,0.000000000
random_sparse,kaczmarz_warm_start,100,50,11,add,102,0.000041091,add,103,1,0.000000000
random_sparse,cached_dense_qr,100,50,12,delete,101,0.000101379,delete,93,1,0.000000000
random_sparse,dense_scratch,100,50,12,delete,101,0.000093969,delete,93,1,0.000000000
random_sparse,sparse_scratch,100,50,12,delete,101,0.000115110,delete,93,1,0.000000000
random_sparse,kaczmarz_warm_start,100,50,12,delete,101,0.000040552,delete,93,1,0.000000000
random_sparse,cached_dense_qr,100,50,13,modify,101,0.000108414,modify,25,1,0.000000000
random_sparse,dense_scratch,100,50,13,modify,101,0.000098691,modify,25,1,0.000000000
random_sparse,sparse_scratch,100,50,13,modify,101,0.000120978,modify,25,1,0.000000000
random_sparse,kaczmarz_warm_start,100,50,13,modify,101,0.000040382,modify,25,1,0.000000000
random_sparse,cached_dense_qr,100,50,14,delete,100,0.000104386,delete,50,1,0.000000000
random_sparse,dense_scratch,100,50,14,delete,100,0.000094475,delete,50,1,0.000000000
random_sparse,sparse_scratch,100,50,14,delete,100,0.000114780,delete,50,1,0.000000000
random_sparse,kaczmarz_warm_start,100,50,14,delete,100,0.000040227,delete,50,1,0.000000000
random_sparse,cached_dense_qr,100,50,15,modify,100,0.000101539,modify,33,1,0.000000000
random_sparse,dense_scratch,100,50,15,modify,100,0.000095387,modify,33,1,0.000000000
random_sparse,sparse_scratch,100,50,15,modify,100,0.000121899,modify,33,1,0.000000000
random_sparse,kaczmarz_warm_start,100,50,15,modify,100,0.000040416,modify,33,1,0.000000000
random_sparse,cached_dense_qr,100,50,16,add,101,0.000016454,add,133,1,0.000000000
random_sparse,dense_scratch,100,50,16,add,101,0.000117056,add,133,1,0.000000000
random_sparse,sparse_scratch,100,50,16,add,101,0.000118355,add,133,1,0.000000000
random_sparse,kaczmarz_warm_start,100,50,16,add,101,0.000040590,add,133,1,0.000000000
random_sparse,cached_dense_qr,100,50,17,add,102,0.000008964,add,147,1,0.000000000
random_sparse,dense_scratch,100,50,17,add,102,0.000112222,add,147,1,0.000000000
random_sparse,sparse_scratch,100,50,17,add,102,0.000110950,add,147,1,0.000000000
random_sparse,kaczmarz_warm_start,100,50,17,add,102,0.000041317,add,147,1,0.000000000
random_sparse,cached_dense_qr,100,50,18,add,103,0.000013491,add,156,1,0.000000000
random_sparse,dense_scratch,100,50,18,add,103,0.000119691,add,156,1,0.000000000
random_sparse,sparse_scratch,100,50,18,add,103,0.000107537,add,156,1,0.000000000
random_sparse,kaczmarz_warm_start,100,50,18,add,103,0.000041384,add,156,1,0.000000000
random_sparse,cached_dense_qr,100,50,19,delete,102,0.000113981,delete,67,1,0.000000000
random_sparse,dense_scratch,100,50,19,delete,102,0.000104691,delete,67,1,0.000000000
random_sparse,sparse_scratch,100,50,19,delete,102,0.000123654,delete,67,1,0.000000000
random_sparse,kaczmarz_warm_start,100,50,19,delete,102,0.000041266,delete,67,1,0.000000000
random_sparse,cached_dense_qr,100,50,20,modify,102,0.000105924,modify,81,1,0.000000000
random_sparse,dense_scratch,100,50,20,modify,102,0.000094490,modify,81,1,0.000000000
random_sparse,sparse_scratch,100,50,20,modify,102,0.000122201,modify,81,1,0.000000000
random_sparse,kaczmarz_warm_start,100,50,20,modify,102,0.000041086,modify,81,1,0.000000000
random_sparse,cached_dense_qr,100,50,21,delete,101,0.000118227,delete,11,1,0.000000000
random_sparse,dense_scratch,100,50,21,delete,101,0.000103056,delete,11,1,0.000000000
random_sparse,sparse_scratch,100,50,21,delete,101,0.000117092,delete,11,1,0.000000000
random_sparse,kaczmarz_warm_start,100,50,21,delete,101,0.000040523,delete,11,1,0.000000000
random_sparse,cached_dense_qr,100,50,22,modify,101,0.000118843,modify,15,1,0.000000000
random_sparse,dense_scratch,100,50,22,modify,101,0.000100291,modify,15,1,0.000000000
random_sparse,sparse_scratch,100,50,22,modify,101,0.000128227,modify,15,1,0.000000000
random_sparse,kaczmarz_warm_start,100,50,22,modify,101,0.000040282,modify,15,1,0.000000000
random_sparse,cached_dense_qr,100,50,23,add,102,0.000017649,add,141,1,0.000000000
random_sparse,dense_scratch,100,50,23,add,102,0.000110388,add,141,1,0.000000000
random_sparse,sparse_scratch,100,50,23,add,102,0.000124085,add,141,1,0.000000000
random_sparse,kaczmarz_warm_start,100,50,23,add,102,0.000040697,add,141,1,0.000000000
random_sparse,cached_dense_qr,100,50,24,add,103,0.000009346,add,134,1,0.000000000
random_sparse,dense_scratch,100,50,24,add,103,0.000124646,add,134,1,0.000000000
random_sparse,sparse_scratch,100,50,24,add,103,0.000126569,add,134,1,0.000000000
random_sparse,kaczmarz_warm_start,100,50,24,add,103,0.000041639,add,134,1,0.000000000
random_sparse,cached_dense_qr,100,50,25,modify,103,0.000113412,modify,1,1,0.000000000
random_sparse,dense_scratch,100,50,25,modify,103,0.000107262,modify,1,1,0.000000000
random_sparse,sparse_scratch,100,50,25,modify,103,0.000126922,modify,1,1,0.000000000
random_sparse,kaczmarz_warm_start,100,50,25,modify,103,0.000041496,modify,1,1,0.000000000
random_sparse,cached_dense_qr,100,50,26,modify,103,0.000108796,modify,53,1,0.000000000
random_sparse,dense_scratch,100,50,26,modify,103,0.000103548,modify,53,1,0.000000000
random_sparse,sparse_scratch,100,50,26,modify,103,0.000126039,modify,53,1,0.000000000
random_sparse,kaczmarz_warm_start,100,50,26,modify,103,0.000041151,modify,53,1,0.000000000
random_sparse,cached_dense_qr,100,50,27,add,104,0.000013795,add,130,1,0.000000000
random_sparse,dense_scratch,100,50,27,add,104,0.000101373,add,130,1,0.000000000
random_sparse,sparse_scratch,100,50,27,add,104,0.000127719,add,130,1,0.000000000
random_sparse,kaczmarz_warm_start,100,50,27,add,104,0.000041929,add,130,1,0.000000000
random_sparse,cached_dense_qr,100,50,28,add,105,0.000009264,add,146,1,0.000000000
random_sparse,dense_scratch,100,50,28,add,105,0.000119909,add,146,1,0.000000000
random_sparse,sparse_scratch,100,50,28,add,105,0.000139065,add,146,1,0.000000000
random_sparse,kaczmarz_warm_start,100,50,28,add,105,0.000042318,add,146,1,0.000000000
random_sparse,cached_dense_qr,100,50,29,modify,105,0.000118379,modify,10,1,0.000000000
random_sparse,dense_scratch,100,50,29,modify,105,0.000110850,modify,10,1,0.000000000
random_sparse,sparse_scratch,100,50,29,modify,105,0.000134463,modify,10,1,0.000000000
random_sparse,kaczmarz_warm_start,100,50,29,modify,105,0.000042275,modify,10,1,0.000000000
random_sparse,cached_dense_qr,100,50,30,modify,105,0.000112134,modify,85,1,0.000000000
random_sparse,dense_scratch,100,50,30,modify,105,0.000107921,modify,85,1,0.000000000
random_sparse,sparse_scratch,100,50,30,modify,105,0.000138368,modify,85,1,0.000000000
random_sparse,kaczmarz_warm_start,100,50,30,modify,105,0.000041989,modify,85,1,0.000000000
random_sparse,cached_dense_qr,100,50,31,delete,104,0.000103098,delete,15,1,0.000000000
random_sparse,dense_scratch,100,50,31,delete,104,0.000091048,delete,15,1,0.000000000
random_sparse,sparse_scratch,100,50,31,delete,104,0.000124745,delete,15,1,0.000000000
random_sparse,kaczmarz_warm_start,100,50,31,delete,104,0.000041626,delete,15,1,0.000000000
random_sparse,cached_dense_qr,100,50,32,modify,104,0.000092528,modify,26,1,0.000000000
random_sparse,dense_scratch,100,50,32,modify,104,0.000086358,modify,26,1,0.000000000
random_sparse,sparse_scratch,100,50,32,modify,104,0.000132108,modify,26,1,0.000000000
random_sparse,kaczmarz_warm_start,100,50,32,modify,104,0.000041922,modify,26,1,0.000000000
random_sparse,cached_dense_qr,100,50,33,modify,104,0.000094217,modify,9,1,0.000000000
random_sparse,dense_scratch,100,50,33,modify,104,0.000088625,modify,9,1,0.000000000
random_sparse,sparse_scratch,100,50,33,modify,104,0.000134319,modify,9,1,0.000000000
random_sparse,kaczmarz_warm_start,100,50,33,modify,104,0.000041755,modify,9,1,0.000000000
random_sparse,cached_dense_qr,100,50,34,add,105,0.000015646,add,135,1,0.000000000
random_sparse,dense_scratch,100,50,34,add,105,0.000116354,add,135,1,0.000000000
random_sparse,sparse_scratch,100,50,34,add,105,0.000131288,add,135,1,0.000000000
random_sparse,kaczmarz_warm_start,100,50,34,add,105,0.000042281,add,135,1,0.000000000
random_sparse,cached_dense_qr,100,50,35,add,106,0.000009124,add,108,1,0.000000000
random_sparse,dense_scratch,100,50,35,add,106,0.000113419,add,108,1,0.000000000
random_sparse,sparse_scratch,100,50,35,add,106,0.000132563,add,108,1,0.000000000
random_sparse,kaczmarz_warm_start,100,50,35,add,106,0.000042748,add,108,1,0.000000000
random_sparse,cached_dense_qr,100,50,36,add,107,0.000008794,add,129,1,0.000000000
random_sparse,dense_scratch,100,50,36,add,107,0.000121371,add,129,1,0.000000000
random_sparse,sparse_scratch,100,50,36,add,107,0.000136345,add,129,1,0.000000000
random_sparse,kaczmarz_warm_start,100,50,36,add,107,0.000043001,add,129,1,0.000000000
random_sparse,cached_dense_qr,100,50,37,modify,107,0.000129244,modify,27,1,0.000000000
random_sparse,dense_scratch,100,50,37,modify,107,0.000109615,modify,27,1,0.000000000
random_sparse,sparse_scratch,100,50,37,modify,107,0.000141503,modify,27,1,0.000000000
random_sparse,kaczmarz_warm_start,100,50,37,modify,107,0.000042887,modify,27,1,0.000000000
random_sparse,cached_dense_qr,100,50,38,add,108,0.000008941,add,148,1,0.000000000
random_sparse,dense_scratch,100,50,38,add,108,0.000108834,add,148,1,0.000000000
random_sparse,sparse_scratch,100,50,38,add,108,0.000131922,add,148,1,0.000000000
random_sparse,kaczmarz_warm_start,100,50,38,add,108,0.000043274,add,148,1,0.000000000
random_sparse,cached_dense_qr,100,50,39,add,109,0.000012363,add,140,1,0.000000000
random_sparse,dense_scratch,100,50,39,add,109,0.000129106,add,140,1,0.000000000
random_sparse,sparse_scratch,100,50,39,add,109,0.000143579,add,140,1,0.000000000
random_sparse,kaczmarz_warm_start,100,50,39,add,109,0.000043494,add,140,1,0.000000000
random_sparse,cached_dense_qr,100,50,40,add,110,0.000009062,add,101,1,0.000000000
random_sparse,dense_scratch,100,50,40,add,110,0.000115979,add,101,1,0.000000000
random_sparse,sparse_scratch,100,50,40,add,110,0.000134082,add,101,1,0.000000000
random_sparse,kaczmarz_warm_start,100,50,40,add,110,0.000044130,add,101,1,0.000000000
random_sparse,cached_dense_qr,100,50,41,add,111,0.000012617,add,116,1,0.000000000
random_sparse,dense_scratch,100,50,41,add,111,0.000123284,add,116,1,0.000000000
random_sparse,sparse_scratch,100,50,41,add,111,0.000133115,add,116,1,0.000000000
random_sparse,kaczmarz_warm_start,100,50,41,add,111,0.000047086,add,116,1,0.000000000
random_sparse,cached_dense_qr,100,50,42,delete,110,0.000114118,delete,108,1,0.000000000
random_sparse,dense_scratch,100,50,42,delete,110,0.000102179,delete,108,1,0.000000000
random_sparse,sparse_scratch,100,50,42,delete,110,0.000127223,delete,108,1,0.000000000
random_sparse,kaczmarz_warm_start,100,50,42,delete,110,0.000044195,delete,108,1,0.000000000
random_sparse,cached_dense_qr,100,50,43,add,111,0.000012973,add,136,1,0.000000000
random_sparse,dense_scratch,100,50,43,add,111,0.000116990,add,136,1,0.000000000
random_sparse,sparse_scratch,100,50,43,add,111,0.000139668,add,136,1,0.000000000
random_sparse,kaczmarz_warm_start,100,50,43,add,111,0.000044654,add,136,1,0.000000000
random_sparse,cached_dense_qr,100,50,44,modify,111,0.000117627,modify,96,1,0.000000000
random_sparse,dense_scratch,100,50,44,modify,111,0.000111340,modify,96,1,0.000000000
random_sparse,sparse_scratch,100,50,44,modify,111,0.000142164,modify,96,1,0.000000000
random_sparse,kaczmarz_warm_start,100,50,44,modify,111,0.000044233,modify,96,1,0.000000000
random_sparse,cached_dense_qr,100,50,45,delete,110,0.000119207,delete,80,1,0.000000000
random_sparse,dense_scratch,100,50,45,delete,110,0.000110080,delete,80,1,0.000000000
random_sparse,sparse_scratch,100,50,45,delete,110,0.000136041,delete,80,1,0.000000000
random_sparse,kaczmarz_warm_start,100,50,45,delete,110,0.000043745,delete,80,1,0.000000000
random_sparse,cached_dense_qr,100,50,46,delete,109,0.000122713,delete,147,1,0.000000000
random_sparse,dense_scratch,100,50,46,delete,109,0.000108258,delete,147,1,0.000000000
random_sparse,sparse_scratch,100,50,46,delete,109,0.000147347,delete,147,1,0.000000000
random_sparse,kaczmarz_warm_start,100,50,46,delete,109,0.000043626,delete,147,1,0.000000000
random_sparse,cached_dense_qr,100,50,47,delete,108,0.000123107,delete,42,1,0.000000000
random_sparse,dense_scratch,100,50,47,delete,108,0.000098314,delete,42,1,0.000000000
random_sparse,sparse_scratch,100,50,47,delete,108,0.000140464,delete,42,1,0.000000000
random_sparse,kaczmarz_warm_start,100,50,47,delete,108,0.000043353,delete,42,1,0.000000000
random_sparse,cached_dense_qr,100,50,48,add,109,0.000009232,add,118,1,0.000000000
random_sparse,dense_scratch,100,50,48,add,109,0.000114094,add,118,1,0.000000000
random_sparse,sparse_scratch,100,50,48,add,109,0.000135926,add,118,1,0.000000000
random_sparse,kaczmarz_warm_start,100,50,48,add,109,0.000043865,add,118,1,0.000000000
random_sparse,cached_dense_qr,100,50,49,add,110,0.000012361,add,124,1,0.000000000
random_sparse,dense_scratch,100,50,49,add,110,0.000121675,add,124,1,0.000000000
random_sparse,sparse_scratch,100,50,49,add,110,0.000145087,add,124,1,0.000000000
random_sparse,kaczmarz_warm_start,100,50,49,add,110,0.000044173,add,124,1,0.000000000
random_sparse,cached_dense_qr,500,250,0,add,501,0.000449641,add,505,1,0.000000000
random_sparse,dense_scratch,500,250,0,add,501,0.004852537,add,505,1,0.000000000
random_sparse,sparse_scratch,500,250,0,add,501,0.003605624,add,505,1,0.000000000
random_sparse,kaczmarz_warm_start,500,250,0,add,501,0.001135067,add,505,1,0.000000000
random_sparse,cached_dense_qr,500,250,1,delete,500,0.004564546,delete,174,1,0.000000000
random_sparse,dense_scratch,500,250,1,delete,500,0.003972474,delete,174,1,0.000000000
random_sparse,sparse_scratch,500,250,1,delete,500,0.004049730,delete,174,1,0.000000000
random_sparse,kaczmarz_warm_start,500,250,1,delete,500,0.001134163,delete,174,1,0.000000000
random_sparse,cached_dense_qr,500,250,2,delete,499,0.004083578,delete,388,1,0.000000000
random_sparse,dense_scratch,500,250,2,delete,499,0.004135364,delete,388,1,0.000000000
random_sparse,sparse_scratch,500,250,2,delete,499,0.003683675,delete,388,1,0.000000000
random_sparse,kaczmarz_warm_start,500,250,2,delete,499,0.001127019,delete,388,1,0.000000000
random_sparse,cached_dense_qr,500,250,3,add,500,0.000222566,add,501,1,0.000000000
random_sparse,dense_scratch,500,250,3,add,500,0.004486644,add,501,1,0.000000000
random_sparse,sparse_scratch,500,250,3,add,500,0.003932302,add,501,1,0.000000000
random_sparse,kaczmarz_warm_start,500,250,3,add,500,0.001138326,add,501,1,0.000000000
random_sparse,cached_dense_qr,500,250,4,delete,499,0.004447872,delete,345,1,0.000000000
random_sparse,dense_scratch,500,250,4,delete,499,0.004051567,delete,345,1,0.000000000
random_sparse,sparse_scratch,500,250,4,delete,499,0.003865701,delete,345,1,0.000000000
random_sparse,kaczmarz_warm_start,500,250,4,delete,499,0.001135860,delete,345,1,0.000000000
random_sparse,cached_dense_qr,500,250,5,delete,498,0.004575504,delete,435,1,0.000000000
random_sparse,dense_scratch,500,250,5,delete,498,0.004042548,delete,435,1,0.000000000
random_sparse,sparse_scratch,500,250,5,delete,498,0.004040325,delete,435,1,0.000000000
random_sparse,kaczmarz_warm_start,500,250,5,delete,498,0.001128312,delete,435,1,0.000000000
random_sparse,cached_dense_qr,500,250,6,delete,497,0.004073022,delete,443,1,0.000000000
random_sparse,dense_scratch,500,250,6,delete,497,0.004049725,delete,443,1,0.000000000
random_sparse,sparse_scratch,500,250,6,delete,497,0.003672374,delete,443,1,0.000000000
random_sparse,kaczmarz_warm_start,500,250,6,delete,497,0.001124674,delete,443,1,0.000000000
random_sparse,cached_dense_qr,500,250,7,add,498,0.000220880,add,525,1,0.000000000
random_sparse,dense_scratch,500,250,7,add,498,0.004414977,add,525,1,0.000000000
random_sparse,sparse_scratch,500,250,7,add,498,0.003988768,add,525,1,0.000000000
random_sparse,kaczmarz_warm_start,500,250,7,add,498,0.001125984,add,525,1,0.000000000
random_sparse,cached_dense_qr,500,250,8,modify,498,0.004420988,modify,197,1,0.000000000
random_sparse,dense_scratch,500,250,8,modify,498,0.004013750,modify,197,1,0.000000000
random_sparse,sparse_scratch,500,250,8,modify,498,0.003949923,modify,197,1,0.000000000
random_sparse,kaczmarz_warm_start,500,250,8,modify,498,0.001134033,modify,197,1,0.000000000
random_sparse,cached_dense_qr,500,250,9,add,499,0.000368028,add,548,1,0.000000000
random_sparse,dense_scratch,500,250,9,add,499,0.004507317,add,548,1,0.000000000
random_sparse,sparse_scratch,500,250,9,add,499,0.003867694,add,548,1,0.000000000
random_sparse,kaczmarz_warm_start,500,250,9,add,499,0.001132411,add,548,1,0.000000000
random_sparse,cached_dense_qr,500,250,10,delete,498,0.004006419,delete,267,1,0.000000000
random_sparse,dense_scratch,500,250,10,delete,498,0.003993042,delete,267,1,0.000000000
random_sparse,sparse_scratch,500,250,10,delete,498,0.003531867,delete,267,1,0.000000000
random_sparse,kaczmarz_warm_start,500,250,10,delete,498,0.001128874,delete,267,1,0.000000000
random_sparse,cached_dense_qr,500,250,11,delete,497,0.004606265,delete,327,1,0.000000000
random_sparse,dense_scratch,500,250,11,delete,497,0.004034248,delete,327,1,0.000000000
random_sparse,sparse_scratch,500,250,11,delete,497,0.003501548,delete,327,1,0.000000000
random_sparse,kaczmarz_warm_start,500,250,11,delete,497,0.001126620,delete,327,1,0.000000000
random_sparse,cached_dense_qr,500,250,12,add,498,0.000230516,add,535,1,0.000000000
random_sparse,dense_scratch,500,250,12,add,498,0.003998989,add,535,1,0.000000000
random_sparse,sparse_scratch,500,250,12,add,498,0.003541256,add,535,1,0.000000000
random_sparse,kaczmarz_warm_start,500,250,12,add,498,0.001129953,add,535,1,0.000000000
random_sparse,cached_dense_qr,500,250,13,add,499,0.000365669,add,267,1,0.000000000
random_sparse,dense_scratch,500,250,13,add,499,0.004454515,add,267,1,0.000000000
random_sparse,sparse_scratch,500,250,13,add,499,0.003866098,add,267,1,0.000000000
random_sparse,kaczmarz_warm_start,500,250,13,add,499,0.001140454,add,267,1,0.000000000
random_sparse,cached_dense_qr,500,250,14,add,500,0.000221772,add,543,1,0.000000000
random_sparse,dense_scratch,500,250,14,add,500,0.003989202,add,543,1,0.000000000
random_sparse,sparse_scratch,500,250,14,add,500,0.003538902,add,543,1,0.000000000
random_sparse,kaczmarz_warm_start,500,250,14,add,500,0.001135948,add,543,1,0.000000000
random_sparse,cached_dense_qr,500,250,15,modify,500,0.004550163,modify,417,1,0.000000000
random_sparse,dense_scratch,500,250,15,modify,500,0.003968329,modify,417,1,0.000000000
random_sparse,sparse_scratch,500,250,15,modify,500,0.003563253,modify,417,1,0.000000000
random_sparse,kaczmarz_warm_start,500,250,15,modify,500,0.001134002,modify,417,1,0.000000000
random_sparse,cached_dense_qr,500,250,16,modify,500,0.003979227,modify,103,1,0.000000000
random_sparse,dense_scratch,500,250,16,modify,500,0.003969027,modify,103,1,0.000000000
random_sparse,sparse_scratch,500,250,16,modify,500,0.003612337,modify,103,1,0.000000000
random_sparse,kaczmarz_warm_start,500,250,16,modify,500,0.001134706,modify,103,1,0.000000000
random_sparse,cached_dense_qr,500,250,17,modify,500,0.004538217,modify,458,1,0.000000000
random_sparse,dense_scratch,500,250,17,modify,500,0.003968071,modify,458,1,0.000000000
random_sparse,sparse_scratch,500,250,17,modify,500,0.003644504,modify,458,1,0.000000000
random_sparse,kaczmarz_warm_start,500,250,17,modify,500,0.001130590,modify,458,1,0.000000000
random_sparse,cached_dense_qr,500,250,18,delete,499,0.004050282,delete,408,1,0.000000000
random_sparse,dense_scratch,500,250,18,delete,499,0.004029898,delete,408,1,0.000000000
random_sparse,sparse_scratch,500,250,18,delete,499,0.003815634,delete,408,1,0.000000000
random_sparse,kaczmarz_warm_start,500,250,18,delete,499,0.001144415,delete,408,1,0.000000000
random_sparse,cached_dense_qr,500,250,19,add,500,0.000223145,add,549,1,0.000000000
random_sparse,dense_scratch,500,250,19,add,500,0.004459622,add,549,1,0.000000000
random_sparse,sparse_scratch,500,250,19,add,500,0.004005769,add,549,1,0.000000000
random_sparse,kaczmarz_warm_start,500,250,19,add,500,0.001193411,add,549,1,0.000000000
random_sparse,cached_dense_qr,500,250,20,modify,500,0.004188940,modify,61,1,0.000000000
random_sparse,dense_scratch,500,250,20,modify,500,0.004034686,modify,61,1,0.000000000
random_sparse,sparse_scratch,500,250,20,modify,500,0.004054650,modify,61,1,0.000000000
random_sparse,kaczmarz_warm_start,500,250,20,modify,500,0.001150447,modify,61,1,0.000000000
random_sparse,cached_dense_qr,500,250,21,add,501,0.000368351,add,508,1,0.000000000
random_sparse,dense_scratch,500,250,21,add,501,0.004731422,add,508,1,0.000000000
random_sparse,sparse_scratch,500,250,21,add,501,0.003960489,add,508,1,0.000000000
random_sparse,kaczmarz_warm_start,500,250,21,add,501,0.001147405,add,508,1,0.000000000
random_sparse,cached_dense_qr,500,250,22,add,502,0.000223011,add,521,1,0.000000000
random_sparse,dense_scratch,500,250,22,add,502,0.004137604,add,521,1,0.000000000
random_sparse,sparse_scratch,500,250,22,add,502,0.003930567,add,521,1,0.000000000
random_sparse,kaczmarz_warm_start,500,250,22,add,502,0.001137120,add,521,1,0.000000000
random_sparse,cached_dense_qr,500,250,23,add,503,0.000368910,add,545,1,0.000000000
random_sparse,dense_scratch,500,250,23,add,503,0.004508507,add,545,1,0.000000000
random_sparse,sparse_scratch,500,250,23,add,503,0.004010805,add,545,1,0.000000000
random_sparse,kaczmarz_warm_start,500,250,23,add,503,0.001139271,add,545,1,0.000000000
random_sparse,cached_dense_qr,500,250,24,add,504,0.000222265,add,388,1,0.000000000
random_sparse,dense_scratch,500,250,24,add,504,0.003808343,add,388,1,0.000000000
random_sparse,sparse_scratch,500,250,24,add,504,0.003885457,add,388,1,0.000000000
random_sparse,kaczmarz_warm_start,500,250,24,add,504,0.001166604,add,388,1,0.000000000
random_sparse,cached_dense_qr,500,250,25,add,505,0.000367480,add,557,1,0.000000000
random_sparse,dense_scratch,500,250,25,add,505,0.004606149,add,557,1,0.000000000
random_sparse,sparse_scratch,500,250,25,add,505,0.004031163,add,557,1,0.000000000
random_sparse,kaczmarz_warm_start,500,250,25,add,505,0.001165589,add,557,1,0.000000000
random_sparse,cached_dense_qr,500,250,26,add,506,0.000216873,add,537,1,0.000000000
random_sparse,dense_scratch,500,250,26,add,506,0.004663366,add,537,1,0.000000000
random_sparse,sparse_scratch,500,250,26,add,506,0.004056051,add,537,1,0.000000000
random_sparse,kaczmarz_warm_start,500,250,26,add,506,0.001152686,add,537,1,0.000000000
random_sparse,cached_dense_qr,500,250,27,add,507,0.000227938,add,520,1,0.000000000
random_sparse,dense_scratch,500,250,27,add,507,0.004214089,add,520,1,0.000000000
random_sparse,sparse_scratch,500,250,27,add,507,0.004034158,add,520,1,0.000000000
random_sparse,kaczmarz_warm_start,500,250,27,add,507,0.001149511,add,520,1,0.000000000
random_sparse,cached_dense_qr,500,250,28,add,508,0.000216866,add,514,1,0.000000000
random_sparse,dense_scratch,500,250,28,add,508,0.004756678,add,514,1,0.000000000
random_sparse,sparse_scratch,500,250,28,add,508,0.004041625,add,514,1,0.000000000
random_sparse,kaczmarz_warm_start,500,250,28,add,508,0.001160147,add,514,1,0.000000000
random_sparse,cached_dense_qr,500,250,29,delete,507,0.004232855,delete,404,1,0.000000000
random_sparse,dense_scratch,500,250,29,delete,507,0.004206036,delete,404,1,0.000000000
random_sparse,sparse_scratch,500,250,29,delete,507,0.004021456,delete,404,1,0.000000000
random_sparse,kaczmarz_warm_start,500,250,29,delete,507,0.001155393,delete,404,1,0.000000000
random_sparse,cached_dense_qr,500,250,30,add,508,0.000228887,add,512,1,0.000000000
random_sparse,dense_scratch,500,250,30,add,508,0.004121233,add,512,1,0.000000000
random_sparse,sparse_scratch,500,250,30,add,508,0.003665400,add,512,1,0.000000000
random_sparse,kaczmarz_warm_start,500,250,30,add,508,0.001158957,add,512,1,0.000000000
random_sparse,cached_dense_qr,500,250,31,delete,507,0.004796617,delete,152,1,0.000000000
random_sparse,dense_scratch,500,250,31,delete,507,0.004213635,delete,152,1,0.000000000
random_sparse,sparse_scratch,500,250,31,delete,507,0.003640947,delete,152,1,0.000000000
random_sparse,kaczmarz_warm_start,500,250,31,delete,507,0.001159787,delete,152,1,0.000000000
random_sparse,cached_dense_qr,500,250,32,modify,507,0.004214952,modify,329,1,0.000000000
random_sparse,dense_scratch,500,250,32,modify,507,0.004221181,modify,329,1,0.000000000
random_sparse,sparse_scratch,500,250,32,modify,507,0.003868423,modify,329,1,0.000000000
random_sparse,kaczmarz_warm_start,500,250,32,modify,507,0.001151908,modify,329,1,0.000000000
random_sparse,cached_dense_qr,500,250,33,add,508,0.000221873,add,536,1,0.000000000
random_sparse,dense_scratch,500,250,33,add,508,0.004280707,add,536,1,0.000000000
random_sparse,sparse_scratch,500,250,33,add,508,0.003714261,add,536,1,0.000000000
random_sparse,kaczmarz_warm_start,500,250,33,add,508,0.001155777,add,536,1,0.000000000
random_sparse,cached_dense_qr,500,250,34,modify,508,0.004700941,modify,41,1,0.000000000
random_sparse,dense_scratch,500,250,34,modify,508,0.004217817,modify,41,1,0.000000000
random_sparse,sparse_scratch,500,250,34,modify,508,0.003757681,modify,41,1,0.000000000
random_sparse,kaczmarz_warm_start,500,250,34,modify,508,0.001163591,modify,41,1,0.000000000
random_sparse,cached_dense_qr,500,250,35,modify,508,0.004236719,modify,336,1,0.000000000
random_sparse,dense_scratch,500,250,35,modify,508,0.004185972,modify,336,1,0.000000000
random_sparse,sparse_scratch,500,250,35,modify,508,0.003976538,modify,336,1,0.000000000
random_sparse,kaczmarz_warm_start,500,250,35,modify,508,0.001183226,modify,336,1,0.000000000
random_sparse,cached_dense_qr,500,250,36,add,509,0.000224574,add,500,1,0.000000000
random_sparse,dense_scratch,500,250,36,add,509,0.004438715,add,500,1,0.000000000
random_sparse,sparse_scratch,500,250,36,add,509,0.003759986,add,500,1,0.000000000
random_sparse,kaczmarz_warm_start,500,250,36,add,509,0.001166735,add,500,1,0.000000000
random_sparse,cached_dense_qr,500,250,37,add,510,0.000373382,add,502,1,0.000000000
random_sparse,dense_scratch,500,250,37,add,510,0.004969506,add,502,1,0.000000000
random_sparse,sparse_scratch,500,250,37,add,510,0.004239684,add,502,1,0.000000000
random_sparse,kaczmarz_warm_start,500,250,37,add,510,0.001164029,add,502,1,0.000000000
random_sparse,cached_dense_qr,500,250,38,add,511,0.000215358,add,542,1,0.000000000
random_sparse,dense_scratch,500,250,38,add,511,0.004679085,add,542,1,0.000000000
random_sparse,sparse_scratch,500,250,38,add,511,0.004237029,add,542,1,0.000000000
random_sparse,kaczmarz_warm_start,500,250,38,add,511,0.001165866,add,542,1,0.000000000
random_sparse,cached_dense_qr,500,250,39,modify,511,0.004546121,modify,373,1,0.000000000
random_sparse,dense_scratch,500,250,39,modify,511,0.004994677,modify,373,1,0.000000000
random_sparse,sparse_scratch,500,250,39,modify,511,0.003945223,modify,373,1,0.000000000
random_sparse,kaczmarz_warm_start,500,250,39,modify,511,0.001170548,modify,373,1,0.000000000
random_sparse,cached_dense_qr,500,250,40,add,512,0.000366943,add,511,1,0.000000000
random_sparse,dense_scratch,500,250,40,add,512,0.005632251,add,511,1,0.000000000
random_sparse,sparse_scratch,500,250,40,add,512,0.004319985,add,511,1,0.000000000
random_sparse,kaczmarz_warm_start,500,250,40,add,512,0.001170474,add,511,1,0.000000000
random_sparse,cached_dense_qr,500,250,41,add,513,0.000222723,add,524,1,0.000000000
random_sparse,dense_scratch,500,250,41,add,513,0.004396050,add,524,1,0.000000000
random_sparse,sparse_scratch,500,250,41,add,513,0.003887083,add,524,1,0.000000000
random_sparse,kaczmarz_warm_start,500,250,41,add,513,0.001174299,add,524,1,0.000000000
random_sparse,cached_dense_qr,500,250,42,delete,512,0.005490704,delete,107,1,0.000000000
random_sparse,dense_scratch,500,250,42,delete,512,0.004650547,delete,107,1,0.000000000
random_sparse,sparse_scratch,500,250,42,delete,512,0.003979186,delete,107,1,0.000000000
random_sparse,kaczmarz_warm_start,500,250,42,delete,512,0.001174559,delete,107,1,0.000000000
random_sparse,cached_dense_qr,500,250,43,modify,512,0.004654201,modify,227,1,0.000000000
random_sparse,dense_scratch,500,250,43,modify,512,0.004642539,modify,227,1,0.000000000
random_sparse,sparse_scratch,500,250,43,modify,512,0.004143931,modify,227,1,0.000000000
random_sparse,kaczmarz_warm_start,500,250,43,modify,512,0.001168540,modify,227,1,0.000000000
random_sparse,cached_dense_qr,500,250,44,add,513,0.000223391,add,555,1,0.000000000
random_sparse,dense_scratch,500,250,44,add,513,0.004528211,add,555,1,0.000000000
random_sparse,sparse_scratch,500,250,44,add,513,0.004016564,add,555,1,0.000000000
random_sparse,kaczmarz_warm_start,500,250,44,add,513,0.001175415,add,555,1,0.000000000
random_sparse,cached_dense_qr,500,250,45,modify,513,0.005287564,modify,288,1,0.000000000
random_sparse,dense_scratch,500,250,45,modify,513,0.004683038,modify,288,1,0.000000000
random_sparse,sparse_scratch,500,250,45,modify,513,0.004027143,modify,288,1,0.000000000
random_sparse,kaczmarz_warm_start,500,250,45,modify,513,0.001172890,modify,288,1,0.000000000
random_sparse,cached_dense_qr,500,250,46,modify,513,0.004396935,modify,236,1,0.000000000
random_sparse,dense_scratch,500,250,46,modify,513,0.004351172,modify,236,1,0.000000000
random_sparse,sparse_scratch,500,250,46,modify,513,0.004146735,modify,236,1,0.000000000
random_sparse,kaczmarz_warm_start,500,250,46,modify,513,0.001180016,modify,236,1,0.000000000
random_sparse,cached_dense_qr,500,250,47,delete,512,0.004830306,delete,310,1,0.000000000
random_sparse,dense_scratch,500,250,47,delete,512,0.004623978,delete,310,1,0.000000000
random_sparse,sparse_scratch,500,250,47,delete,512,0.003942252,delete,310,1,0.000000000
random_sparse,kaczmarz_warm_start,500,250,47,delete,512,0.001170141,delete,310,1,0.000000000
random_sparse,cached_dense_qr,500,250,48,add,513,0.000226235,add,516,1,0.000000000
random_sparse,dense_scratch,500,250,48,add,513,0.004604236,add,516,1,0.000000000
random_sparse,sparse_scratch,500,250,48,add,513,0.004324223,add,516,1,0.000000000
random_sparse,kaczmarz_warm_start,500,250,48,add,513,0.001171176,add,516,1,0.000000000
random_sparse,cached_dense_qr,500,250,49,add,514,0.000222533,add,546,1,0.000000000
random_sparse,dense_scratch,500,250,49,add,514,0.004309186,add,546,1,0.000000000
random_sparse,sparse_scratch,500,250,49,add,514,0.004351773,add,546,1,0.000000000
random_sparse,kaczmarz_warm_start,500,250,49,add,514,0.001171334,add,546,1,0.000000000
random_sparse,cached_dense_qr,1000,500,0,modify,1000,0.021491900,modify,549,1,0.000000000
random_sparse,dense_scratch,1000,500,0,modify,1000,0.016500888,modify,549,1,0.000000000
random_sparse,sparse_scratch,1000,500,0,modify,1000,0.015278133,modify,549,1,0.000000000
random_sparse,kaczmarz_warm_start,1000,500,0,modify,1000,0.005173307,modify,549,1,0.000000000
random_sparse,cached_dense_qr,1000,500,1,add,1001,0.000860528,add,1027,1,0.000000000
random_sparse,dense_scratch,1000,500,1,add,1001,0.015738556,add,1027,1,0.000000000
random_sparse,sparse_scratch,1000,500,1,add,1001,0.014759983,add,1027,1,0.000000000
random_sparse,kaczmarz_warm_start,1000,500,1,add,1001,0.004102655,add,1027,1,0.000000000
random_sparse,cached_dense_qr,1000,500,2,modify,1001,0.014448518,modify,625,1,0.000000000
random_sparse,dense_scratch,1000,500,2,modify,1001,0.014600152,modify,625,1,0.000000000
random_sparse,sparse_scratch,1000,500,2,modify,1001,0.014293689,modify,625,1,0.000000000
random_sparse,kaczmarz_warm_start,1000,500,2,modify,1001,0.003420776,modify,625,1,0.000000000
random_sparse,cached_dense_qr,1000,500,3,delete,1000,0.013052322,delete,434,1,0.000000000
random_sparse,dense_scratch,1000,500,3,delete,1000,0.013026368,delete,434,1,0.000000000
random_sparse,sparse_scratch,1000,500,3,delete,1000,0.014059128,delete,434,1,0.000000000
random_sparse,kaczmarz_warm_start,1000,500,3,delete,1000,0.003362042,delete,434,1,0.000000000
random_sparse,cached_dense_qr,1000,500,4,modify,1000,0.014100559,modify,743,1,0.000000000
random_sparse,dense_scratch,1000,500,4,modify,1000,0.013627561,modify,743,1,0.000000000
random_sparse,sparse_scratch,1000,500,4,modify,1000,0.014289084,modify,743,1,0.000000000
random_sparse,kaczmarz_warm_start,1000,500,4,modify,1000,0.003360086,modify,743,1,0.000000000
random_sparse,cached_dense_qr,1000,500,5,modify,1000,0.013686810,modify,963,1,0.000000000
random_sparse,dense_scratch,1000,500,5,modify,1000,0.013719481,modify,963,1,0.000000000
random_sparse,sparse_scratch,1000,500,5,modify,1000,0.014051586,modify,963,1,0.000000000
random_sparse,kaczmarz_warm_start,1000,500,5,modify,1000,0.003359997,modify,963,1,0.000000000
random_sparse,cached_dense_qr,1000,500,6,add,1001,0.000665340,add,1014,1,0.000000000
random_sparse,dense_scratch,1000,500,6,add,1001,0.014541807,add,1014,1,0.000000000
random_sparse,sparse_scratch,1000,500,6,add,1001,0.014073647,add,1014,1,0.000000000
random_sparse,kaczmarz_warm_start,1000,500,6,add,1001,0.003358927,add,1014,1,0.000000000
random_sparse,cached_dense_qr,1000,500,7,delete,1000,0.014070121,delete,614,1,0.000000000
random_sparse,dense_scratch,1000,500,7,delete,1000,0.013664821,delete,614,1,0.000000000
random_sparse,sparse_scratch,1000,500,7,delete,1000,0.014108023,delete,614,1,0.000000000
random_sparse,kaczmarz_warm_start,1000,500,7,delete,1000,0.003373472,delete,614,1,0.000000000
random_sparse,cached_dense_qr,1000,500,8,modify,1000,0.013649497,modify,495,1,0.000000000
random_sparse,dense_scratch,1000,500,8,modify,1000,0.013655455,modify,495,1,0.000000000
random_sparse,sparse_scratch,1000,500,8,modify,1000,0.013989451,modify,495,1,0.000000000
random_sparse,kaczmarz_warm_start,1000,500,8,modify,1000,0.003358274,modify,495,1,0.000000000
random_sparse,cached_dense_qr,1000,500,9,add,1001,0.000664978,add,1021,1,0.000000000
random_sparse,dense_scratch,1000,500,9,add,1001,0.014514702,add,1021,1,0.000000000
random_sparse,sparse_scratch,1000,500,9,add,1001,0.014042476,add,1021,1,0.000000000
random_sparse,kaczmarz_warm_start,1000,500,9,add,1001,0.003368497,add,1021,1,0.000000000
random_sparse,cached_dense_qr,1000,500,10,add,1002,0.000688444,add,1020,1,0.000000000
random_sparse,dense_scratch,1000,500,10,add,1002,0.014437398,add,1020,1,0.000000000
random_sparse,sparse_scratch,1000,500,10,add,1002,0.013968444,add,1020,1,0.000000000
random_sparse,kaczmarz_warm_start,1000,500,10,add,1002,0.003364819,add,1020,1,0.000000000
random_sparse,cached_dense_qr,1000,500,11,delete,1001,0.014511446,delete,975,1,0.000000000
random_sparse,dense_scratch,1000,500,11,delete,1001,0.014020978,delete,975,1,0.000000000
random_sparse,sparse_scratch,1000,500,11,delete,1001,0.013318022,delete,975,1,0.000000000
random_sparse,kaczmarz_warm_start,1000,500,11,delete,1001,0.003359903,delete,975,1,0.000000000
random_sparse,cached_dense_qr,1000,500,12,modify,1001,0.014471643,modify,650,1,0.000000000
random_sparse,dense_scratch,1000,500,12,modify,1001,0.014013478,modify,650,1,0.000000000
random_sparse,sparse_scratch,1000,500,12,modify,1001,0.013373905,modify,650,1,0.000000000
random_sparse,kaczmarz_warm_start,1000,500,12,modify,1001,0.003354784,modify,650,1,0.000000000
random_sparse,cached_dense_qr,1000,500,13,delete,1000,0.013056312,delete,939,1,0.000000000
random_sparse,dense_scratch,1000,500,13,delete,1000,0.013033681,delete,939,1,0.000000000
random_sparse,sparse_scratch,1000,500,13,delete,1000,0.013567043,delete,939,1,0.000000000
random_sparse,kaczmarz_warm_start,1000,500,13,delete,1000,0.003353159,delete,939,1,0.000000000
random_sparse,cached_dense_qr,1000,500,14,modify,1000,0.013480580,modify,310,1,0.000000000
random_sparse,dense_scratch,1000,500,14,modify,1000,0.013018070,modify,310,1,0.000000000
random_sparse,sparse_scratch,1000,500,14,modify,1000,0.012944021,modify,310,1,0.000000000
random_sparse,kaczmarz_warm_start,1000,500,14,modify,1000,0.003377282,modify,310,1,0.000000000
random_sparse,cached_dense_qr,1000,500,15,add,1001,0.000663329,add,1056,1,0.000000000
random_sparse,dense_scratch,1000,500,15,add,1001,0.013980135,add,1056,1,0.000000000
random_sparse,sparse_scratch,1000,500,15,add,1001,0.014032842,add,1056,1,0.000000000
random_sparse,kaczmarz_warm_start,1000,500,15,add,1001,0.003343785,add,1056,1,0.000000000
random_sparse,cached_dense_qr,1000,500,16,delete,1000,0.013484409,delete,940,1,0.000000000
random_sparse,dense_scratch,1000,500,16,delete,1000,0.013071419,delete,940,1,0.000000000
random_sparse,sparse_scratch,1000,500,16,delete,1000,0.014098165,delete,940,1,0.000000000
random_sparse,kaczmarz_warm_start,1000,500,16,delete,1000,0.003357500,delete,940,1,0.000000000
random_sparse,cached_dense_qr,1000,500,17,modify,1000,0.013057210,modify,631,1,0.000000000
random_sparse,dense_scratch,1000,500,17,modify,1000,0.013021677,modify,631,1,0.000000000
random_sparse,sparse_scratch,1000,500,17,modify,1000,0.012797604,modify,631,1,0.000000000
random_sparse,kaczmarz_warm_start,1000,500,17,modify,1000,0.003362860,modify,631,1,0.000000000
random_sparse,cached_dense_qr,1000,500,18,delete,999,0.014448179,delete,66,1,0.000000000
random_sparse,dense_scratch,1000,500,18,delete,999,0.013974800,delete,66,1,0.000000000
random_sparse,sparse_scratch,1000,500,18,delete,999,0.013825487,delete,66,1,0.000000000
random_sparse,kaczmarz_warm_start,1000,500,18,delete,999,0.003352754,delete,66,1,0.000000000
random_sparse,cached_dense_qr,1000,500,19,add,1000,0.000664388,add,1052,1,0.000000000
random_sparse,dense_scratch,1000,500,19,add,1000,0.013027737,add,1052,1,0.000000000
random_sparse,sparse_scratch,1000,500,19,add,1000,0.013318192,add,1052,1,0.000000000
random_sparse,kaczmarz_warm_start,1000,500,19,add,1000,0.003348574,add,1052,1,0.000000000
random_sparse,cached_dense_qr,1000,500,20,delete,999,0.014004529,delete,114,1,0.000000000
random_sparse,dense_scratch,1000,500,20,delete,999,0.014030708,delete,114,1,0.000000000
random_sparse,sparse_scratch,1000,500,20,delete,999,0.013113968,delete,114,1,0.000000000
random_sparse,kaczmarz_warm_start,1000,500,20,delete,999,0.003366410,delete,114,1,0.000000000
random_sparse,cached_dense_qr,1000,500,21,delete,998,0.013800923,delete,11,1,0.000000000
random_sparse,dense_scratch,1000,500,21,delete,998,0.013894223,delete,11,1,0.000000000
random_sparse,sparse_scratch,1000,500,21,delete,998,0.013870473,delete,11,1,0.000000000
random_sparse,kaczmarz_warm_start,1000,500,21,delete,998,0.003342270,delete,11,1,0.000000000
random_sparse,cached_dense_qr,1000,500,22,add,999,0.000684040,add,1009,1,0.000000000
random_sparse,dense_scratch,1000,500,22,add,999,0.014858120,add,1009,1,0.000000000
random_sparse,sparse_scratch,1000,500,22,add,999,0.013710935,add,1009,1,0.000000000
random_sparse,kaczmarz_warm_start,1000,500,22,add,999,0.003379202,add,1009,1,0.000000000
random_sparse,cached_dense_qr,1000,500,23,add,1000,0.000713362,add,1035,1,0.000000000
random_sparse,dense_scratch,1000,500,23,add,1000,0.013250817,add,1035,1,0.000000000
random_sparse,sparse_scratch,1000,500,23,add,1000,0.013343752,add,1035,1,0.000000000
random_sparse,kaczmarz_warm_start,1000,500,23,add,1000,0.003362346,add,1035,1,0.000000000
random_sparse,cached_dense_qr,1000,500,24,modify,1000,0.013507131,modify,651,1,0.000000000
random_sparse,dense_scratch,1000,500,24,modify,1000,0.013095183,modify,651,1,0.000000000
random_sparse,sparse_scratch,1000,500,24,modify,1000,0.013278983,modify,651,1,0.000000000
random_sparse,kaczmarz_warm_start,1000,500,24,modify,1000,0.003355126,modify,651,1,0.000000000
random_sparse,cached_dense_qr,1000,500,25,delete,999,0.014021302,delete,598,1,0.000000000
random_sparse,dense_scratch,1000,500,25,delete,999,0.014067416,delete,598,1,0.000000000
random_sparse,sparse_scratch,1000,500,25,delete,999,0.013853653,delete,598,1,0.000000000
random_sparse,kaczmarz_warm_start,1000,500,25,delete,999,0.003365615,delete,598,1,0.000000000
random_sparse,cached_dense_qr,1000,500,26,add,1000,0.000661717,add,1030,1,0.000000000
random_sparse,dense_scratch,1000,500,26,add,1000,0.013627183,add,1030,1,0.000000000
random_sparse,sparse_scratch,1000,500,26,add,1000,0.013906819,add,1030,1,0.000000000
random_sparse,kaczmarz_warm_start,1000,500,26,add,1000,0.003358428,add,1030,1,0.000000000
random_sparse,cached_dense_qr,1000,500,27,modify,1000,0.013030821,modify,831,1,0.000000000
random_sparse,dense_scratch,1000,500,27,modify,1000,0.013118333,modify,831,1,0.000000000
random_sparse,sparse_scratch,1000,500,27,modify,1000,0.013403589,modify,831,1,0.000000000
random_sparse,kaczmarz_warm_start,1000,500,27,modify,1000,0.003352457,modify,831,1,0.000000000
random_sparse,cached_dense_qr,1000,500,28,delete,999,0.014442670,delete,881,1,0.000000000
random_sparse,dense_scratch,1000,500,28,delete,999,0.013955938,delete,881,1,0.000000000
random_sparse,sparse_scratch,1000,500,28,delete,999,0.014045933,delete,881,1,0.000000000
random_sparse,kaczmarz_warm_start,1000,500,28,delete,999,0.003351969,delete,881,1,0.000000000
random_sparse,cached_dense_qr,1000,500,29,modify,999,0.013996767,modify,991,1,0.000000000
random_sparse,dense_scratch,1000,500,29,modify,999,0.013990325,modify,991,1,0.000000000
random_sparse,sparse_scratch,1000,500,29,modify,999,0.013447126,modify,991,1,0.000000000
random_sparse,kaczmarz_warm_start,1000,500,29,modify,999,0.003362257,modify,991,1,0.000000000
random_sparse,cached_dense_qr,1000,500,30,add,1000,0.000660545,add,1006,1,0.000000000
random_sparse,dense_scratch,1000,500,30,add,1000,0.014266776,add,1006,1,0.000000000
random_sparse,sparse_scratch,1000,500,30,add,1000,0.014070731,add,1006,1,0.000000000
random_sparse,kaczmarz_warm_start,1000,500,30,add,1000,0.003344715,add,1006,1,0.000000000
random_sparse,cached_dense_qr,1000,500,31,delete,999,0.013998900,delete,336,1,0.000000000
random_sparse,dense_scratch,1000,500,31,delete,999,0.014023209,delete,336,1,0.000000000
random_sparse,sparse_scratch,1000,500,31,delete,999,0.013899438,delete,336,1,0.000000000
random_sparse,kaczmarz_warm_start,1000,500,31,delete,999,0.003355448,delete,336,1,0.000000000
random_sparse,cached_dense_qr,1000,500,32,modify,999,0.013992096,modify,955,1,0.000000000
random_sparse,dense_scratch,1000,500,32,modify,999,0.013980795,modify,955,1,0.000000000
random_sparse,sparse_scratch,1000,500,32,modify,999,0.013943040,modify,955,1,0.000000000
random_sparse,kaczmarz_warm_start,1000,500,32,modify,999,0.003336920,modify,955,1,0.000000000
random_sparse,cached_dense_qr,1000,500,33,modify,999,0.013981741,modify,131,1,0.000000000
random_sparse,dense_scratch,1000,500,33,modify,999,0.013961238,modify,131,1,0.000000000
random_sparse,sparse_scratch,1000,500,33,modify,999,0.013988985,modify,131,1,0.000000000
random_sparse,kaczmarz_warm_start,1000,500,33,modify,999,0.003351298,modify,131,1,0.000000000
random_sparse,cached_dense_qr,1000,500,34,modify,999,0.014025145,modify,458,1,0.000000000
random_sparse,dense_scratch,1000,500,34,modify,999,0.013950051,modify,458,1,0.000000000
random_sparse,sparse_scratch,1000,500,34,modify,999,0.014012566,modify,458,1,0.000000000
random_sparse,kaczmarz_warm_start,1000,500,34,modify,999,0.003356810,modify,458,1,0.000000000
random_sparse,cached_dense_qr,1000,500,35,modify,999,0.013983258,modify,570,1,0.000000000
random_sparse,dense_scratch,1000,500,35,modify,999,0.013951171,modify,570,1,0.000000000
random_sparse,sparse_scratch,1000,500,35,modify,999,0.013935316,modify,570,1,0.000000000
random_sparse,kaczmarz_warm_start,1000,500,35,modify,999,0.003362034,modify,570,1,0.000000000
random_sparse,cached_dense_qr,1000,500,36,modify,999,0.014014015,modify,204,1,0.000000000
random_sparse,dense_scratch,1000,500,36,modify,999,0.013961443,modify,204,1,0.000000000
random_sparse,sparse_scratch,1000,500,36,modify,999,0.013982732,modify,204,1,0.000000000
random_sparse,kaczmarz_warm_start,1000,500,36,modify,999,0.003362938,modify,204,1,0.000000000
random_sparse,cached_dense_qr,1000,500,37,delete,998,0.013742107,delete,732,1,0.000000000
random_sparse,dense_scratch,1000,500,37,delete,998,0.013716741,delete,732,1,0.000000000
random_sparse,sparse_scratch,1000,500,37,delete,998,0.014035700,delete,732,1,0.000000000
random_sparse,kaczmarz_warm_start,1000,500,37,delete,998,0.003360387,delete,732,1,0.000000000
random_sparse,cached_dense_qr,1000,500,38,add,999,0.000660529,add,1012,1,0.000000000
random_sparse,dense_scratch,1000,500,38,add,999,0.013960434,add,1012,1,0.000000000
random_sparse,sparse_scratch,1000,500,38,add,999,0.014151619,add,1012,1,0.000000000
random_sparse,kaczmarz_warm_start,1000,500,38,add,999,0.003359584,add,1012,1,0.000000000
random_sparse,cached_dense_qr,1000,500,39,modify,999,0.013980938,modify,793,1,0.000000000
random_sparse,dense_scratch,1000,500,39,modify,999,0.014007383,modify,793,1,0.000000000
random_sparse,sparse_scratch,1000,500,39,modify,999,0.014206218,modify,793,1,0.000000000
random_sparse,kaczmarz_warm_start,1000,500,39,modify,999,0.003355850,modify,793,1,0.000000000
random_sparse,cached_dense_qr,1000,500,40,add,1000,0.000657999,add,1025,1,0.000000000
random_sparse,dense_scratch,1000,500,40,add,1000,0.013618996,add,1025,1,0.000000000
random_sparse,sparse_scratch,1000,500,40,add,1000,0.013836873,add,1025,1,0.000000000
random_sparse,kaczmarz_warm_start,1000,500,40,add,1000,0.003360400,add,1025,1,0.000000000
random_sparse,cached_dense_qr,1000,500,41,delete,999,0.013971070,delete,213,1,0.000000000
random_sparse,dense_scratch,1000,500,41,delete,999,0.014087179,delete,213,1,0.000000000
random_sparse,sparse_scratch,1000,500,41,delete,999,0.013631358,delete,213,1,0.000000000
random_sparse,kaczmarz_warm_start,1000,500,41,delete,999,0.003370174,delete,213,1,0.000000000
random_sparse,cached_dense_qr,1000,500,42,add,1000,0.000661249,add,975,1,0.000000000
random_sparse,dense_scratch,1000,500,42,add,1000,0.014207005,add,975,1,0.000000000
random_sparse,sparse_scratch,1000,500,42,add,1000,0.013765161,add,975,1,0.000000000
random_sparse,kaczmarz_warm_start,1000,500,42,add,1000,0.003374595,add,975,1,0.000000000
random_sparse,cached_dense_qr,1000,500,43,add,1001,0.000702135,add,732,1,0.000000000
random_sparse,dense_scratch,1000,500,43,add,1001,0.013981019,add,732,1,0.000000000
random_sparse,sparse_scratch,1000,500,43,add,1001,0.013544157,add,732,1,0.000000000
random_sparse,kaczmarz_warm_start,1000,500,43,add,1001,0.003365154,add,732,1,0.000000000
random_sparse,cached_dense_qr,1000,500,44,modify,1001,0.014444443,modify,624,1,0.000000000
random_sparse,dense_scratch,1000,500,44,modify,1001,0.014019424,modify,624,1,0.000000000
random_sparse,sparse_scratch,1000,500,44,modify,1001,0.014565966,modify,624,1,0.000000000
random_sparse,kaczmarz_warm_start,1000,500,44,modify,1001,0.003367524,modify,624,1,0.000000000
random_sparse,cached_dense_qr,1000,500,45,add,1002,0.000666692,add,1045,1,0.000000000
random_sparse,dense_scratch,1000,500,45,add,1002,0.014702754,add,1045,1,0.000000000
random_sparse,sparse_scratch,1000,500,45,add,1002,0.014448051,add,1045,1,0.000000000
random_sparse,kaczmarz_warm_start,1000,500,45,add,1002,0.003356188,add,1045,1,0.000000000
random_sparse,cached_dense_qr,1000,500,46,delete,1001,0.014461235,delete,696,1,0.000000000
random_sparse,dense_scratch,1000,500,46,delete,1001,0.014032270,delete,696,1,0.000000000
random_sparse,sparse_scratch,1000,500,46,delete,1001,0.014577738,delete,696,1,0.000000000
random_sparse,kaczmarz_warm_start,1000,500,46,delete,1001,0.003369814,delete,696,1,0.000000000
random_sparse,cached_dense_qr,1000,500,47,modify,1001,0.014038908,modify,708,1,0.000000000
random_sparse,dense_scratch,1000,500,47,modify,1001,0.014016971,modify,708,1,0.000000000
random_sparse,sparse_scratch,1000,500,47,modify,1001,0.014316269,modify,708,1,0.000000000
random_sparse,kaczmarz_warm_start,1000,500,47,modify,1001,0.003373506,modify,708,1,0.000000000
random_sparse,cached_dense_qr,1000,500,48,modify,1001,0.014450277,modify,425,1,0.000000000
random_sparse,dense_scratch,1000,500,48,modify,1001,0.013977086,modify,425,1,0.000000000
random_sparse,sparse_scratch,1000,500,48,modify,1001,0.014430304,modify,425,1,0.000000000
random_sparse,kaczmarz_warm_start,1000,500,48,modify,1001,0.003390914,modify,425,1,0.000000000
random_sparse,cached_dense_qr,1000,500,49,modify,1001,0.014024466,modify,756,1,0.000000000
random_sparse,dense_scratch,1000,500,49,modify,1001,0.013982582,modify,756,1,0.000000000
random_sparse,sparse_scratch,1000,500,49,modify,1001,0.014247594,modify,756,1,0.000000000
random_sparse,kaczmarz_warm_start,1000,500,49,modify,1001,0.003382557,modify,756,1,0.000000000
random_sparse,cached_dense_qr,2000,1000,0,delete,1999,0.083775697,delete,622,1,0.000000000
random_sparse,dense_scratch,2000,1000,0,delete,1999,0.082717346,delete,622,1,0.000000000
random_sparse,sparse_scratch,2000,1000,0,delete,1999,0.088294946,delete,622,1,0.000000000
random_sparse,kaczmarz_warm_start,2000,1000,0,delete,1999,0.016249441,delete,622,1,0.000000000
random_sparse,cached_dense_qr,2000,1000,1,add,2000,0.002598636,add,2005,1,0.000000000
random_sparse,dense_scratch,2000,1000,1,add,2000,0.083091750,add,2005,1,0.000000000
random_sparse,sparse_scratch,2000,1000,1,add,2000,0.088895615,add,2005,1,0.000000000
random_sparse,kaczmarz_warm_start,2000,1000,1,add,2000,0.016230067,add,2005,1,0.000000000
random_sparse,cached_dense_qr,2000,1000,2,add,2001,0.003640673,add,2019,1,0.000000000
random_sparse,dense_scratch,2000,1000,2,add,2001,0.086954220,add,2019,1,0.000000000
random_sparse,sparse_scratch,2000,1000,2,add,2001,0.087608230,add,2019,1,0.000000000
random_sparse,kaczmarz_warm_start,2000,1000,2,add,2001,0.016239038,add,2019,1,0.000000000
random_sparse,cached_dense_qr,2000,1000,3,modify,2001,0.084813634,modify,1665,1,0.000000000
random_sparse,dense_scratch,2000,1000,3,modify,2001,0.085467703,modify,1665,1,0.000000000
random_sparse,sparse_scratch,2000,1000,3,modify,2001,0.087253738,modify,1665,1,0.000000000
random_sparse,kaczmarz_warm_start,2000,1000,3,modify,2001,0.016291091,modify,1665,1,0.000000000
random_sparse,cached_dense_qr,2000,1000,4,modify,2001,0.085315898,modify,1089,1,0.000000000
random_sparse,dense_scratch,2000,1000,4,modify,2001,0.085963011,modify,1089,1,0.000000000
random_sparse,sparse_scratch,2000,1000,4,modify,2001,0.085193406,modify,1089,1,0.000000000
random_sparse,kaczmarz_warm_start,2000,1000,4,modify,2001,0.016241757,modify,1089,1,0.000000000
random_sparse,cached_dense_qr,2000,1000,5,modify,2001,0.082257107,modify,240,1,0.000000000
random_sparse,dense_scratch,2000,1000,5,modify,2001,0.081795594,modify,240,1,0.000000000
random_sparse,sparse_scratch,2000,1000,5,modify,2001,0.088060096,modify,240,1,0.000000000
random_sparse,kaczmarz_warm_start,2000,1000,5,modify,2001,0.016245078,modify,240,1,0.000000000
random_sparse,cached_dense_qr,2000,1000,6,modify,2001,0.088993683,modify,999,1,0.000000000
random_sparse,dense_scratch,2000,1000,6,modify,2001,0.081782085,modify,999,1,0.000000000
random_sparse,sparse_scratch,2000,1000,6,modify,2001,0.085478776,modify,999,1,0.000000000
random_sparse,kaczmarz_warm_start,2000,1000,6,modify,2001,0.016308834,modify,999,1,0.000000000
random_sparse,cached_dense_qr,2000,1000,7,add,2002,0.002580843,add,622,1,0.000000000
random_sparse,dense_scratch,2000,1000,7,add,2002,0.083314140,add,622,1,0.000000000
random_sparse,sparse_scratch,2000,1000,7,add,2002,0.088207817,add,622,1,0.000000000
random_sparse,kaczmarz_warm_start,2000,1000,7,add,2002,0.016583344,add,622,1,0.000000000
random_sparse,cached_dense_qr,2000,1000,8,delete,2001,0.093176523,delete,1515,1,0.000000000
random_sparse,dense_scratch,2000,1000,8,delete,2001,0.091996870,delete,1515,1,0.000000000
random_sparse,sparse_scratch,2000,1000,8,delete,2001,0.090806134,delete,1515,1,0.000000000
random_sparse,kaczmarz_warm_start,2000,1000,8,delete,2001,0.017076685,delete,1515,1,0.000000000
random_sparse,cached_dense_qr,2000,1000,9,add,2002,0.002538088,add,2020,1,0.000000000
random_sparse,dense_scratch,2000,1000,9,add,2002,0.089782574,add,2020,1,0.000000000
random_sparse,sparse_scratch,2000,1000,9,add,2002,0.093807911,add,2020,1,0.000000000
random_sparse,kaczmarz_warm_start,2000,1000,9,add,2002,0.017458248,add,2020,1,0.000000000
random_sparse,cached_dense_qr,2000,1000,10,modify,2002,0.093954343,modify,350,1,0.000000000
random_sparse,dense_scratch,2000,1000,10,modify,2002,0.090244279,modify,350,1,0.000000000
random_sparse,sparse_scratch,2000,1000,10,modify,2002,0.089712479,modify,350,1,0.000000000
random_sparse,kaczmarz_warm_start,2000,1000,10,modify,2002,0.016876000,modify,350,1,0.000000000
random_sparse,cached_dense_qr,2000,1000,11,add,2003,0.002614908,add,2051,1,0.000000000
random_sparse,dense_scratch,2000,1000,11,add,2003,0.093456365,add,2051,1,0.000000000
random_sparse,sparse_scratch,2000,1000,11,add,2003,0.086082932,add,2051,1,0.000000000
random_sparse,kaczmarz_warm_start,2000,1000,11,add,2003,0.016643098,add,2051,1,0.000000000
random_sparse,cached_dense_qr,2000,1000,12,delete,2002,0.082693581,delete,1372,1,0.000000000
random_sparse,dense_scratch,2000,1000,12,delete,2002,0.084326835,delete,1372,1,0.000000000
random_sparse,sparse_scratch,2000,1000,12,delete,2002,0.084922226,delete,1372,1,0.000000000
random_sparse,kaczmarz_warm_start,2000,1000,12,delete,2002,0.016230076,delete,1372,1,0.000000000
random_sparse,cached_dense_qr,2000,1000,13,add,2003,0.002619384,add,2001,1,0.000000000
random_sparse,dense_scratch,2000,1000,13,add,2003,0.085198851,add,2001,1,0.000000000
random_sparse,sparse_scratch,2000,1000,13,add,2003,0.087952297,add,2001,1,0.000000000
random_sparse,kaczmarz_warm_start,2000,1000,13,add,2003,0.016295618,add,2001,1,0.000000000
random_sparse,cached_dense_qr,2000,1000,14,add,2004,0.003661014,add,2009,1,0.000000000
random_sparse,dense_scratch,2000,1000,14,add,2004,0.085030873,add,2009,1,0.000000000
random_sparse,sparse_scratch,2000,1000,14,add,2004,0.087983496,add,2009,1,0.000000000
random_sparse,kaczmarz_warm_start,2000,1000,14,add,2004,0.016313326,add,2009,1,0.000000000
random_sparse,cached_dense_qr,2000,1000,15,delete,2003,0.084858169,delete,218,1,0.000000000
random_sparse,dense_scratch,2000,1000,15,delete,2003,0.085615286,delete,218,1,0.000000000
random_sparse,sparse_scratch,2000,1000,15,delete,2003,0.087736149,delete,218,1,0.000000000
random_sparse,kaczmarz_warm_start,2000,1000,15,delete,2003,0.016319587,delete,218,1,0.000000000
random_sparse,cached_dense_qr,2000,1000,16,delete,2002,0.083897135,delete,919,1,0.000000000
random_sparse,dense_scratch,2000,1000,16,delete,2002,0.084558180,delete,919,1,0.000000000
random_sparse,sparse_scratch,2000,1000,16,delete,2002,0.084812171,delete,919,1,0.000000000
random_sparse,kaczmarz_warm_start,2000,1000,16,delete,2002,0.016271985,delete,919,1,0.000000000
random_sparse,cached_dense_qr,2000,1000,17,delete,2001,0.082216121,delete,1128,1,0.000000000
random_sparse,dense_scratch,2000,1000,17,delete,2001,0.081857651,delete,1128,1,0.000000000
random_sparse,sparse_scratch,2000,1000,17,delete,2001,0.088134899,delete,1128,1,0.000000000
random_sparse,kaczmarz_warm_start,2000,1000,17,delete,2001,0.016298965,delete,1128,1,0.000000000
random_sparse,cached_dense_qr,2000,1000,18,modify,2001,0.087281097,modify,911,1,0.000000000
random_sparse,dense_scratch,2000,1000,18,modify,2001,0.081790343,modify,911,1,0.000000000
random_sparse,sparse_scratch,2000,1000,18,modify,2001,0.086485230,modify,911,1,0.000000000
random_sparse,kaczmarz_warm_start,2000,1000,18,modify,2001,0.016249269,modify,911,1,0.000000000
random_sparse,cached_dense_qr,2000,1000,19,add,2002,0.002512768,add,2038,1,0.000000000
random_sparse,dense_scratch,2000,1000,19,add,2002,0.083754957,add,2038,1,0.000000000
random_sparse,sparse_scratch,2000,1000,19,add,2002,0.088080461,add,2038,1,0.000000000
random_sparse,kaczmarz_warm_start,2000,1000,19,add,2002,0.016241174,add,2038,1,0.000000000
random_sparse,cached_dense_qr,2000,1000,20,delete,2001,0.083181346,delete,90,1,0.000000000
random_sparse,dense_scratch,2000,1000,20,delete,2001,0.085679768,delete,90,1,0.000000000
random_sparse,sparse_scratch,2000,1000,20,delete,2001,0.085799239,delete,90,1,0.000000000
random_sparse,kaczmarz_warm_start,2000,1000,20,delete,2001,0.016282750,delete,90,1,0.000000000
random_sparse,cached_dense_qr,2000,1000,21,add,2002,0.002634691,add,2045,1,0.000000000
random_sparse,dense_scratch,2000,1000,21,add,2002,0.083636503,add,2045,1,0.000000000
random_sparse,sparse_scratch,2000,1000,21,add,2002,0.087268286,add,2045,1,0.000000000
random_sparse,kaczmarz_warm_start,2000,1000,21,add,2002,0.016316413,add,2045,1,0.000000000
random_sparse,cached_dense_qr,2000,1000,22,delete,2001,0.085122923,delete,273,1,0.000000000
random_sparse,dense_scratch,2000,1000,22,delete,2001,0.086339283,delete,273,1,0.000000000
random_sparse,sparse_scratch,2000,1000,22,delete,2001,0.086049930,delete,273,1,0.000000000
random_sparse,kaczmarz_warm_start,2000,1000,22,delete,2001,0.016276709,delete,273,1,0.000000000
random_sparse,cached_dense_qr,2000,1000,23,delete,2000,0.082747892,delete,1513,1,0.000000000
random_sparse,dense_scratch,2000,1000,23,delete,2000,0.082277406,delete,1513,1,0.000000000
random_sparse,sparse_scratch,2000,1000,23,delete,2000,0.089273492,delete,1513,1,0.000000000
random_sparse,kaczmarz_warm_start,2000,1000,23,delete,2000,0.016300433,delete,1513,1,0.000000000
random_sparse,cached_dense_qr,2000,1000,24,modify,2000,0.084309272,modify,1175,1,0.000000000
random_sparse,dense_scratch,2000,1000,24,modify,2000,0.082375293,modify,1175,1,0.000000000
random_sparse,sparse_scratch,2000,1000,24,modify,2000,0.087686408,modify,1175,1,0.000000000
random_sparse,kaczmarz_warm_start,2000,1000,24,modify,2000,0.016344994,modify,1175,1,0.000000000
random_sparse,cached_dense_qr,2000,1000,25,modify,2000,0.082734920,modify,424,1,0.000000000
random_sparse,dense_scratch,2000,1000,25,modify,2000,0.082351964,modify,424,1,0.000000000
random_sparse,sparse_scratch,2000,1000,25,modify,2000,0.089370478,modify,424,1,0.000000000
random_sparse,kaczmarz_warm_start,2000,1000,25,modify,2000,0.016324063,modify,424,1,0.000000000
random_sparse,cached_dense_qr,2000,1000,26,add,2001,0.002567409,add,2026,1,0.000000000
random_sparse,dense_scratch,2000,1000,26,add,2001,0.084759799,add,2026,1,0.000000000
random_sparse,sparse_scratch,2000,1000,26,add,2001,0.087435688,add,2026,1,0.000000000
random_sparse,kaczmarz_warm_start,2000,1000,26,add,2001,0.016348811,add,2026,1,0.000000000
random_sparse,cached_dense_qr,2000,1000,27,add,2002,0.002606279,add,2012,1,0.000000000
random_sparse,dense_scratch,2000,1000,27,add,2002,0.083125573,add,2012,1,0.000000000
random_sparse,sparse_scratch,2000,1000,27,add,2002,0.086975837,add,2012,1,0.000000000
random_sparse,kaczmarz_warm_start,2000,1000,27,add,2002,0.016395588,add,2012,1,0.000000000
random_sparse,cached_dense_qr,2000,1000,28,add,2003,0.002577508,add,2017,1,0.000000000
random_sparse,dense_scratch,2000,1000,28,add,2003,0.084767815,add,2017,1,0.000000000
random_sparse,sparse_scratch,2000,1000,28,add,2003,0.088673013,add,2017,1,0.000000000
random_sparse,kaczmarz_warm_start,2000,1000,28,add,2003,0.016413271,add,2017,1,0.000000000
random_sparse,cached_dense_qr,2000,1000,29,delete,2002,0.084169915,delete,368,1,0.000000000
random_sparse,dense_scratch,2000,1000,29,delete,2002,0.084437221,delete,368,1,0.000000000
random_sparse,sparse_scratch,2000,1000,29,delete,2002,0.087951512,delete,368,1,0.000000000
random_sparse,kaczmarz_warm_start,2000,1000,29,delete,2002,0.016352351,delete,368,1,0.000000000
random_sparse,cached_dense_qr,2000,1000,30,delete,2001,0.082959404,delete,363,1,0.000000000
random_sparse,dense_scratch,2000,1000,30,delete,2001,0.085559263,delete,363,1,0.000000000
random_sparse,sparse_scratch,2000,1000,30,delete,2001,0.088137256,delete,363,1,0.000000000
random_sparse,kaczmarz_warm_start,2000,1000,30,delete,2001,0.016310089,delete,363,1,0.000000000
random_sparse,cached_dense_qr,2000,1000,31,delete,2000,0.081472798,delete,425,1,0.000000000
random_sparse,dense_scratch,2000,1000,31,delete,2000,0.083525613,delete,425,1,0.000000000
random_sparse,sparse_scratch,2000,1000,31,delete,2000,0.087467536,delete,425,1,0.000000000
random_sparse,kaczmarz_warm_start,2000,1000,31,delete,2000,0.016263839,delete,425,1,0.000000000
random_sparse,cached_dense_qr,2000,1000,32,add,2001,0.002616715,add,2022,1,0.000000000
random_sparse,dense_scratch,2000,1000,32,add,2001,0.084820727,add,2022,1,0.000000000
random_sparse,sparse_scratch,2000,1000,32,add,2001,0.088097780,add,2022,1,0.000000000
random_sparse,kaczmarz_warm_start,2000,1000,32,add,2001,0.016260799,add,2022,1,0.000000000
random_sparse,cached_dense_qr,2000,1000,33,modify,2001,0.084659373,modify,196,1,0.000000000
random_sparse,dense_scratch,2000,1000,33,modify,2001,0.086171929,modify,196,1,0.000000000
random_sparse,sparse_scratch,2000,1000,33,modify,2001,0.086568326,modify,196,1,0.000000000
random_sparse,kaczmarz_warm_start,2000,1000,33,modify,2001,0.016337565,modify,196,1,0.000000000
random_sparse,cached_dense_qr,2000,1000,34,delete,2000,0.082780436,delete,365,1,0.000000000
random_sparse,dense_scratch,2000,1000,34,delete,2000,0.082722239,delete,365,1,0.000000000
random_sparse,sparse_scratch,2000,1000,34,delete,2000,0.089732637,delete,365,1,0.000000000
random_sparse,kaczmarz_warm_start,2000,1000,34,delete,2000,0.016238392,delete,365,1,0.000000000
random_sparse,cached_dense_qr,2000,1000,35,modify,2000,0.084677618,modify,1547,1,0.000000000
random_sparse,dense_scratch,2000,1000,35,modify,2000,0.082332322,modify,1547,1,0.000000000
random_sparse,sparse_scratch,2000,1000,35,modify,2000,0.087702681,modify,1547,1,0.000000000
random_sparse,kaczmarz_warm_start,2000,1000,35,modify,2000,0.016347123,modify,1547,1,0.000000000
random_sparse,cached_dense_qr,2000,1000,36,delete,1999,0.083118157,delete,403,1,0.000000000
random_sparse,dense_scratch,2000,1000,36,delete,1999,0.081957929,delete,403,1,0.000000000
random_sparse,sparse_scratch,2000,1000,36,delete,1999,0.088057307,delete,403,1,0.000000000
random_sparse,kaczmarz_warm_start,2000,1000,36,delete,1999,0.016255215,delete,403,1,0.000000000
random_sparse,cached_dense_qr,2000,1000,37,delete,1998,0.086170180,delete,1714,1,0.000000000
random_sparse,dense_scratch,2000,1000,37,delete,1998,0.080956118,delete,1714,1,0.000000000
random_sparse,sparse_scratch,2000,1000,37,delete,1998,0.088179150,delete,1714,1,0.000000000
random_sparse,kaczmarz_warm_start,2000,1000,37,delete,1998,0.016262929,delete,1714,1,0.000000000
random_sparse,cached_dense_qr,2000,1000,38,add,1999,0.002584654,add,363,1,0.000000000
random_sparse,dense_scratch,2000,1000,38,add,1999,0.086344668,add,363,1,0.000000000
random_sparse,sparse_scratch,2000,1000,38,add,1999,0.088156461,add,363,1,0.000000000
random_sparse,kaczmarz_warm_start,2000,1000,38,add,1999,0.016240423,add,363,1,0.000000000
random_sparse,cached_dense_qr,2000,1000,39,add,2000,0.002544867,add,2059,1,0.000000000
random_sparse,dense_scratch,2000,1000,39,add,2000,0.081544205,add,2059,1,0.000000000
random_sparse,sparse_scratch,2000,1000,39,add,2000,0.086846768,add,2059,1,0.000000000
random_sparse,kaczmarz_warm_start,2000,1000,39,add,2000,0.016310705,add,2059,1,0.000000000
random_sparse,cached_dense_qr,2000,1000,40,modify,2000,0.081416949,modify,983,1,0.000000000
random_sparse,dense_scratch,2000,1000,40,modify,2000,0.085816021,modify,983,1,0.000000000
random_sparse,sparse_scratch,2000,1000,40,modify,2000,0.089349780,modify,983,1,0.000000000
random_sparse,kaczmarz_warm_start,2000,1000,40,modify,2000,0.016312028,modify,983,1,0.000000000
random_sparse,cached_dense_qr,2000,1000,41,modify,2000,0.082956954,modify,910,1,0.000000000
random_sparse,dense_scratch,2000,1000,41,modify,2000,0.082447559,modify,910,1,0.000000000
random_sparse,sparse_scratch,2000,1000,41,modify,2000,0.090921845,modify,910,1,0.000000000
random_sparse,kaczmarz_warm_start,2000,1000,41,modify,2000,0.016269474,modify,910,1,0.000000000
random_sparse,cached_dense_qr,2000,1000,42,modify,2000,0.084913904,modify,106,1,0.000000000
random_sparse,dense_scratch,2000,1000,42,modify,2000,0.082599780,modify,106,1,0.000000000
random_sparse,sparse_scratch,2000,1000,42,modify,2000,0.089112791,modify,106,1,0.000000000
random_sparse,kaczmarz_warm_start,2000,1000,42,modify,2000,0.016305491,modify,106,1,0.000000000
random_sparse,cached_dense_qr,2000,1000,43,add,2001,0.002581588,add,2014,1,0.000000000
random_sparse,dense_scratch,2000,1000,43,add,2001,0.086487419,add,2014,1,0.000000000
random_sparse,sparse_scratch,2000,1000,43,add,2001,0.089648532,add,2014,1,0.000000000
random_sparse,kaczmarz_warm_start,2000,1000,43,add,2001,0.016297229,add,2014,1,0.000000000
random_sparse,cached_dense_qr,2000,1000,44,modify,2001,0.083217777,modify,697,1,0.000000000
random_sparse,dense_scratch,2000,1000,44,modify,2001,0.085976107,modify,697,1,0.000000000
random_sparse,sparse_scratch,2000,1000,44,modify,2001,0.087876089,modify,697,1,0.000000000
random_sparse,kaczmarz_warm_start,2000,1000,44,modify,2001,0.016299399,modify,697,1,0.000000000
random_sparse,cached_dense_qr,2000,1000,45,delete,2000,0.082151471,delete,1178,1,0.000000000
random_sparse,dense_scratch,2000,1000,45,delete,2000,0.082137871,delete,1178,1,0.000000000
random_sparse,sparse_scratch,2000,1000,45,delete,2000,0.091308629,delete,1178,1,0.000000000
random_sparse,kaczmarz_warm_start,2000,1000,45,delete,2000,0.016273422,delete,1178,1,0.000000000
random_sparse,cached_dense_qr,2000,1000,46,delete,1999,0.087776660,delete,1271,1,0.000000000
random_sparse,dense_scratch,2000,1000,46,delete,1999,0.081892073,delete,1271,1,0.000000000
random_sparse,sparse_scratch,2000,1000,46,delete,1999,0.093440001,delete,1271,1,0.000000000
random_sparse,kaczmarz_warm_start,2000,1000,46,delete,1999,0.016391833,delete,1271,1,0.000000000
random_sparse,cached_dense_qr,2000,1000,47,add,2000,0.002603792,add,2013,1,0.000000000
random_sparse,dense_scratch,2000,1000,47,add,2000,0.083838805,add,2013,1,0.000000000
random_sparse,sparse_scratch,2000,1000,47,add,2000,0.090218696,add,2013,1,0.000000000
random_sparse,kaczmarz_warm_start,2000,1000,47,add,2000,0.016283830,add,2013,1,0.000000000
random_sparse,cached_dense_qr,2000,1000,48,modify,2000,0.082066728,modify,563,1,0.000000000
random_sparse,dense_scratch,2000,1000,48,modify,2000,0.083215020,modify,563,1,0.000000000
random_sparse,sparse_scratch,2000,1000,48,modify,2000,0.087874921,modify,563,1,0.000000000
random_sparse,kaczmarz_warm_start,2000,1000,48,modify,2000,0.016339276,modify,563,1,0.000000000
random_sparse,cached_dense_qr,2000,1000,49,add,2001,0.002628824,add,2044,1,0.000000000
random_sparse,dense_scratch,2000,1000,49,add,2001,0.085652527,add,2044,1,0.000000000
random_sparse,sparse_scratch,2000,1000,49,add,2001,0.088482831,add,2044,1,0.000000000
random_sparse,kaczmarz_warm_start,2000,1000,49,add,2001,0.016255640,add,2044,1,0.000000000
circular_graph,cached_dense_qr,50,25,0,add,51,0.000003784,add,88,1,2.301585822
circular_graph,dense_scratch,50,25,0,add,51,0.000021826,add,88,1,2.375000000
circular_graph,sparse_scratch,50,25,0,add,51,0.000067878,add,88,1,2.301585822
circular_graph,kaczmarz_warm_start,50,25,0,add,51,0.000009218,add,88,1,3.118635225
circular_graph,cached_dense_qr,50,25,1,delete,50,0.000021364,delete,6,1,2.305733343
circular_graph,dense_scratch,50,25,1,delete,50,0.000017459,delete,6,1,2.305733343
circular_graph,sparse_scratch,50,25,1,delete,50,0.000036163,delete,6,1,2.290579238
circular_graph,kaczmarz_warm_start,50,25,1,delete,50,0.000006976,delete,6,1,3.266465937
circular_graph,cached_dense_qr,50,25,2,modify,50,0.000018535,modify,48,1,2.280350850
circular_graph,dense_scratch,50,25,2,modify,50,0.000016579,modify,48,1,2.280350850
circular_graph,sparse_scratch,50,25,2,modify,50,0.000037877,modify,48,1,2.280350850
circular_graph,kaczmarz_warm_start,50,25,2,modify,50,0.000008653,modify,48,1,3.121495370
circular_graph,cached_dense_qr,50,25,3,add,51,0.000003287,add,57,1,2.298412587
circular_graph,dense_scratch,50,25,3,add,51,0.000020167,add,57,1,2.298412587
circular_graph,sparse_scratch,50,25,3,add,51,0.000034596,add,57,1,2.298412587
circular_graph,kaczmarz_warm_start,50,25,3,add,51,0.000007111,add,57,1,3.123505414
circular_graph,cached_dense_qr,50,25,4,add,52,0.000003020,add,70,1,2.483707595
circular_graph,dense_scratch,50,25,4,add,52,0.000020689,add,70,1,2.483707595
circular_graph,sparse_scratch,50,25,4,add,52,0.000033555,add,70,1,2.483707595
circular_graph,kaczmarz_warm_start,50,25,4,add,52,0.000008998,add,70,1,3.102989637
circular_graph,cached_dense_qr,50,25,5,modify,52,0.000019576,modify,14,1,2.310141063
circular_graph,dense_scratch,50,25,5,modify,52,0.000017294,modify,14,1,2.310141063
circular_graph,sparse_scratch,50,25,5,modify,52,0.000036633,modify,14,1,2.310141063
circular_graph,kaczmarz_warm_start,50,25,5,modify,52,0.000007234,modify,14,1,3.609035598
circular_graph,cached_dense_qr,50,25,6,delete,51,0.000020036,delete,15,1,2.302329699
circular_graph,dense_scratch,50,25,6,delete,51,0.000017265,delete,15,1,2.302329699
circular_graph,sparse_scratch,50,25,6,delete,51,0.000033588,delete,15,1,2.302329699
circular_graph,kaczmarz_warm_start,50,25,6,delete,51,0.000008805,delete,15,1,2.895734618
circular_graph,cached_dense_qr,50,25,7,modify,51,0.000018161,modify,24,1,2.263405978
circular_graph,dense_scratch,50,25,7,modify,51,0.000016499,modify,24,1,2.263405978
circular_graph,sparse_scratch,50,25,7,modify,51,0.000035832,modify,24,1,2.263405978
circular_graph,kaczmarz_warm_start,50,25,7,modify,51,0.000007105,modify,24,1,3.408346332
circular_graph,cached_dense_qr,50,25,8,add,52,0.000002863,add,85,1,2.285323894
circular_graph,dense_scratch,50,25,8,add,52,0.000019294,add,85,1,2.285323894
circular_graph,sparse_scratch,50,25,8,add,52,0.000034504,add,85,1,2.285323894
circular_graph,kaczmarz_warm_start,50,25,8,add,52,0.000008975,add,85,1,3.512819848
circular_graph,cached_dense_qr,50,25,9,modify,52,0.000019396,modify,26,1,2.279931026
circular_graph,dense_scratch,50,25,9,modify,52,0.000016859,modify,26,1,2.279931026
circular_graph,sparse_scratch,50,25,9,modify,52,0.000035281,modify,26,1,2.279931026
circular_graph,kaczmarz_warm_start,50,25,9,modify,52,0.000008953,modify,26,1,3.318588122
circular_graph,cached_dense_qr,50,25,10,modify,52,0.000019262,modify,49,1,2.209936861
circular_graph,dense_scratch,50,25,10,modify,52,0.000016533,modify,49,1,2.209936861
circular_graph,sparse_scratch,50,25,10,modify,52,0.000037081,modify,49,1,2.209936861
circular_graph,kaczmarz_warm_start,50,25,10,modify,52,0.000007258,modify,49,1,3.022397599
circular_graph,cached_dense_qr,50,25,11,delete,51,0.000020041,delete,21,1,2.029713924
circular_graph,dense_scratch,50,25,11,delete,51,0.000017403,delete,21,1,2.029713924
circular_graph,sparse_scratch,50,25,11,delete,51,0.000032650,delete,21,1,2.029713924
circular_graph,kaczmarz_warm_start,50,25,11,delete,51,0.000008786,delete,21,1,2.833465559
circular_graph,cached_dense_qr,50,25,12,delete,50,0.000020509,delete,10,1,1.999133666
circular_graph,dense_scratch,50,25,12,delete,50,0.000017076,delete,10,1,1.999133666
circular_graph,sparse_scratch,50,25,12,delete,50,0.000031089,delete,10,1,1.999133666
circular_graph,kaczmarz_warm_start,50,25,12,delete,50,0.000006966,delete,10,1,2.956964243
circular_graph,cached_dense_qr,50,25,13,delete,49,0.000020944,delete,1,1,1.939586293
circular_graph,dense_scratch,50,25,13,delete,49,0.000017109,delete,1,1,1.939586293
circular_graph,sparse_scratch,50,25,13,delete,49,0.000030737,delete,1,1,1.939586293
circular_graph,kaczmarz_warm_start,50,25,13,delete,49,0.000008521,delete,1,1,2.892281342
circular_graph,cached_dense_qr,50,25,14,delete,48,0.000020031,delete,8,1,1.938585223
circular_graph,dense_scratch,50,25,14,delete,48,0.000017088,delete,8,1,1.938585223
circular_graph,sparse_scratch,50,25,14,delete,48,0.000029656,delete,8,1,1.938585223
circular_graph,kaczmarz_warm_start,50,25,14,delete,48,0.000006714,delete,8,1,3.261289216
circular_graph,cached_dense_qr,50,25,15,delete,47,0.000029926,delete,18,1,1.935019776
circular_graph,dense_scratch,50,25,15,delete,47,0.000013953,delete,18,1,1.935019776
circular_graph,sparse_scratch,50,25,15,delete,47,0.000030025,delete,18,1,1.935019776
circular_graph,kaczmarz_warm_start,50,25,15,delete,47,0.000008388,delete,18,1,2.484554509
circular_graph,cached_dense_qr,50,25,16,add,48,0.000002851,add,67,1,1.967080083
circular_graph,dense_scratch,50,25,16,add,48,0.000018052,add,67,1,1.967080083
circular_graph,sparse_scratch,50,25,16,add,48,0.000029955,add,67,1,1.967080083
circular_graph,kaczmarz_warm_start,50,25,16,add,48,0.000006688,add,67,1,3.387126579
circular_graph,cached_dense_qr,50,25,17,add,49,0.000002741,add,78,1,1.999357474
circular_graph,dense_scratch,50,25,17,add,49,0.000018388,add,78,1,1.999357474
circular_graph,sparse_scratch,50,25,17,add,49,0.000030569,add,78,1,1.999357474
circular_graph,kaczmarz_warm_start,50,25,17,add,49,0.000006847,add,78,1,2.614936190
circular_graph,cached_dense_qr,50,25,18,modify,49,0.000018936,modify,32,1,1.968088250
circular_graph,dense_scratch,50,25,18,modify,49,0.000016804,modify,32,1,1.968088250
circular_graph,sparse_scratch,50,25,18,modify,49,0.000034456,modify,32,1,1.968088250
circular_graph,kaczmarz_warm_start,50,25,18,modify,49,0.000006780,modify,32,1,3.134538791
circular_graph,cached_dense_qr,50,25,19,delete,48,0.000018993,delete,88,1,1.967361676
circular_graph,dense_scratch,50,25,19,delete,48,0.000016541,delete,88,1,1.967361676
circular_graph,sparse_scratch,50,25,19,delete,48,0.000033625,delete,88,1,1.967361676
circular_graph,kaczmarz_warm_start,50,25,19,delete,48,0.000008412,delete,88,1,2.421965957
circular_graph,cached_dense_qr,50,25,20,add,49,0.000003003,add,8,1,1.968377171
circular_graph,dense_scratch,50,25,20,add,49,0.000017557,add,8,1,1.968377171
circular_graph,sparse_scratch,50,25,20,add,49,0.000033021,add,8,1,1.968377171
circular_graph,kaczmarz_warm_start,50,25,20,add,49,0.000006809,add,8,1,2.685234379
circular_graph,cached_dense_qr,50,25,21,delete,48,0.000018965,delete,14,1,1.956536627
circular_graph,dense_scratch,50,25,21,delete,48,0.000016258,delete,14,1,1.956536627
circular_graph,sparse_scratch,50,25,21,delete,48,0.000033876,delete,14,1,1.956536627
circular_graph,kaczmarz_warm_start,50,25,21,delete,48,0.000006696,delete,14,1,3.050451546
circular_graph,cached_dense_qr,50,25,22,delete,47,0.000016084,delete,26,1,1.924257581
circular_graph,dense_scratch,50,25,22,delete,47,0.000014003,delete,26,1,1.924257581
circular_graph,sparse_scratch,50,25,22,delete,47,0.000032343,delete,26,1,1.924257581
circular_graph,kaczmarz_warm_start,50,25,22,delete,47,0.000008200,delete,26,1,3.088454232
circular_graph,cached_dense_qr,50,25,23,add,48,0.000002848,add,15,1,1.924350387
circular_graph,dense_scratch,50,25,23,add,48,0.000017577,add,15,1,1.924350387
circular_graph,sparse_scratch,50,25,23,add,48,0.000031724,add,15,1,1.924350387
circular_graph,kaczmarz_warm_start,50,25,23,add,48,0.000006671,add,15,1,2.473150679
circular_graph,cached_dense_qr,50,25,24,delete,47,0.000014919,delete,85,1,1.829184058
circular_graph,dense_scratch,50,25,24,delete,47,0.000013418,delete,85,1,1.829184058
circular_graph,sparse_scratch,50,25,24,delete,47,0.000027848,delete,85,1,1.829184058
circular_graph,kaczmarz_warm_start,50,25,24,delete,47,0.000008412,delete,85,1,2.531532706
circular_graph,cached_dense_qr,50,25,25,modify,47,0.000014260,modify,27,1,1.829467524
circular_graph,dense_scratch,50,25,25,modify,47,0.000013074,modify,27,1,1.829467524
circular_graph,sparse_scratch,50,25,25,modify,47,0.000032459,modify,27,1,1.829467524
circular_graph,kaczmarz_warm_start,50,25,25,modify,47,0.000006553,modify,27,1,2.557138596
circular_graph,cached_dense_qr,50,25,26,add,48,0.000002757,add,55,1,1.829982690
circular_graph,dense_scratch,50,25,26,add,48,0.000017108,add,55,1,1.829982690
circular_graph,sparse_scratch,50,25,26,add,48,0.000029134,add,55,1,1.829982690
circular_graph,kaczmarz_warm_start,50,25,26,add,48,0.000008426,add,55,1,2.236162281
circular_graph,cached_dense_qr,50,25,27,modify,48,0.000017397,modify,3,1,1.791613553
circular_graph,dense_scratch,50,25,27,modify,48,0.000016102,modify,3,1,1.791613553
circular_graph,sparse_scratch,50,25,27,modify,48,0.000033507,modify,3,1,1.791613553
circular_graph,kaczmarz_warm_start,50,25,27,modify,48,0.000006684,modify,3,1,2.879289630
circular_graph,cached_dense_qr,50,25,28,add,49,0.000002877,add,26,1,1.844873088
circular_graph,dense_scratch,50,25,28,add,49,0.000019229,add,26,1,1.844873088
circular_graph,sparse_scratch,50,25,28,add,49,0.000035129,add,26,1,1.844873088
circular_graph,kaczmarz_warm_start,50,25,28,add,49,0.000008550,add,26,1,2.444095706
circular_graph,cached_dense_qr,50,25,29,add,50,0.000002753,add,10,1,1.937423157
circular_graph,dense_scratch,50,25,29,add,50,0.000022499,add,10,1,1.937423157
circular_graph,sparse_scratch,50,25,29,add,50,0.000033247,add,10,1,1.937423157
circular_graph,kaczmarz_warm_start,50,25,29,add,50,0.000006965,add,10,1,2.871462469
circular_graph,cached_dense_qr,50,25,30,modify,50,0.000019173,modify,45,1,1.949043134
circular_graph,dense_scratch,50,25,30,modify,50,0.000016573,modify,45,1,1.949043134
circular_graph,sparse_scratch,50,25,30,modify,50,0.000037566,modify,45,1,1.949043134
circular_graph,kaczmarz_warm_start,50,25,30,modify,50,0.000007006,modify,45,1,2.487242993
circular_graph,cached_dense_qr,50,25,31,add,51,0.000002853,add,103,1,1.979637623
circular_graph,dense_scratch,50,25,31,add,51,0.000020143,add,103,1,1.979637623
circular_graph,sparse_scratch,50,25,31,add,51,0.000035624,add,103,1,1.979637623
circular_graph,kaczmarz_warm_start,50,25,31,add,51,0.000007129,add,103,1,2.694289896
circular_graph,cached_dense_qr,50,25,32,add,52,0.000002960,add,108,1,1.979707837
circular_graph,dense_scratch,50,25,32,add,52,0.000020511,add,108,1,1.979707837
circular_graph,sparse_scratch,50,25,32,add,52,0.000033660,add,108,1,1.979707837
circular_graph,kaczmarz_warm_start,50,25,32,add,52,0.000009047,add,108,1,2.975101763
circular_graph,cached_dense_qr,50,25,33,delete,51,0.000020004,delete,41,1,1.978779938
circular_graph,dense_scratch,50,25,33,delete,51,0.000017420,delete,41,1,1.978779938
circular_graph,sparse_scratch,50,25,33,delete,51,0.000031452,delete,41,1,1.978779938
circular_graph,kaczmarz_warm_start,50,25,33,delete,51,0.000007116,delete,41,1,3.094550554
circular_graph,cached_dense_qr,50,25,34,delete,50,0.000019102,delete,26,1,1.935442436
circular_graph,dense_scratch,50,25,34,delete,50,0.000017150,delete,26,1,1.935442436
circular_graph,sparse_scratch,50,25,34,delete,50,0.000035575,delete,26,1,1.935442436
circular_graph,kaczmarz_warm_start,50,25,34,delete,50,0.000008773,delete,26,1,2.439543096
circular_graph,cached_dense_qr,50,25,35,delete,49,0.000020372,delete,28,1,1.776046539
circular_graph,dense_scratch,50,25,35,delete,49,0.000017379,delete,28,1,1.776046539
circular_graph,sparse_scratch,50,25,35,delete,49,0.000033303,delete,28,1,1.776046539
circular_graph,kaczmarz_warm_start,50,25,35,delete,49,0.000006856,delete,28,1,2.496748590
circular_graph,cached_dense_qr,50,25,36,delete,48,0.000019558,delete,31,1,1.753608140
circular_graph,dense_scratch,50,25,36,delete,48,0.000016557,delete,31,1,1.753608140
circular_graph,sparse_scratch,50,25,36,delete,48,0.000031856,delete,31,1,1.753608140
circular_graph,kaczmarz_warm_start,50,25,36,delete,48,0.000008429,delete,31,1,2.481793237
circular_graph,cached_dense_qr,50,25,37,delete,47,0.000016283,delete,46,1,1.667958026
circular_graph,dense_scratch,50,25,37,delete,47,0.000014158,delete,46,1,1.667958026
circular_graph,sparse_scratch,50,25,37,delete,47,0.000032834,delete,46,1,1.667958026
circular_graph,kaczmarz_warm_start,50,25,37,delete,47,0.000006523,delete,46,1,3.115770647
circular_graph,cached_dense_qr,50,25,38,delete,46,0.000016256,delete,67,1,1.625561908
circular_graph,dense_scratch,50,25,38,delete,46,0.000013580,delete,67,1,1.625561908
circular_graph,sparse_scratch,50,25,38,delete,46,0.000032513,delete,67,1,1.625561908
circular_graph,kaczmarz_warm_start,50,25,38,delete,46,0.000008100,delete,67,1,2.473027497
circular_graph,cached_dense_qr,50,25,39,delete,45,0.000016545,delete,35,1,1.439168491
circular_graph,dense_scratch,50,25,39,delete,45,0.000013554,delete,35,1,1.439168491
circular_graph,sparse_scratch,50,25,39,delete,45,0.000030842,delete,35,1,1.439168491
circular_graph,kaczmarz_warm_start,50,25,39,delete,45,0.000006279,delete,35,1,2.430432626
circular_graph,cached_dense_qr,50,25,40,modify,45,0.000014223,modify,37,1,1.474654494
circular_graph,dense_scratch,50,25,40,modify,45,0.000012774,modify,37,1,1.474654494
circular_graph,sparse_scratch,50,25,40,modify,45,0.000033742,modify,37,1,1.474654494
circular_graph,kaczmarz_warm_start,50,25,40,modify,45,0.000008037,modify,37,1,2.366673600
circular_graph,cached_dense_qr,50,25,41,add,46,0.000002850,add,88,1,1.474684879
circular_graph,dense_scratch,50,25,41,add,46,0.000014107,add,88,1,1.474684879
circular_graph,sparse_scratch,50,25,41,add,46,0.000031548,add,88,1,1.474684879
circular_graph,kaczmarz_warm_start,50,25,41,add,46,0.000006421,add,88,1,2.421771677
circular_graph,cached_dense_qr,50,25,42,add,47,0.000002824,add,93,1,1.476478070
circular_graph,dense_scratch,50,25,42,add,47,0.000014802,add,93,1,1.476478070
circular_graph,sparse_scratch,50,25,42,add,47,0.000030897,add,93,1,1.476478070
circular_graph,kaczmarz_warm_start,50,25,42,add,47,0.000008235,add,93,1,2.304369062
circular_graph,cached_dense_qr,50,25,43,add,48,0.000002768,add,87,1,1.478392536
circular_graph,dense_scratch,50,25,43,add,48,0.000020444,add,87,1,1.478392536
circular_graph,sparse_scratch,50,25,43,add,48,0.000030794,add,87,1,1.478392536
circular_graph,kaczmarz_warm_start,50,25,43,add,48,0.000006690,add,87,1,2.287413115
circular_graph,cached_dense_qr,50,25,44,add,49,0.000002660,add,59,1,1.478409390
circular_graph,dense_scratch,50,25,44,add,49,0.000019580,add,59,1,1.478409390
circular_graph,sparse_scratch,50,25,44,add,49,0.000030690,add,59,1,1.478409390
circular_graph,kaczmarz_warm_start,50,25,44,add,49,0.000008544,add,59,1,2.265502994
circular_graph,cached_dense_qr,50,25,45,add,50,0.000002785,add,14,1,1.545120487
circular_graph,dense_scratch,50,25,45,add,50,0.000020013,add,14,1,1.545120487
circular_graph,sparse_scratch,50,25,45,add,50,0.000036129,add,14,1,1.545120487
circular_graph,kaczmarz_warm_start,50,25,45,add,50,0.000006993,add,14,1,1.996209333
circular_graph,cached_dense_qr,50,25,46,add,51,0.000002740,add,67,1,1.587221065
circular_graph,dense_scratch,50,25,46,add,51,0.000020033,add,67,1,1.587221065
circular_graph,sparse_scratch,50,25,46,add,51,0.000033035,add,67,1,1.587221065
circular_graph,kaczmarz_warm_start,50,25,46,add,51,0.000008730,add,67,1,2.848469312
circular_graph,cached_dense_qr,50,25,47,add,52,0.000002756,add,1,1,1.650833994
circular_graph,dense_scratch,50,25,47,add,52,0.000020631,add,1,1,1.650833994
circular_graph,sparse_scratch,50,25,47,add,52,0.000034414,add,1,1,1.650833994
circular_graph,kaczmarz_warm_start,50,25,47,add,52,0.000007244,add,1,1,2.502403689
circular_graph,cached_dense_qr,50,25,48,add,53,0.000002714,add,66,1,1.652607185
circular_graph,dense_scratch,50,25,48,add,53,0.000020807,add,66,1,1.652607185
circular_graph,sparse_scratch,50,25,48,add,53,0.000034255,add,66,1,1.652607185
circular_graph,kaczmarz_warm_start,50,25,48,add,53,0.000009034,add,66,1,2.088260395
circular_graph,cached_dense_qr,50,25,49,delete,52,0.000020898,delete,16,1,1.650833994
circular_graph,dense_scratch,50,25,49,delete,52,0.000017649,delete,16,1,1.650833994
circular_graph,sparse_scratch,50,25,49,delete,52,0.000031861,delete,16,1,1.650833994
circular_graph,kaczmarz_warm_start,50,25,49,delete,52,0.000009559,delete,16,1,2.503880590
circular_graph,cached_dense_qr,100,50,0,delete,99,0.000088632,delete,68,1,3.134205192
circular_graph,dense_scratch,100,50,0,delete,99,0.000078634,delete,68,1,3.134205192
circular_graph,sparse_scratch,100,50,0,delete,99,0.000060432,delete,68,1,3.115426512
circular_graph,kaczmarz_warm_start,100,50,0,delete,99,0.000026372,delete,68,1,4.302978620
circular_graph,cached_dense_qr,100,50,1,add,100,0.000005910,add,132,1,3.134828295
circular_graph,dense_scratch,100,50,1,add,100,0.000078586,add,132,1,3.351189155
circular_graph,sparse_scratch,100,50,1,add,100,0.000054484,add,132,1,3.117754759
circular_graph,kaczmarz_warm_start,100,50,1,add,100,0.000026855,add,132,1,4.715334028
circular_graph,cached_dense_qr,100,50,2,delete,99,0.000086201,delete,71,1,3.167677333
circular_graph,dense_scratch,100,50,2,delete,99,0.000076120,delete,71,1,3.167677333
circular_graph,sparse_scratch,100,50,2,delete,99,0.000052941,delete,71,1,3.078541758
circular_graph,kaczmarz_warm_start,100,50,2,delete,99,0.000026563,delete,71,1,4.249540416
circular_graph,cached_dense_qr,100,50,3,delete,98,0.000083056,delete,4,1,3.107922085
circular_graph,dense_scratch,100,50,3,delete,98,0.000073232,delete,4,1,3.107922085
circular_graph,sparse_scratch,100,50,3,delete,98,0.000053507,delete,4,1,3.070892337
circular_graph,kaczmarz_warm_start,100,50,3,delete,98,0.000026239,delete,4,1,4.307061789
circular_graph,cached_dense_qr,100,50,4,modify,98,0.000066305,modify,14,1,3.270966027
circular_graph,dense_scratch,100,50,4,modify,98,0.000062694,modify,14,1,3.270966027
circular_graph,sparse_scratch,100,50,4,modify,98,0.000068318,modify,14,1,3.069030028
circular_graph,kaczmarz_warm_start,100,50,4,modify,98,0.000026427,modify,14,1,4.155310044
circular_graph,cached_dense_qr,100,50,5,delete,97,0.000086487,delete,14,1,2.940075334
circular_graph,dense_scratch,100,50,5,delete,97,0.000076847,delete,14,1,2.940075334
circular_graph,sparse_scratch,100,50,5,delete,97,0.000057523,delete,14,1,2.931940192
circular_graph,kaczmarz_warm_start,100,50,5,delete,97,0.000025924,delete,14,1,4.022883760
circular_graph,cached_dense_qr,100,50,6,modify,97,0.000068769,modify,79,1,3.156095293
circular_graph,dense_scratch,100,50,6,modify,97,0.000063166,modify,79,1,3.156095293
circular_graph,sparse_scratch,100,50,6,modify,97,0.000065558,modify,79,1,3.028510360
circular_graph,kaczmarz_warm_start,100,50,6,modify,97,0.000026050,modify,79,1,4.167512935
circular_graph,cached_dense_qr,100,50,7,modify,97,0.000068544,modify,92,1,3.194777614
circular_graph,dense_scratch,100,50,7,modify,97,0.000063612,modify,92,1,3.194777614
circular_graph,sparse_scratch,100,50,7,modify,97,0.000069119,modify,92,1,3.086807630
circular_graph,kaczmarz_warm_start,100,50,7,modify,97,0.000026068,modify,92,1,3.764814487
circular_graph,cached_dense_qr,100,50,8,add,98,0.000006169,add,126,1,3.223827912
circular_graph,dense_scratch,100,50,8,add,98,0.000070475,add,126,1,3.296726892
circular_graph,sparse_scratch,100,50,8,add,98,0.000066615,add,126,1,3.264877307
circular_graph,kaczmarz_warm_start,100,50,8,add,98,0.000026240,add,126,1,4.223297607
circular_graph,cached_dense_qr,100,50,9,add,99,0.000005966,add,158,1,3.333695456
circular_graph,dense_scratch,100,50,9,add,99,0.000078834,add,158,1,3.372693439
circular_graph,sparse_scratch,100,50,9,add,99,0.000068723,add,158,1,3.248130848
circular_graph,kaczmarz_warm_start,100,50,9,add,99,0.000026530,add,158,1,4.154487408
circular_graph,cached_dense_qr,100,50,10,modify,99,0.000073473,modify,58,1,3.381973409
circular_graph,dense_scratch,100,50,10,modify,99,0.000066985,modify,58,1,3.381973409
circular_graph,sparse_scratch,100,50,10,modify,99,0.000071442,modify,58,1,3.290018047
circular_graph,kaczmarz_warm_start,100,50,10,modify,99,0.000026681,modify,58,1,4.211575207
circular_graph,cached_dense_qr,100,50,11,delete,98,0.000071547,delete,81,1,3.372150490
circular_graph,dense_scratch,100,50,11,delete,98,0.000063356,delete,81,1,3.372150490
circular_graph,sparse_scratch,100,50,11,delete,98,0.000067226,delete,81,1,3.328280880
circular_graph,kaczmarz_warm_start,100,50,11,delete,98,0.000026478,delete,81,1,4.622597560
circular_graph,cached_dense_qr,100,50,12,add,99,0.000005966,add,133,1,3.486205027
circular_graph,dense_scratch,100,50,12,add,99,0.000071866,add,133,1,3.424549469
circular_graph,sparse_scratch,100,50,12,add,99,0.000064874,add,133,1,3.420554825
circular_graph,kaczmarz_warm_start,100,50,12,add,99,0.000026848,add,133,1,4.751445350
circular_graph,cached_dense_qr,100,50,13,add,100,0.000005851,add,138,1,3.507386180
circular_graph,dense_scratch,100,50,13,add,100,0.000068970,add,138,1,3.491094977
circular_graph,sparse_scratch,100,50,13,add,100,0.000073463,add,138,1,3.434977768
circular_graph,kaczmarz_warm_start,100,50,13,add,100,0.000027009,add,138,1,4.733627210
circular_graph,cached_dense_qr,100,50,14,modify,100,0.000065350,modify,15,1,3.451684159
circular_graph,dense_scratch,100,50,14,modify,100,0.000060585,modify,15,1,3.451684159
circular_graph,sparse_scratch,100,50,14,modify,100,0.000072835,modify,15,1,3.415269023
circular_graph,kaczmarz_warm_start,100,50,14,modify,100,0.000026878,modify,15,1,4.733627210
circular_graph,cached_dense_qr,100,50,15,add,101,0.000005866,add,128,1,3.474832786
circular_graph,dense_scratch,100,50,15,add,101,0.000078533,add,128,1,3.508334454
circular_graph,sparse_scratch,100,50,15,add,101,0.000070695,add,128,1,3.463114792
circular_graph,kaczmarz_warm_start,100,50,15,add,101,0.000025698,add,128,1,4.762146528
circular_graph,cached_dense_qr,100,50,16,add,102,0.000005906,add,120,1,3.521418837
circular_graph,dense_scratch,100,50,16,add,102,0.000073646,add,120,1,3.556773083
circular_graph,sparse_scratch,100,50,16,add,102,0.000071368,add,120,1,3.496903276
circular_graph,kaczmarz_warm_start,100,50,16,add,102,0.000027367,add,120,1,4.788782108
circular_graph,cached_dense_qr,100,50,17,add,103,0.000005765,add,142,1,3.538984892
circular_graph,dense_scratch,100,50,17,add,103,0.000079622,add,142,1,3.507638498
circular_graph,sparse_scratch,100,50,17,add,103,0.000075709,add,142,1,3.523082368
circular_graph,kaczmarz_warm_start,100,50,17,add,103,0.000027588,add,142,1,4.820540412
circular_graph,cached_dense_qr,100,50,18,delete,102,0.000074803,delete,44,1,3.507882098
circular_graph,dense_scratch,100,50,18,delete,102,0.000064512,delete,44,1,3.507882098
circular_graph,sparse_scratch,100,50,18,delete,102,0.000070639,delete,44,1,3.498124846
circular_graph,kaczmarz_warm_start,100,50,18,delete,102,0.000027311,delete,44,1,4.190071797
circular_graph,cached_dense_qr,100,50,19,modify,102,0.000066782,modify,60,1,3.505863183
circular_graph,dense_scratch,100,50,19,modify,102,0.000062473,modify,60,1,3.505863183
circular_graph,sparse_scratch,100,50,19,modify,102,0.000077984,modify,60,1,3.498648246
circular_graph,kaczmarz_warm_start,100,50,19,modify,102,0.000027616,modify,60,1,4.434342241
circular_graph,cached_dense_qr,100,50,20,delete,101,0.000078865,delete,7,1,3.468301280
circular_graph,dense_scratch,100,50,20,delete,101,0.000069335,delete,7,1,3.468301280
circular_graph,sparse_scratch,100,50,20,delete,101,0.000076557,delete,7,1,3.405891610
circular_graph,kaczmarz_warm_start,100,50,20,delete,101,0.000027259,delete,7,1,4.533108455
circular_graph,cached_dense_qr,100,50,21,modify,101,0.000069034,modify,2,1,3.430221342
circular_graph,dense_scratch,100,50,21,modify,101,0.000064467,modify,2,1,3.430221342
circular_graph,sparse_scratch,100,50,21,modify,101,0.000076508,modify,2,1,3.447933385
circular_graph,kaczmarz_warm_start,100,50,21,modify,101,0.000027650,modify,2,1,4.904464494
circular_graph,cached_dense_qr,100,50,22,delete,100,0.000070954,delete,138,1,3.421741222
circular_graph,dense_scratch,100,50,22,delete,100,0.000062999,delete,138,1,3.421741222
circular_graph,sparse_scratch,100,50,22,delete,100,0.000074649,delete,138,1,3.472056420
circular_graph,kaczmarz_warm_start,100,50,22,delete,100,0.000026754,delete,138,1,4.550209527
circular_graph,cached_dense_qr,100,50,23,modify,100,0.000062836,modify,45,1,3.433982575
circular_graph,dense_scratch,100,50,23,modify,100,0.000058938,modify,45,1,3.433982575
circular_graph,sparse_scratch,100,50,23,modify,100,0.000077848,modify,45,1,3.531250000
circular_graph,kaczmarz_warm_start,100,50,23,modify,100,0.000026937,modify,45,1,4.389818654
circular_graph,cached_dense_qr,100,50,24,add,101,0.000008102,add,121,1,3.547115906
circular_graph,dense_scratch,100,50,24,add,101,0.000077988,add,121,1,3.528388290
circular_graph,sparse_scratch,100,50,24,add,101,0.000077766,add,121,1,3.564829282
circular_graph,kaczmarz_warm_start,100,50,24,add,101,0.000027176,add,121,1,4.647879431
circular_graph,cached_dense_qr,100,50,25,add,102,0.000005879,add,112,1,3.654112623
circular_graph,dense_scratch,100,50,25,add,102,0.000073557,add,112,1,3.595549821
circular_graph,sparse_scratch,100,50,25,add,102,0.000078911,add,112,1,3.701715515
circular_graph,kaczmarz_warm_start,100,50,25,add,102,0.000027454,add,112,1,4.751265508
circular_graph,cached_dense_qr,100,50,26,delete,101,0.000078610,delete,8,1,3.665528092
circular_graph,dense_scratch,100,50,26,delete,101,0.000069129,delete,8,1,3.665528092
circular_graph,sparse_scratch,100,50,26,delete,101,0.000078762,delete,8,1,3.529495208
circular_graph,kaczmarz_warm_start,100,50,26,delete,101,0.000027341,delete,8,1,5.198876832
circular_graph,cached_dense_qr,100,50,27,add,102,0.000005783,add,149,1,3.724391729
circular_graph,dense_scratch,100,50,27,add,102,0.000072664,add,149,1,3.637538928
circular_graph,sparse_scratch,100,50,27,add,102,0.000086795,add,149,1,3.527419452
circular_graph,kaczmarz_warm_start,100,50,27,add,102,0.000027576,add,149,1,4.915521693
circular_graph,cached_dense_qr,100,50,28,add,103,0.000005857,add,71,1,3.661721334
circular_graph,dense_scratch,100,50,28,add,103,0.000078376,add,71,1,3.659320292
circular_graph,sparse_scratch,100,50,28,add,103,0.000079096,add,71,1,3.607345208
circular_graph,kaczmarz_warm_start,100,50,28,add,103,0.000027731,add,71,1,5.007148211
circular_graph,cached_dense_qr,100,50,29,add,104,0.000006027,add,114,1,3.710337122
circular_graph,dense_scratch,100,50,29,add,104,0.000067049,add,114,1,3.756870334
circular_graph,sparse_scratch,100,50,29,add,104,0.000075560,add,114,1,3.591065573
circular_graph,kaczmarz_warm_start,100,50,29,add,104,0.000027980,add,114,1,5.261984090
circular_graph,cached_dense_qr,100,50,30,modify,104,0.000064595,modify,94,1,3.731900085
circular_graph,dense_scratch,100,50,30,modify,104,0.000059860,modify,94,1,3.731900085
circular_graph,sparse_scratch,100,50,30,modify,104,0.000082018,modify,94,1,3.724367147
circular_graph,kaczmarz_warm_start,100,50,30,modify,104,0.000027751,modify,94,1,4.873854282
circular_graph,cached_dense_qr,100,50,31,delete,103,0.000080267,delete,6,1,3.754824777
circular_graph,dense_scratch,100,50,31,delete,103,0.000069092,delete,6,1,3.754824777
circular_graph,sparse_scratch,100,50,31,delete,103,0.000081707,delete,6,1,3.566823377
circular_graph,kaczmarz_warm_start,100,50,31,delete,103,0.000027677,delete,6,1,5.293003344
circular_graph,cached_dense_qr,100,50,32,add,104,0.000005993,add,119,1,3.799167020
circular_graph,dense_scratch,100,50,32,add,104,0.000065978,add,119,1,3.845871255
circular_graph,sparse_scratch,100,50,32,add,104,0.000077600,add,119,1,3.618031084
circular_graph,kaczmarz_warm_start,100,50,32,add,104,0.000027984,add,119,1,5.508034127
circular_graph,cached_dense_qr,100,50,33,add,105,0.000005912,add,107,1,3.774474576
circular_graph,dense_scratch,100,50,33,add,105,0.000079980,add,107,1,3.757455155
circular_graph,sparse_scratch,100,50,33,add,105,0.000075903,add,107,1,3.757782046
circular_graph,kaczmarz_warm_start,100,50,33,add,105,0.000028365,add,107,1,5.029510387
circular_graph,cached_dense_qr,100,50,34,modify,105,0.000075507,modify,126,1,3.531111723
circular_graph,dense_scratch,100,50,34,modify,105,0.000069617,modify,126,1,3.531111723
circular_graph,sparse_scratch,100,50,34,modify,105,0.000084481,modify,126,1,3.498081226
circular_graph,kaczmarz_warm_start,100,50,34,modify,105,0.000028260,modify,126,1,5.208267740
circular_graph,cached_dense_qr,100,50,35,delete,104,0.000066495,delete,66,1,3.634861653
circular_graph,dense_scratch,100,50,35,delete,104,0.000060924,delete,66,1,3.634861653
circular_graph,sparse_scratch,100,50,35,delete,104,0.000077863,delete,66,1,3.482178137
circular_graph,kaczmarz_warm_start,100,50,35,delete,104,0.000027933,delete,66,1,4.877536212
circular_graph,cached_dense_qr,100,50,36,add,105,0.000005869,add,141,1,3.592673497
circular_graph,dense_scratch,100,50,36,add,105,0.000074671,add,141,1,3.592350696
circular_graph,sparse_scratch,100,50,36,add,105,0.000076404,add,141,1,3.612189447
circular_graph,kaczmarz_warm_start,100,50,36,add,105,0.000028301,add,141,1,4.554514965
circular_graph,cached_dense_qr,100,50,37,delete,104,0.000063922,delete,46,1,3.670871289
circular_graph,dense_scratch,100,50,37,delete,104,0.000059589,delete,46,1,3.670871289
circular_graph,sparse_scratch,100,50,37,delete,104,0.000075063,delete,46,1,3.558600182
circular_graph,kaczmarz_warm_start,100,50,37,delete,104,0.000028062,delete,46,1,5.214147308
circular_graph,cached_dense_qr,100,50,38,modify,104,0.000066779,modify,20,1,3.680881574
circular_graph,dense_scratch,100,50,38,modify,104,0.000059410,modify,20,1,3.680881574
circular_graph,sparse_scratch,100,50,38,modify,104,0.000080187,modify,20,1,3.587673191
circular_graph,kaczmarz_warm_start,100,50,38,modify,104,0.000027931,modify,20,1,4.870647346
circular_graph,cached_dense_qr,100,50,39,add,105,0.000005989,add,154,1,3.858135318
circular_graph,dense_scratch,100,50,39,add,105,0.000077769,add,154,1,3.826380741
circular_graph,sparse_scratch,100,50,39,add,105,0.000077144,add,154,1,3.698474136
circular_graph,kaczmarz_warm_start,100,50,39,add,105,0.000028213,add,154,1,5.110766487
circular_graph,cached_dense_qr,100,50,40,modify,105,0.000075137,modify,22,1,3.829017753
circular_graph,dense_scratch,100,50,40,modify,105,0.000069060,modify,22,1,3.829017753
circular_graph,sparse_scratch,100,50,40,modify,105,0.000083920,modify,22,1,3.746590654
circular_graph,kaczmarz_warm_start,100,50,40,modify,105,0.000028337,modify,22,1,5.066501119
circular_graph,cached_dense_qr,100,50,41,add,106,0.000005851,add,118,1,3.862789481
circular_graph,dense_scratch,100,50,41,add,106,0.000075416,add,118,1,3.738517985
circular_graph,sparse_scratch,100,50,41,add,106,0.000083547,add,118,1,3.744048418
circular_graph,kaczmarz_warm_start,100,50,41,add,106,0.000028614,add,118,1,5.698242773
circular_graph,cached_dense_qr,100,50,42,add,107,0.000005768,add,123,1,3.819345800
circular_graph,dense_scratch,100,50,42,add,107,0.000080651,add,123,1,3.873686537
circular_graph,sparse_scratch,100,50,42,add,107,0.000085720,add,123,1,3.828125000
circular_graph,kaczmarz_warm_start,100,50,42,add,107,0.000029054,add,123,1,5.690660877
circular_graph,cached_dense_qr,100,50,43,modify,107,0.000076309,modify,97,1,3.795106327
circular_graph,dense_scratch,100,50,43,modify,107,0.000068700,modify,97,1,3.795106327
circular_graph,sparse_scratch,100,50,43,modify,107,0.000085063,modify,97,1,3.860387013
circular_graph,kaczmarz_warm_start,100,50,43,modify,107,0.000029095,modify,97,1,5.060982182
circular_graph,cached_dense_qr,100,50,44,add,108,0.000006094,add,108,1,3.878772499
circular_graph,dense_scratch,100,50,44,add,108,0.000072465,add,108,1,3.819217954
circular_graph,sparse_scratch,100,50,44,add,108,0.000083330,add,108,1,3.913892914
circular_graph,kaczmarz_warm_start,100,50,44,add,108,0.000032032,add,108,1,5.192811017
circular_graph,cached_dense_qr,100,50,45,add,109,0.000005925,add,122,1,3.904280754
circular_graph,dense_scratch,100,50,45,add,109,0.000081074,add,122,1,3.989696584
circular_graph,sparse_scratch,100,50,45,add,109,0.000086273,add,122,1,3.859912665
circular_graph,kaczmarz_warm_start,100,50,45,add,109,0.000029548,add,122,1,5.137447964
circular_graph,cached_dense_qr,100,50,46,add,110,0.000005680,add,136,1,3.861851195
circular_graph,dense_scratch,100,50,46,add,110,0.000077098,add,136,1,4.009205715
circular_graph,sparse_scratch,100,50,46,add,110,0.000085777,add,136,1,3.825806457
circular_graph,kaczmarz_warm_start,100,50,46,add,110,0.000029918,add,136,1,5.196857148
circular_graph,cached_dense_qr,100,50,47,add,111,0.000005748,add,147,1,3.985393559
circular_graph,dense_scratch,100,50,47,add,111,0.000081968,add,147,1,4.030585656
circular_graph,sparse_scratch,100,50,47,add,111,0.000084494,add,147,1,3.914553674
circular_graph,kaczmarz_warm_start,100,50,47,add,111,0.000029801,add,147,1,5.663848326
circular_graph,cached_dense_qr,100,50,48,delete,110,0.000075057,delete,89,1,3.987646099
circular_graph,dense_scratch,100,50,48,delete,110,0.000072046,delete,89,1,3.987646099
circular_graph,sparse_scratch,100,50,48,delete,110,0.000081287,delete,89,1,3.898376831
circular_graph,kaczmarz_warm_start,100,50,48,delete,110,0.000029890,delete,89,1,5.172724628
circular_graph,cached_dense_qr,100,50,49,add,111,0.000005896,add,103,1,4.004508339
circular_graph,dense_scratch,100,50,49,add,111,0.000078259,add,103,1,3.901772825
circular_graph,sparse_scratch,100,50,49,add,111,0.000088997,add,103,1,3.882152233
circular_graph,kaczmarz_warm_start,100,50,49,add,111,0.000029762,add,103,1,5.347125499
circular_graph,cached_dense_qr,500,250,0,delete,499,0.002705534,delete,301,1,6.834611479
circular_graph,dense_scratch,500,250,0,delete,499,0.002655328,delete,301,1,6.834611479
circular_graph,sparse_scratch,500,250,0,delete,499,0.000194093,delete,301,1,6.748468913
circular_graph,kaczmarz_warm_start,500,250,0,delete,499,0.000669689,delete,301,1,10.062132550
circular_graph,cached_dense_qr,500,250,1,delete,498,0.002621467,delete,20,1,6.772238937
circular_graph,dense_scratch,500,250,1,delete,498,0.002615810,delete,20,1,6.772238937
circular_graph,sparse_scratch,500,250,1,delete,498,0.000195791,delete,20,1,6.745515853
circular_graph,kaczmarz_warm_start,500,250,1,delete,498,0.000669360,delete,20,1,9.438480996
circular_graph,cached_dense_qr,500,250,2,add,499,0.000112731,add,515,1,6.772630971
circular_graph,dense_scratch,500,250,2,add,499,0.002707213,add,515,1,6.749326037
circular_graph,sparse_scratch,500,250,2,add,499,0.000188747,add,515,1,6.746497742
circular_graph,kaczmarz_warm_start,500,250,2,add,499,0.000670644,add,515,1,9.274372918
circular_graph,cached_dense_qr,500,250,3,delete,498,0.002662189,delete,453,1,6.737541853
circular_graph,dense_scratch,500,250,3,delete,498,0.002625820,delete,453,1,6.737541853
circular_graph,sparse_scratch,500,250,3,delete,498,0.000189274,delete,453,1,6.727449383
circular_graph,kaczmarz_warm_start,500,250,3,delete,498,0.000667197,delete,453,1,9.249378751
circular_graph,cached_dense_qr,500,250,4,add,499,0.000138400,add,533,1,6.738989999
circular_graph,dense_scratch,500,250,4,add,499,0.002780535,add,533,1,6.728488531
circular_graph,sparse_scratch,500,250,4,add,499,0.000197414,add,533,1,6.728456496
circular_graph,kaczmarz_warm_start,500,250,4,add,499,0.000669141,add,533,1,9.212012231
circular_graph,cached_dense_qr,500,250,5,add,500,0.000131063,add,521,1,6.745062258
circular_graph,dense_scratch,500,250,5,add,500,0.002677525,add,521,1,6.798132068
circular_graph,sparse_scratch,500,250,5,add,500,0.000188753,add,521,1,6.734787548
circular_graph,kaczmarz_warm_start,500,250,5,add,500,0.000672498,add,521,1,9.089503709
circular_graph,cached_dense_qr,500,250,6,add,501,0.000114013,add,543,1,6.746693119
circular_graph,dense_scratch,500,250,6,add,501,0.002712014,add,543,1,6.771756748
circular_graph,sparse_scratch,500,250,6,add,501,0.000195302,add,543,1,6.735789555
circular_graph,kaczmarz_warm_start,500,250,6,add,501,0.000677069,add,543,1,9.281052186
circular_graph,cached_dense_qr,500,250,7,modify,501,0.002583476,modify,182,1,6.674727070
circular_graph,dense_scratch,500,250,7,modify,501,0.002558038,modify,182,1,6.674727070
circular_graph,sparse_scratch,500,250,7,modify,501,0.001009814,modify,182,1,6.674522108
circular_graph,kaczmarz_warm_start,500,250,7,modify,501,0.000688537,modify,182,1,9.105048408
circular_graph,cached_dense_qr,500,250,8,add,502,0.000111859,add,504,1,6.739428119
circular_graph,dense_scratch,500,250,8,add,502,0.002545744,add,504,1,6.739375163
circular_graph,sparse_scratch,500,250,8,add,502,0.000972310,add,504,1,6.739185823
circular_graph,kaczmarz_warm_start,500,250,8,add,502,0.000690246,add,504,1,9.625370316
circular_graph,cached_dense_qr,500,250,9,add,503,0.000111816,add,506,1,6.740384658
circular_graph,dense_scratch,500,250,9,add,503,0.002597044,add,506,1,6.740351502
circular_graph,sparse_scratch,500,250,9,add,503,0.000985502,add,506,1,6.740170160
circular_graph,kaczmarz_warm_start,500,250,9,add,503,0.000695534,add,506,1,9.641542611
circular_graph,cached_dense_qr,500,250,10,modify,503,0.002590540,modify,23,1,6.722230933
circular_graph,dense_scratch,500,250,10,modify,503,0.002565952,modify,23,1,6.722230933
circular_graph,sparse_scratch,500,250,10,modify,503,0.000980472,modify,23,1,6.722005246
circular_graph,kaczmarz_warm_start,500,250,10,modify,503,0.000690215,modify,23,1,9.740387167
circular_graph,cached_dense_qr,500,250,11,modify,503,0.002587296,modify,278,1,6.702918337
circular_graph,dense_scratch,500,250,11,modify,503,0.002567005,modify,278,1,6.702918337
circular_graph,sparse_scratch,500,250,11,modify,503,0.001003717,modify,278,1,6.702696167
circular_graph,kaczmarz_warm_start,500,250,11,modify,503,0.000692775,modify,278,1,9.713000081
circular_graph,cached_dense_qr,500,250,12,delete,502,0.002548330,delete,286,1,6.699938901
circular_graph,dense_scratch,500,250,12,delete,502,0.002521431,delete,286,1,6.699938901
circular_graph,sparse_scratch,500,250,12,delete,502,0.001017499,delete,286,1,6.699779833
circular_graph,kaczmarz_warm_start,500,250,12,delete,502,0.000693999,delete,286,1,9.622277873
circular_graph,cached_dense_qr,500,250,13,delete,501,0.002589650,delete,75,1,6.697180917
circular_graph,dense_scratch,500,250,13,delete,501,0.002563008,delete,75,1,6.697180917
circular_graph,sparse_scratch,500,250,13,delete,501,0.001020869,delete,75,1,6.697034083
circular_graph,kaczmarz_warm_start,500,250,13,delete,501,0.000688616,delete,75,1,9.695838923
circular_graph,cached_dense_qr,500,250,14,add,502,0.000112214,add,552,1,6.698207754
circular_graph,dense_scratch,500,250,14,add,502,0.002565830,add,552,1,6.698171098
circular_graph,sparse_scratch,500,250,14,add,502,0.001031786,add,552,1,6.698025096
circular_graph,kaczmarz_warm_start,500,250,14,add,502,0.000693970,add,552,1,9.783058877
circular_graph,cached_dense_qr,500,250,15,add,503,0.000112331,add,503,1,6.699140512
circular_graph,dense_scratch,500,250,15,add,503,0.002590906,add,503,1,6.699125226
circular_graph,sparse_scratch,500,250,15,add,503,0.001012998,add,503,1,6.698998201
circular_graph,kaczmarz_warm_start,500,250,15,add,503,0.000693820,add,503,1,9.178015205
circular_graph,cached_dense_qr,500,250,16,add,504,0.000112706,add,505,1,6.700126604
circular_graph,dense_scratch,500,250,16,add,504,0.002514748,add,505,1,6.700127588
circular_graph,sparse_scratch,500,250,16,add,504,0.001002292,add,505,1,6.699956149
circular_graph,kaczmarz_warm_start,500,250,16,add,504,0.000695402,add,505,1,9.173409059
circular_graph,cached_dense_qr,500,250,17,add,505,0.000110532,add,453,1,6.718800044
circular_graph,dense_scratch,500,250,17,add,505,0.002645517,add,453,1,6.718774946
circular_graph,sparse_scratch,500,250,17,add,505,0.001040558,add,453,1,6.718578443
circular_graph,kaczmarz_warm_start,500,250,17,add,505,0.000694795,add,453,1,9.479654335
circular_graph,cached_dense_qr,500,250,18,modify,505,0.002647444,modify,0,1,6.659731730
circular_graph,dense_scratch,500,250,18,modify,505,0.002627017,modify,0,1,6.659731730
circular_graph,sparse_scratch,500,250,18,modify,505,0.001055900,modify,0,1,6.659607297
circular_graph,kaczmarz_warm_start,500,250,18,modify,505,0.000697959,modify,0,1,9.800664689
circular_graph,cached_dense_qr,500,250,19,delete,504,0.002515289,delete,391,1,6.656592402
circular_graph,dense_scratch,500,250,19,delete,504,0.002486493,delete,391,1,6.656592402
circular_graph,sparse_scratch,500,250,19,delete,504,0.000989840,delete,391,1,6.656435181
circular_graph,kaczmarz_warm_start,500,250,19,delete,504,0.000692748,delete,391,1,9.553869532
circular_graph,cached_dense_qr,500,250,20,modify,504,0.002510691,modify,406,1,6.594733107
circular_graph,dense_scratch,500,250,20,modify,504,0.002489454,modify,406,1,6.594733107
circular_graph,sparse_scratch,500,250,20,modify,504,0.001023549,modify,406,1,6.594582303
circular_graph,kaczmarz_warm_start,500,250,20,modify,504,0.000696113,modify,406,1,9.260004510
circular_graph,cached_dense_qr,500,250,21,modify,504,0.002517880,modify,404,1,6.575489102
circular_graph,dense_scratch,500,250,21,modify,504,0.002487741,modify,404,1,6.575489102
circular_graph,sparse_scratch,500,250,21,modify,504,0.001244006,modify,404,1,6.575344477
circular_graph,kaczmarz_warm_start,500,250,21,modify,504,0.000696082,modify,404,1,9.341381069
circular_graph,cached_dense_qr,500,250,22,add,505,0.000112119,add,75,1,6.577737069
circular_graph,dense_scratch,500,250,22,add,505,0.002627539,add,75,1,6.577766540
circular_graph,sparse_scratch,500,250,22,add,505,0.001059190,add,75,1,6.577545536
circular_graph,kaczmarz_warm_start,500,250,22,add,505,0.000698146,add,75,1,9.240546757
circular_graph,cached_dense_qr,500,250,23,delete,504,0.002507948,delete,496,1,6.574938825
circular_graph,dense_scratch,500,250,23,delete,504,0.002493839,delete,496,1,6.574938825
circular_graph,sparse_scratch,500,250,23,delete,504,0.001048877,delete,496,1,6.574761794
circular_graph,kaczmarz_warm_start,500,250,23,delete,504,0.000696219,delete,496,1,8.986302366
circular_graph,cached_dense_qr,500,250,24,add,505,0.000111962,add,526,1,6.576092372
circular_graph,dense_scratch,500,250,24,add,505,0.002624590,add,526,1,6.576151142
circular_graph,sparse_scratch,500,250,24,add,505,0.001063291,add,526,1,6.575928314
circular_graph,kaczmarz_warm_start,500,250,24,add,505,0.000696875,add,526,1,9.596614745
circular_graph,cached_dense_qr,500,250,25,modify,505,0.002638321,modify,117,1,6.573411589
circular_graph,dense_scratch,500,250,25,modify,505,0.002613910,modify,117,1,6.573411589
circular_graph,sparse_scratch,500,250,25,modify,505,0.001065750,modify,117,1,6.573165362
circular_graph,kaczmarz_warm_start,500,250,25,modify,505,0.000692624,modify,117,1,9.443805241
circular_graph,cached_dense_qr,500,250,26,modify,505,0.002637274,modify,439,1,6.557653118
circular_graph,dense_scratch,500,250,26,modify,505,0.002614831,modify,439,1,6.557653118
circular_graph,sparse_scratch,500,250,26,modify,505,0.001080591,modify,439,1,6.557416388
circular_graph,kaczmarz_warm_start,500,250,26,modify,505,0.000699309,modify,439,1,9.353515064
circular_graph,cached_dense_qr,500,250,27,add,506,0.000112221,add,556,1,6.563492365
circular_graph,dense_scratch,500,250,27,add,506,0.002604449,add,556,1,6.563477348
circular_graph,sparse_scratch,500,250,27,add,506,0.001062808,add,556,1,6.563264835
circular_graph,kaczmarz_warm_start,500,250,27,add,506,0.000700044,add,556,1,9.592556901
circular_graph,cached_dense_qr,500,250,28,add,507,0.000112251,add,548,1,6.564497326
circular_graph,dense_scratch,500,250,28,add,507,0.002655547,add,548,1,6.564423512
circular_graph,sparse_scratch,500,250,28,add,507,0.001079462,add,548,1,6.564255540
circular_graph,kaczmarz_warm_start,500,250,28,add,507,0.000697402,add,548,1,9.504627926
circular_graph,cached_dense_qr,500,250,29,add,508,0.000111793,add,523,1,6.584584315
circular_graph,dense_scratch,500,250,29,add,508,0.002575838,add,523,1,6.584443930
circular_graph,sparse_scratch,500,250,29,add,508,0.001069443,add,523,1,6.584294274
circular_graph,kaczmarz_warm_start,500,250,29,add,508,0.000702134,add,523,1,9.379681977
circular_graph,cached_dense_qr,500,250,30,delete,507,0.002657415,delete,59,1,6.580702433
circular_graph,dense_scratch,500,250,30,delete,507,0.002635246,delete,59,1,6.580702433
circular_graph,sparse_scratch,500,250,30,delete,507,0.001072147,delete,59,1,6.580586464
circular_graph,kaczmarz_warm_start,500,250,30,delete,507,0.000699387,delete,59,1,9.095725995
circular_graph,cached_dense_qr,500,250,31,add,508,0.000112931,add,286,1,6.584235510
circular_graph,dense_scratch,500,250,31,add,508,0.002562960,add,286,1,6.584237225
circular_graph,sparse_scratch,500,250,31,add,508,0.001068855,add,286,1,6.584050498
circular_graph,kaczmarz_warm_start,500,250,31,add,508,0.000700077,add,286,1,9.655513196
circular_graph,cached_dense_qr,500,250,32,delete,507,0.002661649,delete,494,1,6.581559564
circular_graph,dense_scratch,500,250,32,delete,507,0.002637021,delete,494,1,6.581559564
circular_graph,sparse_scratch,500,250,32,delete,507,0.001082914,delete,494,1,6.581396060
circular_graph,kaczmarz_warm_start,500,250,32,delete,507,0.000696181,delete,494,1,9.659424127
circular_graph,cached_dense_qr,500,250,33,delete,506,0.002604701,delete,124,1,6.579318775
circular_graph,dense_scratch,500,250,33,delete,506,0.002578180,delete,124,1,6.579318775
circular_graph,sparse_scratch,500,250,33,delete,506,0.001083483,delete,124,1,6.579126831
circular_graph,kaczmarz_warm_start,500,250,33,delete,506,0.000692482,delete,124,1,9.235974830
circular_graph,cached_dense_qr,500,250,34,add,507,0.000114437,add,519,1,6.580101759
circular_graph,dense_scratch,500,250,34,add,507,0.002659223,add,519,1,6.580170221
circular_graph,sparse_scratch,500,250,34,add,507,0.001088447,add,519,1,6.579983247
circular_graph,kaczmarz_warm_start,500,250,34,add,507,0.000700796,add,519,1,9.144248740
circular_graph,cached_dense_qr,500,250,35,delete,506,0.002609525,delete,499,1,6.577859058
circular_graph,dense_scratch,500,250,35,delete,506,0.002586653,delete,499,1,6.577859058
circular_graph,sparse_scratch,500,250,35,delete,506,0.001064312,delete,499,1,6.577756595
circular_graph,kaczmarz_warm_start,500,250,35,delete,506,0.000696736,delete,499,1,9.377757771
circular_graph,cached_dense_qr,500,250,36,add,507,0.000113538,add,301,1,6.643012178
circular_graph,dense_scratch,500,250,36,add,507,0.002646020,add,301,1,6.643047026
circular_graph,sparse_scratch,500,250,36,add,507,0.001061142,add,301,1,6.642865089
circular_graph,kaczmarz_warm_start,500,250,36,add,507,0.000698683,add,301,1,9.863769752
circular_graph,cached_dense_qr,500,250,37,delete,506,0.002610813,delete,270,1,6.465114176
circular_graph,dense_scratch,500,250,37,delete,506,0.002585195,delete,270,1,6.465114176
circular_graph,sparse_scratch,500,250,37,delete,506,0.001063173,delete,270,1,6.464936556
circular_graph,kaczmarz_warm_start,500,250,37,delete,506,0.000698334,delete,270,1,9.200394422
circular_graph,cached_dense_qr,500,250,38,delete,505,0.002646810,delete,32,1,6.464725866
circular_graph,dense_scratch,500,250,38,delete,505,0.002618763,delete,32,1,6.464725866
circular_graph,sparse_scratch,500,250,38,delete,505,0.001265514,delete,32,1,6.464376367
circular_graph,kaczmarz_warm_start,500,250,38,delete,505,0.000694622,delete,32,1,9.341722750
circular_graph,cached_dense_qr,500,250,39,add,506,0.000112323,add,512,1,6.464630649
circular_graph,dense_scratch,500,250,39,add,506,0.002612373,add,512,1,6.464766972
circular_graph,sparse_scratch,500,250,39,add,506,0.001278615,add,512,1,6.464612153
circular_graph,kaczmarz_warm_start,500,250,39,add,506,0.000698554,add,512,1,9.360299257
circular_graph,cached_dense_qr,500,250,40,add,507,0.000112112,add,534,1,6.465029075
circular_graph,dense_scratch,500,250,40,add,507,0.002658723,add,534,1,6.465151758
circular_graph,sparse_scratch,500,250,40,add,507,0.001078543,add,534,1,6.464833821
circular_graph,kaczmarz_warm_start,500,250,40,add,507,0.000699148,add,534,1,9.800917636
circular_graph,cached_dense_qr,500,250,41,delete,506,0.002625634,delete,390,1,6.452615713
circular_graph,dense_scratch,500,250,41,delete,506,0.002582255,delete,390,1,6.452615713
circular_graph,sparse_scratch,500,250,41,delete,506,0.001063638,delete,390,1,6.452442832
circular_graph,kaczmarz_warm_start,500,250,41,delete,506,0.000699585,delete,390,1,9.471906838
circular_graph,cached_dense_qr,500,250,42,delete,505,0.002643000,delete,96,1,6.451130230
circular_graph,dense_scratch,500,250,42,delete,505,0.002617222,delete,96,1,6.451130230
circular_graph,sparse_scratch,500,250,42,delete,505,0.001250100,delete,96,1,6.451102547
circular_graph,kaczmarz_warm_start,500,250,42,delete,505,0.000697942,delete,96,1,9.508552846
circular_graph,cached_dense_qr,500,250,43,add,506,0.000115687,add,20,1,6.620398837
circular_graph,dense_scratch,500,250,43,add,506,0.002608292,add,20,1,6.620518726
circular_graph,sparse_scratch,500,250,43,add,506,0.001068077,add,20,1,6.620282045
circular_graph,kaczmarz_warm_start,500,250,43,add,506,0.000699181,add,20,1,9.485814908
circular_graph,cached_dense_qr,500,250,44,add,507,0.000118040,add,541,1,6.621971010
circular_graph,dense_scratch,500,250,44,add,507,0.002807827,add,541,1,6.621931424
circular_graph,sparse_scratch,500,250,44,add,507,0.001287687,add,541,1,6.621705788
circular_graph,kaczmarz_warm_start,500,250,44,add,507,0.000697023,add,541,1,9.747211537
circular_graph,cached_dense_qr,500,250,45,delete,506,0.002614725,delete,162,1,6.618480952
circular_graph,dense_scratch,500,250,45,delete,506,0.002584629,delete,162,1,6.618480952
circular_graph,sparse_scratch,500,250,45,delete,506,0.001066260,delete,162,1,6.618349891
circular_graph,kaczmarz_warm_start,500,250,45,delete,506,0.000698595,delete,162,1,9.868939342
circular_graph,cached_dense_qr,500,250,46,delete,505,0.002645107,delete,137,1,6.615466280
circular_graph,dense_scratch,500,250,46,delete,505,0.002619741,delete,137,1,6.615466280
circular_graph,sparse_scratch,500,250,46,delete,505,0.001246751,delete,137,1,6.615354441
circular_graph,kaczmarz_warm_start,500,250,46,delete,505,0.000693561,delete,137,1,9.018303121
circular_graph,cached_dense_qr,500,250,47,modify,505,0.002650630,modify,365,1,6.613564249
circular_graph,dense_scratch,500,250,47,modify,505,0.002617098,modify,365,1,6.613564249
circular_graph,sparse_scratch,500,250,47,modify,505,0.001240282,modify,365,1,6.613449577
circular_graph,kaczmarz_warm_start,500,250,47,modify,505,0.000698037,modify,365,1,9.489308920
circular_graph,cached_dense_qr,500,250,48,modify,505,0.002646229,modify,41,1,6.617705068
circular_graph,dense_scratch,500,250,48,modify,505,0.002613970,modify,41,1,6.617705068
circular_graph,sparse_scratch,500,250,48,modify,505,0.001265972,modify,41,1,6.617624114
circular_graph,kaczmarz_warm_start,500,250,48,modify,505,0.000695714,modify,41,1,9.180632017
circular_graph,cached_dense_qr,500,250,49,add,506,0.000115305,add,557,1,6.618863777
circular_graph,dense_scratch,500,250,49,add,506,0.002599628,add,557,1,6.618702483
circular_graph,sparse_scratch,500,250,49,add,506,0.001269778,add,557,1,6.618553167
circular_graph,kaczmarz_warm_start,500,250,49,add,506,0.000699795,add,557,1,9.014582549
circular_graph,cached_dense_qr,1000,500,0,modify,1000,0.014349398,modify,408,1,9.587845218
circular_graph,dense_scratch,1000,500,0,modify,1000,0.013665333,modify,408,1,9.587845218
circular_graph,sparse_scratch,1000,500,0,modify,1000,0.004205076,modify,408,1,9.586999761
circular_graph,kaczmarz_warm_start,1000,500,0,modify,1000,0.003322208,modify,408,1,13.323530901
circular_graph,cached_dense_qr,1000,500,1,add,1001,0.000656088,add,1034,1,9.588452545
circular_graph,dense_scratch,1000,500,1,add,1001,0.014027906,add,1034,1,9.588388890
circular_graph,sparse_scratch,1000,500,1,add,1001,0.004229057,add,1034,1,9.587709793
circular_graph,kaczmarz_warm_start,1000,500,1,add,1001,0.003330319,add,1034,1,13.662321020
circular_graph,cached_dense_qr,1000,500,2,modify,1001,0.013997700,modify,580,1,9.586789119
circular_graph,dense_scratch,1000,500,2,modify,1001,0.014082853,modify,580,1,9.586789119
circular_graph,sparse_scratch,1000,500,2,modify,1001,0.004251582,modify,580,1,9.585979284
circular_graph,kaczmarz_warm_start,1000,500,2,modify,1001,0.003343634,modify,580,1,13.589947294
circular_graph,cached_dense_qr,1000,500,3,add,1002,0.000642059,add,1055,1,9.587395518
circular_graph,dense_scratch,1000,500,3,add,1002,0.013796062,add,1055,1,9.587413373
circular_graph,sparse_scratch,1000,500,3,add,1002,0.004242050,add,1055,1,9.586647461
circular_graph,kaczmarz_warm_start,1000,500,3,add,1002,0.003334863,add,1055,1,13.705635424
circular_graph,cached_dense_qr,1000,500,4,modify,1002,0.013816692,modify,493,1,9.586305793
circular_graph,dense_scratch,1000,500,4,modify,1002,0.013994471,modify,493,1,9.586305793
circular_graph,sparse_scratch,1000,500,4,modify,1002,0.004329300,modify,493,1,9.585274746
circular_graph,kaczmarz_warm_start,1000,500,4,modify,1002,0.003341523,modify,493,1,13.818495644
circular_graph,cached_dense_qr,1000,500,5,modify,1002,0.013780568,modify,225,1,9.583898400
circular_graph,dense_scratch,1000,500,5,modify,1002,0.013752545,modify,225,1,9.583898400
circular_graph,sparse_scratch,1000,500,5,modify,1002,0.004993765,modify,225,1,9.583046127
circular_graph,kaczmarz_warm_start,1000,500,5,modify,1002,0.003348178,modify,225,1,13.658693318
circular_graph,cached_dense_qr,1000,500,6,delete,1001,0.013982730,delete,228,1,9.571388552
circular_graph,dense_scratch,1000,500,6,delete,1001,0.013961631,delete,228,1,9.571388552
circular_graph,sparse_scratch,1000,500,6,delete,1001,0.004409287,delete,228,1,9.570310158
circular_graph,kaczmarz_warm_start,1000,500,6,delete,1001,0.003360271,delete,228,1,13.459634090
circular_graph,cached_dense_qr,1000,500,7,add,1002,0.000686816,add,1019,1,9.571930766
circular_graph,dense_scratch,1000,500,7,add,1002,0.013812989,add,1019,1,9.571985464
circular_graph,sparse_scratch,1000,500,7,add,1002,0.004338299,add,1019,1,9.571043300
circular_graph,kaczmarz_warm_start,1000,500,7,add,1002,0.003341145,add,1019,1,13.793432271
circular_graph,cached_dense_qr,1000,500,8,add,1003,0.000657827,add,1026,1,9.572845597
circular_graph,dense_scratch,1000,500,8,add,1003,0.014076973,add,1026,1,9.572734965
circular_graph,sparse_scratch,1000,500,8,add,1003,0.004403223,add,1026,1,9.571774641
circular_graph,kaczmarz_warm_start,1000,500,8,add,1003,0.003351738,add,1026,1,13.942899368
circular_graph,cached_dense_qr,1000,500,9,delete,1002,0.013825683,delete,178,1,9.570496700
circular_graph,dense_scratch,1000,500,9,delete,1002,0.013867031,delete,178,1,9.570496700
circular_graph,sparse_scratch,1000,500,9,delete,1002,0.004333309,delete,178,1,9.569424983
circular_graph,kaczmarz_warm_start,1000,500,9,delete,1002,0.003329938,delete,178,1,13.450661818
circular_graph,cached_dense_qr,1000,500,10,modify,1002,0.013845515,modify,599,1,9.568725554
circular_graph,dense_scratch,1000,500,10,modify,1002,0.013787578,modify,599,1,9.568725554
circular_graph,sparse_scratch,1000,500,10,modify,1002,0.004316598,modify,599,1,9.567937215
circular_graph,kaczmarz_warm_start,1000,500,10,modify,1002,0.003358672,modify,599,1,13.640883680
circular_graph,cached_dense_qr,1000,500,11,add,1003,0.000640364,add,1006,1,9.569310375
circular_graph,dense_scratch,1000,500,11,add,1003,0.014077710,add,1006,1,9.569215199
circular_graph,sparse_scratch,1000,500,11,add,1003,0.004370097,add,1006,1,9.568595639
circular_graph,kaczmarz_warm_start,1000,500,11,add,1003,0.003347755,add,1006,1,13.744102739
circular_graph,cached_dense_qr,1000,500,12,add,1004,0.000657102,add,1045,1,9.570246183
circular_graph,dense_scratch,1000,500,12,add,1004,0.013523297,add,1045,1,9.570189133
circular_graph,sparse_scratch,1000,500,12,add,1004,0.004361378,add,1045,1,9.569268717
circular_graph,kaczmarz_warm_start,1000,500,12,add,1004,0.003352062,add,1045,1,13.158621930
circular_graph,cached_dense_qr,1000,500,13,add,1005,0.000661747,add,178,1,9.572664332
circular_graph,dense_scratch,1000,500,13,add,1005,0.014052759,add,178,1,9.572415864
circular_graph,sparse_scratch,1000,500,13,add,1005,0.004402518,add,178,1,9.571569991
circular_graph,kaczmarz_warm_start,1000,500,13,add,1005,0.003373879,add,178,1,13.811143834
circular_graph,cached_dense_qr,1000,500,14,add,1006,0.000657658,add,1003,1,9.573181470
circular_graph,dense_scratch,1000,500,14,add,1006,0.013894559,add,1003,1,9.573267839
circular_graph,sparse_scratch,1000,500,14,add,1006,0.004339731,add,1003,1,9.572378105
circular_graph,kaczmarz_warm_start,1000,500,14,add,1006,0.003356694,add,1003,1,13.447915410
circular_graph,cached_dense_qr,1000,500,15,delete,1005,0.014060484,delete,161,1,9.530664395
circular_graph,dense_scratch,1000,500,15,delete,1005,0.014076000,delete,161,1,9.530664395
circular_graph,sparse_scratch,1000,500,15,delete,1005,0.004324934,delete,161,1,9.529842786
circular_graph,kaczmarz_warm_start,1000,500,15,delete,1005,0.003366964,delete,161,1,14.085478933
circular_graph,cached_dense_qr,1000,500,16,modify,1005,0.014024020,modify,699,1,9.528411643
circular_graph,dense_scratch,1000,500,16,modify,1005,0.014004431,modify,699,1,9.528411643
circular_graph,sparse_scratch,1000,500,16,modify,1005,0.004363732,modify,699,1,9.527400406
circular_graph,kaczmarz_warm_start,1000,500,16,modify,1005,0.003375458,modify,699,1,13.449335537
circular_graph,cached_dense_qr,1000,500,17,add,1006,0.000642678,add,1052,1,9.529317191
circular_graph,dense_scratch,1000,500,17,add,1006,0.013906873,add,1052,1,9.529540912
circular_graph,sparse_scratch,1000,500,17,add,1006,0.004331642,add,1052,1,9.528146157
circular_graph,kaczmarz_warm_start,1000,500,17,add,1006,0.003359520,add,1052,1,13.896902239
circular_graph,cached_dense_qr,1000,500,18,modify,1006,0.013924070,modify,475,1,9.528174132
circular_graph,dense_scratch,1000,500,18,modify,1006,0.013903095,modify,475,1,9.528174132
circular_graph,sparse_scratch,1000,500,18,modify,1006,0.004357089,modify,475,1,9.527358665
circular_graph,kaczmarz_warm_start,1000,500,18,modify,1006,0.003382723,modify,475,1,13.343393004
circular_graph,cached_dense_qr,1000,500,19,modify,1006,0.013861894,modify,692,1,9.527360817
circular_graph,dense_scratch,1000,500,19,modify,1006,0.013857966,modify,692,1,9.527360817
circular_graph,sparse_scratch,1000,500,19,modify,1006,0.004412710,modify,692,1,9.526636627
circular_graph,kaczmarz_warm_start,1000,500,19,modify,1006,0.003371356,modify,692,1,13.840413572
circular_graph,cached_dense_qr,1000,500,20,modify,1006,0.013868900,modify,120,1,9.525910229
circular_graph,dense_scratch,1000,500,20,modify,1006,0.013875120,modify,120,1,9.525910229
circular_graph,sparse_scratch,1000,500,20,modify,1006,0.004376232,modify,120,1,9.525070939
circular_graph,kaczmarz_warm_start,1000,500,20,modify,1006,0.003347565,modify,120,1,13.625340799
circular_graph,cached_dense_qr,1000,500,21,add,1007,0.000641397,add,1018,1,9.530569033
circular_graph,dense_scratch,1000,500,21,add,1007,0.014140768,add,1018,1,9.530485179
circular_graph,sparse_scratch,1000,500,21,add,1007,0.004427648,add,1018,1,9.529436883
circular_graph,kaczmarz_warm_start,1000,500,21,add,1007,0.003364475,add,1018,1,13.660090659
circular_graph,cached_dense_qr,1000,500,22,modify,1007,0.014154213,modify,729,1,9.535633217
circular_graph,dense_scratch,1000,500,22,modify,1007,0.014168427,modify,729,1,9.535633217
circular_graph,sparse_scratch,1000,500,22,modify,1007,0.004353891,modify,729,1,9.534488115
circular_graph,kaczmarz_warm_start,1000,500,22,modify,1007,0.003380670,modify,729,1,13.730896736
circular_graph,cached_dense_qr,1000,500,23,modify,1007,0.014066788,modify,768,1,9.533926166
circular_graph,dense_scratch,1000,500,23,modify,1007,0.014059243,modify,768,1,9.533926166
circular_graph,sparse_scratch,1000,500,23,modify,1007,0.004495224,modify,768,1,9.533114742
circular_graph,kaczmarz_warm_start,1000,500,23,modify,1007,0.003377601,modify,768,1,13.569777861
circular_graph,cached_dense_qr,1000,500,24,delete,1006,0.013850892,delete,673,1,9.532714531
circular_graph,dense_scratch,1000,500,24,delete,1006,0.013832723,delete,673,1,9.532714531
circular_graph,sparse_scratch,1000,500,24,delete,1006,0.004385735,delete,673,1,9.530833551
circular_graph,kaczmarz_warm_start,1000,500,24,delete,1006,0.003367823,delete,673,1,13.976262677
circular_graph,cached_dense_qr,1000,500,25,delete,1005,0.014039725,delete,671,1,9.530403375
circular_graph,dense_scratch,1000,500,25,delete,1005,0.013998082,delete,671,1,9.530403375
circular_graph,sparse_scratch,1000,500,25,delete,1005,0.004438714,delete,671,1,9.529087860
circular_graph,kaczmarz_warm_start,1000,500,25,delete,1005,0.003351832,delete,671,1,14.083816953
circular_graph,cached_dense_qr,1000,500,26,delete,1004,0.013848885,delete,365,1,9.529220415
circular_graph,dense_scratch,1000,500,26,delete,1004,0.013813156,delete,365,1,9.529220415
circular_graph,sparse_scratch,1000,500,26,delete,1004,0.004427723,delete,365,1,9.528214569
circular_graph,kaczmarz_warm_start,1000,500,26,delete,1004,0.003365578,delete,365,1,14.251289510
circular_graph,cached_dense_qr,1000,500,27,modify,1004,0.013831976,modify,483,1,9.490231963
circular_graph,dense_scratch,1000,500,27,modify,1004,0.013816128,modify,483,1,9.490231963
circular_graph,sparse_scratch,1000,500,27,modify,1004,0.004520409,modify,483,1,9.488557550
circular_graph,kaczmarz_warm_start,1000,500,27,modify,1004,0.003369480,modify,483,1,13.696398416
circular_graph,cached_dense_qr,1000,500,28,add,1005,0.000644685,add,1041,1,9.490444296
circular_graph,dense_scratch,1000,500,28,add,1005,0.014051995,add,1041,1,9.490044497
circular_graph,sparse_scratch,1000,500,28,add,1005,0.004460518,add,1041,1,9.489189874
circular_graph,kaczmarz_warm_start,1000,500,28,add,1005,0.003370805,add,1041,1,13.345638776
circular_graph,cached_dense_qr,1000,500,29,add,1006,0.000674953,add,1036,1,9.534420999
circular_graph,dense_scratch,1000,500,29,add,1006,0.013940707,add,1036,1,9.534638150
circular_graph,sparse_scratch,1000,500,29,add,1006,0.004443084,add,1036,1,9.533249892
circular_graph,kaczmarz_warm_start,1000,500,29,add,1006,0.003373391,add,1036,1,13.208117526
circular_graph,cached_dense_qr,1000,500,30,add,1007,0.000660675,add,1037,1,9.535153750
circular_graph,dense_scratch,1000,500,30,add,1007,0.014174804,add,1037,1,9.535160101
circular_graph,sparse_scratch,1000,500,30,add,1007,0.004463691,add,1037,1,9.533983883
circular_graph,kaczmarz_warm_start,1000,500,30,add,1007,0.003365614,add,1037,1,14.084308346
circular_graph,cached_dense_qr,1000,500,31,modify,1007,0.014177934,modify,435,1,9.533666848
circular_graph,dense_scratch,1000,500,31,modify,1007,0.014185839,modify,435,1,9.533666848
circular_graph,sparse_scratch,1000,500,31,modify,1007,0.004600266,modify,435,1,9.532249986
circular_graph,kaczmarz_warm_start,1000,500,31,modify,1007,0.003369278,modify,435,1,13.911018668
circular_graph,cached_dense_qr,1000,500,32,delete,1006,0.013955443,delete,389,1,9.520745815
circular_graph,dense_scratch,1000,500,32,delete,1006,0.013901655,delete,389,1,9.520745815
circular_graph,sparse_scratch,1000,500,32,delete,1006,0.004512076,delete,389,1,9.519720302
circular_graph,kaczmarz_warm_start,1000,500,32,delete,1006,0.003358657,delete,389,1,13.697201787
circular_graph,cached_dense_qr,1000,500,33,modify,1006,0.013916032,modify,300,1,9.521589443
circular_graph,dense_scratch,1000,500,33,modify,1006,0.013852970,modify,300,1,9.521589443
circular_graph,sparse_scratch,1000,500,33,modify,1006,0.004490889,modify,300,1,9.519918942
circular_graph,kaczmarz_warm_start,1000,500,33,modify,1006,0.003355770,modify,300,1,13.573528289
circular_graph,cached_dense_qr,1000,500,34,modify,1006,0.013862747,modify,592,1,9.519346678
circular_graph,dense_scratch,1000,500,34,modify,1006,0.013847905,modify,592,1,9.519346678
circular_graph,sparse_scratch,1000,500,34,modify,1006,0.004572516,modify,592,1,9.518165249
circular_graph,kaczmarz_warm_start,1000,500,34,modify,1006,0.003343123,modify,592,1,13.671110888
circular_graph,cached_dense_qr,1000,500,35,modify,1006,0.013860927,modify,422,1,9.519108891
circular_graph,dense_scratch,1000,500,35,modify,1006,0.013847284,modify,422,1,9.519108891
circular_graph,sparse_scratch,1000,500,35,modify,1006,0.004546316,modify,422,1,9.518159438
circular_graph,kaczmarz_warm_start,1000,500,35,modify,1006,0.003357186,modify,422,1,13.545935232
circular_graph,cached_dense_qr,1000,500,36,add,1007,0.000642806,add,1004,1,9.523722594
circular_graph,dense_scratch,1000,500,36,add,1007,0.014135958,add,1004,1,9.523607498
circular_graph,sparse_scratch,1000,500,36,add,1007,0.004576250,add,1004,1,9.522104059
circular_graph,kaczmarz_warm_start,1000,500,36,add,1007,0.003389974,add,1004,1,13.309609337
circular_graph,cached_dense_qr,1000,500,37,delete,1006,0.013912043,delete,501,1,9.522370965
circular_graph,dense_scratch,1000,500,37,delete,1006,0.013919034,delete,501,1,9.522370965
circular_graph,sparse_scratch,1000,500,37,delete,1006,0.004537974,delete,501,1,9.520618964
circular_graph,kaczmarz_warm_start,1000,500,37,delete,1006,0.003353983,delete,501,1,14.005728163
circular_graph,cached_dense_qr,1000,500,38,delete,1005,0.014026148,delete,192,1,9.467916370
circular_graph,dense_scratch,1000,500,38,delete,1005,0.014003673,delete,192,1,9.467916370
circular_graph,sparse_scratch,1000,500,38,delete,1005,0.004568626,delete,192,1,9.466745700
circular_graph,kaczmarz_warm_start,1000,500,38,delete,1005,0.003351151,delete,192,1,13.817340193
circular_graph,cached_dense_qr,1000,500,39,add,1006,0.000651930,add,1015,1,9.519223001
circular_graph,dense_scratch,1000,500,39,add,1006,0.013899868,add,1015,1,9.519421313
circular_graph,sparse_scratch,1000,500,39,add,1006,0.004529817,add,1015,1,9.517952382
circular_graph,kaczmarz_warm_start,1000,500,39,add,1006,0.003365646,add,1015,1,14.156475621
circular_graph,cached_dense_qr,1000,500,40,add,1007,0.000658552,add,1023,1,9.520839784
circular_graph,dense_scratch,1000,500,40,add,1007,0.014139466,add,1023,1,9.520410246
circular_graph,sparse_scratch,1000,500,40,add,1007,0.004560829,add,1023,1,9.519233220
circular_graph,kaczmarz_warm_start,1000,500,40,add,1007,0.003375441,add,1023,1,13.881875474
circular_graph,cached_dense_qr,1000,500,41,modify,1007,0.014142310,modify,35,1,9.472062856
circular_graph,dense_scratch,1000,500,41,modify,1007,0.014180012,modify,35,1,9.472062856
circular_graph,sparse_scratch,1000,500,41,modify,1007,0.004589803,modify,35,1,9.469855316
circular_graph,kaczmarz_warm_start,1000,500,41,modify,1007,0.003368350,modify,35,1,13.982556520
circular_graph,cached_dense_qr,1000,500,42,add,1008,0.000640860,add,192,1,9.529788646
circular_graph,dense_scratch,1000,500,42,add,1008,0.014036963,add,192,1,9.528853719
circular_graph,sparse_scratch,1000,500,42,add,1008,0.004796935,add,192,1,9.527719926
circular_graph,kaczmarz_warm_start,1000,500,42,add,1008,0.003361726,add,192,1,13.821271131
circular_graph,cached_dense_qr,1000,500,43,modify,1008,0.014045592,modify,787,1,9.516426353
circular_graph,dense_scratch,1000,500,43,modify,1008,0.013478541,modify,787,1,9.516426353
circular_graph,sparse_scratch,1000,500,43,modify,1008,0.004482328,modify,787,1,9.514995548
circular_graph,kaczmarz_warm_start,1000,500,43,modify,1008,0.003379735,modify,787,1,13.723039317
circular_graph,cached_dense_qr,1000,500,44,modify,1008,0.013457665,modify,23,1,9.515685935
circular_graph,dense_scratch,1000,500,44,modify,1008,0.014002998,modify,23,1,9.515685935
circular_graph,sparse_scratch,1000,500,44,modify,1008,0.004725234,modify,23,1,9.514340582
circular_graph,kaczmarz_warm_start,1000,500,44,modify,1008,0.003379273,modify,23,1,14.024874082
circular_graph,cached_dense_qr,1000,500,45,add,1009,0.000645165,add,1032,1,9.521711398
circular_graph,dense_scratch,1000,500,45,add,1009,0.014120361,add,1032,1,9.521095645
circular_graph,sparse_scratch,1000,500,45,add,1009,0.004710712,add,1032,1,9.519871571
circular_graph,kaczmarz_warm_start,1000,500,45,add,1009,0.003369786,add,1032,1,13.690624499
circular_graph,cached_dense_qr,1000,500,46,modify,1009,0.014131961,modify,111,1,9.519690499
circular_graph,dense_scratch,1000,500,46,modify,1009,0.014160303,modify,111,1,9.519690499
circular_graph,sparse_scratch,1000,500,46,modify,1009,0.004705223,modify,111,1,9.518804824
circular_graph,kaczmarz_warm_start,1000,500,46,modify,1009,0.003378878,modify,111,1,14.119597803
circular_graph,cached_dense_qr,1000,500,47,add,1010,0.000643666,add,1030,1,9.520722488
circular_graph,dense_scratch,1000,500,47,add,1010,0.013963540,add,1030,1,9.521017867
circular_graph,sparse_scratch,1000,500,47,add,1010,0.004709512,add,1030,1,9.518854517
circular_graph,kaczmarz_warm_start,1000,500,47,add,1010,0.003364599,add,1030,1,13.782985491
circular_graph,cached_dense_qr,1000,500,48,add,1011,0.000662271,add,1035,1,9.521672887
circular_graph,dense_scratch,1000,500,48,add,1011,0.014231252,add,1035,1,9.521901997
circular_graph,sparse_scratch,1000,500,48,add,1011,0.004751409,add,1035,1,9.519937637
circular_graph,kaczmarz_warm_start,1000,500,48,add,1011,0.003389443,add,1035,1,14.034784709
circular_graph,cached_dense_qr,1000,500,49,delete,1010,0.013990920,delete,443,1,9.520524553
circular_graph,dense_scratch,1000,500,49,delete,1010,0.014009842,delete,443,1,9.520524553
circular_graph,sparse_scratch,1000,500,49,delete,1010,0.004713199,delete,443,1,9.518693614
circular_graph,kaczmarz_warm_start,1000,500,49,delete,1010,0.003379447,delete,443,1,14.850910596
circular_graph,cached_dense_qr,2000,1000,0,add,2001,0.002589718,add,2043,1,13.612238236
circular_graph,dense_scratch,2000,1000,0,add,2001,0.086290909,add,2043,1,13.586929189
circular_graph,sparse_scratch,2000,1000,0,add,2001,0.000700005,add,2043,1,13.564033115
circular_graph,kaczmarz_warm_start,2000,1000,0,add,2001,0.018646647,add,2043,1,19.430479100
circular_graph,cached_dense_qr,2000,1000,1,modify,2001,0.087739544,modify,1241,1,13.595536319
circular_graph,dense_scratch,2000,1000,1,modify,2001,0.085562595,modify,1241,1,13.595536319
circular_graph,sparse_scratch,2000,1000,1,modify,2001,0.022960449,modify,1241,1,13.564657154
circular_graph,kaczmarz_warm_start,2000,1000,1,modify,2001,0.018717506,modify,1241,1,19.424855526
circular_graph,cached_dense_qr,2000,1000,2,add,2002,0.002995204,add,2046,1,13.594097405
circular_graph,dense_scratch,2000,1000,2,add,2002,0.086059928,add,2046,1,13.592733551
circular_graph,sparse_scratch,2000,1000,2,add,2002,0.024577516,add,2046,1,13.564871444
circular_graph,kaczmarz_warm_start,2000,1000,2,add,2002,0.018781227,add,2046,1,19.560886499
circular_graph,cached_dense_qr,2000,1000,3,add,2003,0.002576100,add,2010,1,13.596433598
circular_graph,dense_scratch,2000,1000,3,add,2003,0.085493458,add,2010,1,13.595687272
circular_graph,sparse_scratch,2000,1000,3,add,2003,0.024100370,add,2010,1,13.565398438
circular_graph,kaczmarz_warm_start,2000,1000,3,add,2003,0.018747821,add,2010,1,19.068194430
circular_graph,cached_dense_qr,2000,1000,4,modify,2003,0.082335738,modify,1112,1,13.586063852
circular_graph,dense_scratch,2000,1000,4,modify,2003,0.085506411,modify,1112,1,13.586063852
circular_graph,sparse_scratch,2000,1000,4,modify,2003,0.024998093,modify,1112,1,13.556420436
circular_graph,kaczmarz_warm_start,2000,1000,4,modify,2003,0.018963550,modify,1112,1,19.443180738
circular_graph,cached_dense_qr,2000,1000,5,add,2004,0.002583476,add,2022,1,13.587605247
circular_graph,dense_scratch,2000,1000,5,add,2004,0.082343736,add,2022,1,13.587478349
circular_graph,sparse_scratch,2000,1000,5,add,2004,0.023941730,add,2022,1,13.559694343
circular_graph,kaczmarz_warm_start,2000,1000,5,add,2004,0.018816394,add,2022,1,19.093161816
circular_graph,cached_dense_qr,2000,1000,6,delete,2003,0.082252143,delete,1032,1,13.584981120
circular_graph,dense_scratch,2000,1000,6,delete,2003,0.085343769,delete,1032,1,13.584981120
circular_graph,sparse_scratch,2000,1000,6,delete,2003,0.025096788,delete,1032,1,13.558420438
circular_graph,kaczmarz_warm_start,2000,1000,6,delete,2003,0.018824869,delete,1032,1,19.205699726
circular_graph,cached_dense_qr,2000,1000,7,add,2004,0.002624389,add,2028,1,13.588578848
circular_graph,dense_scratch,2000,1000,7,add,2004,0.082371344,add,2028,1,13.587557520
circular_graph,sparse_scratch,2000,1000,7,add,2004,0.024259203,add,2028,1,13.561663483
circular_graph,kaczmarz_warm_start,2000,1000,7,add,2004,0.018851870,add,2028,1,19.259911302
circular_graph,cached_dense_qr,2000,1000,8,modify,2004,0.079777031,modify,1852,1,13.585833610
circular_graph,dense_scratch,2000,1000,8,modify,2004,0.083471825,modify,1852,1,13.585833610
circular_graph,sparse_scratch,2000,1000,8,modify,2004,0.025217775,modify,1852,1,13.560786970
circular_graph,kaczmarz_warm_start,2000,1000,8,modify,2004,0.018847162,modify,1852,1,19.621294777
circular_graph,cached_dense_qr,2000,1000,9,add,2005,0.002602722,add,2058,1,13.619999239
circular_graph,dense_scratch,2000,1000,9,add,2005,0.086002370,add,2058,1,13.619564547
circular_graph,sparse_scratch,2000,1000,9,add,2005,0.024215273,add,2058,1,13.593081543
circular_graph,kaczmarz_warm_start,2000,1000,9,add,2005,0.018821457,add,2058,1,19.596780302
circular_graph,cached_dense_qr,2000,1000,10,delete,2004,0.080195584,delete,396,1,13.619036288
circular_graph,dense_scratch,2000,1000,10,delete,2004,0.083924243,delete,396,1,13.619036288
circular_graph,sparse_scratch,2000,1000,10,delete,2004,0.025146404,delete,396,1,13.592257012
circular_graph,kaczmarz_warm_start,2000,1000,10,delete,2004,0.018786749,delete,396,1,19.688664090
circular_graph,cached_dense_qr,2000,1000,11,modify,2004,0.082725952,modify,187,1,13.616751598
circular_graph,dense_scratch,2000,1000,11,modify,2004,0.081943262,modify,187,1,13.616751598
circular_graph,sparse_scratch,2000,1000,11,modify,2004,0.022985061,modify,187,1,13.593352073
circular_graph,kaczmarz_warm_start,2000,1000,11,modify,2004,0.018761783,modify,187,1,19.084845781
circular_graph,cached_dense_qr,2000,1000,12,add,2005,0.002974781,add,2051,1,13.653882133
circular_graph,dense_scratch,2000,1000,12,add,2005,0.087848939,add,2051,1,13.649632577
circular_graph,sparse_scratch,2000,1000,12,add,2005,0.025207209,add,2051,1,13.624057002
circular_graph,kaczmarz_warm_start,2000,1000,12,add,2005,0.018771393,add,2051,1,19.983144142
circular_graph,cached_dense_qr,2000,1000,13,delete,2004,0.082716964,delete,1647,1,13.649748837
circular_graph,dense_scratch,2000,1000,13,delete,2004,0.082003222,delete,1647,1,13.649748837
circular_graph,sparse_scratch,2000,1000,13,delete,2004,0.023003164,delete,1647,1,13.625258697
circular_graph,kaczmarz_warm_start,2000,1000,13,delete,2004,0.018776044,delete,1647,1,19.685778927
circular_graph,cached_dense_qr,2000,1000,14,delete,2003,0.083156666,delete,1544,1,13.648201043
circular_graph,dense_scratch,2000,1000,14,delete,2003,0.083151814,delete,1544,1,13.648201043
circular_graph,sparse_scratch,2000,1000,14,delete,2003,0.024925322,delete,1544,1,13.619975712
circular_graph,kaczmarz_warm_start,2000,1000,14,delete,2003,0.018796584,delete,1544,1,19.161037426
circular_graph,cached_dense_qr,2000,1000,15,delete,2002,0.086984148,delete,1315,1,13.639706016
circular_graph,dense_scratch,2000,1000,15,delete,2002,0.080979032,delete,1315,1,13.639706016
circular_graph,sparse_scratch,2000,1000,15,delete,2002,0.024874670,delete,1315,1,13.612000029
circular_graph,kaczmarz_warm_start,2000,1000,15,delete,2002,0.018755208,delete,1315,1,18.698502686
circular_graph,cached_dense_qr,2000,1000,16,modify,2002,0.086067487,modify,109,1,13.639680845
circular_graph,dense_scratch,2000,1000,16,modify,2002,0.082029467,modify,109,1,13.639680845
circular_graph,sparse_scratch,2000,1000,16,modify,2002,0.025044864,modify,109,1,13.618028450
circular_graph,kaczmarz_warm_start,2000,1000,16,modify,2002,0.018770020,modify,109,1,19.548646940
circular_graph,cached_dense_qr,2000,1000,17,add,2003,0.002634611,add,2057,1,13.641076359
circular_graph,dense_scratch,2000,1000,17,add,2003,0.087090369,add,2057,1,13.640379459
circular_graph,sparse_scratch,2000,1000,17,add,2003,0.023768421,add,2057,1,13.625726243
circular_graph,kaczmarz_warm_start,2000,1000,17,add,2003,0.018754910,add,2057,1,19.643692736
circular_graph,cached_dense_qr,2000,1000,18,delete,2002,0.085946132,delete,913,1,13.645099339
circular_graph,dense_scratch,2000,1000,18,delete,2002,0.084331915,delete,913,1,13.645099339
circular_graph,sparse_scratch,2000,1000,18,delete,2002,0.023467993,delete,913,1,13.613232492
circular_graph,kaczmarz_warm_start,2000,1000,18,delete,2002,0.018823348,delete,913,1,19.400305582
circular_graph,cached_dense_qr,2000,1000,19,delete,2001,0.083141795,delete,565,1,13.639358654
circular_graph,dense_scratch,2000,1000,19,delete,2001,0.083009764,delete,565,1,13.639358654
circular_graph,sparse_scratch,2000,1000,19,delete,2001,0.024866806,delete,565,1,13.610084699
circular_graph,kaczmarz_warm_start,2000,1000,19,delete,2001,0.018703818,delete,565,1,19.381985100
circular_graph,cached_dense_qr,2000,1000,20,modify,2001,0.086795718,modify,564,1,13.649015488
circular_graph,dense_scratch,2000,1000,20,modify,2001,0.081988736,modify,564,1,13.649015488
circular_graph,sparse_scratch,2000,1000,20,modify,2001,0.023356323,modify,564,1,13.616351541
circular_graph,kaczmarz_warm_start,2000,1000,20,modify,2001,0.018804864,modify,564,1,19.383703234
circular_graph,cached_dense_qr,2000,1000,21,modify,2001,0.083102488,modify,1039,1,13.643487270
circular_graph,dense_scratch,2000,1000,21,modify,2001,0.083003807,modify,1039,1,13.643487270
circular_graph,sparse_scratch,2000,1000,21,modify,2001,0.024972630,modify,1039,1,13.616085951
circular_graph,kaczmarz_warm_start,2000,1000,21,modify,2001,0.018744721,modify,1039,1,19.210001919
circular_graph,cached_dense_qr,2000,1000,22,modify,2001,0.087420978,modify,43,1,13.640598293
circular_graph,dense_scratch,2000,1000,22,modify,2001,0.082006448,modify,43,1,13.640598293
circular_graph,sparse_scratch,2000,1000,22,modify,2001,0.023560621,modify,43,1,13.618117528
circular_graph,kaczmarz_warm_start,2000,1000,22,modify,2001,0.018768497,modify,43,1,20.037485851
circular_graph,cached_dense_qr,2000,1000,23,modify,2001,0.083234733,modify,136,1,13.647813788
circular_graph,dense_scratch,2000,1000,23,modify,2001,0.083041598,modify,136,1,13.647813788
circular_graph,sparse_scratch,2000,1000,23,modify,2001,0.025173844,modify,136,1,13.616156552
circular_graph,kaczmarz_warm_start,2000,1000,23,modify,2001,0.018754246,modify,136,1,19.139911598
circular_graph,cached_dense_qr,2000,1000,24,delete,2000,0.082360520,delete,1151,1,13.644705845
circular_graph,dense_scratch,2000,1000,24,delete,2000,0.079884418,delete,1151,1,13.644705845
circular_graph,sparse_scratch,2000,1000,24,delete,2000,0.026142743,delete,1151,1,13.614171336
circular_graph,kaczmarz_warm_start,2000,1000,24,delete,2000,0.018720584,delete,1151,1,19.523760283
circular_graph,cached_dense_qr,2000,1000,25,add,2001,0.002919711,add,2041,1,13.642995447
circular_graph,dense_scratch,2000,1000,25,add,2001,0.086459886,add,2041,1,13.653759902
circular_graph,sparse_scratch,2000,1000,25,add,2001,0.024658832,add,2041,1,13.616520894
circular_graph,kaczmarz_warm_start,2000,1000,25,add,2001,0.018791264,add,2041,1,19.743880084
circular_graph,cached_dense_qr,2000,1000,26,add,2002,0.002582763,add,1647,1,13.652770832
circular_graph,dense_scratch,2000,1000,26,add,2002,0.082909127,add,1647,1,13.650253131
circular_graph,sparse_scratch,2000,1000,26,add,2002,0.024508068,add,1647,1,13.617231202
circular_graph,kaczmarz_warm_start,2000,1000,26,add,2002,0.018876717,add,1647,1,19.486584964
circular_graph,cached_dense_qr,2000,1000,27,delete,2001,0.082804412,delete,527,1,13.640304090
circular_graph,dense_scratch,2000,1000,27,delete,2001,0.089097951,delete,527,1,13.640304090
circular_graph,sparse_scratch,2000,1000,27,delete,2001,0.024040543,delete,527,1,13.616300693
circular_graph,kaczmarz_warm_start,2000,1000,27,delete,2001,0.018783975,delete,527,1,19.250579924
circular_graph,cached_dense_qr,2000,1000,28,modify,2001,0.087331068,modify,1529,1,13.643032216
circular_graph,dense_scratch,2000,1000,28,modify,2001,0.082105675,modify,1529,1,13.643032216
circular_graph,sparse_scratch,2000,1000,28,modify,2001,0.023805929,modify,1529,1,13.620342193
circular_graph,kaczmarz_warm_start,2000,1000,28,modify,2001,0.018858060,modify,1529,1,19.893926186
circular_graph,cached_dense_qr,2000,1000,29,modify,2001,0.083115334,modify,471,1,13.659008036
circular_graph,dense_scratch,2000,1000,29,modify,2001,0.083063286,modify,471,1,13.659008036
circular_graph,sparse_scratch,2000,1000,29,modify,2001,0.025497786,modify,471,1,13.616425082
circular_graph,kaczmarz_warm_start,2000,1000,29,modify,2001,0.018759484,modify,471,1,19.911032685
circular_graph,cached_dense_qr,2000,1000,30,add,2002,0.002592926,add,2054,1,13.655061648
circular_graph,dense_scratch,2000,1000,30,add,2002,0.083902501,add,2054,1,13.654001291
circular_graph,sparse_scratch,2000,1000,30,add,2002,0.024907032,add,2054,1,13.615072431
circular_graph,kaczmarz_warm_start,2000,1000,30,add,2002,0.018824224,add,2054,1,19.904648362
circular_graph,cached_dense_qr,2000,1000,31,modify,2002,0.085648323,modify,1456,1,13.621853246
circular_graph,dense_scratch,2000,1000,31,modify,2002,0.084432140,modify,1456,1,13.621853246
circular_graph,sparse_scratch,2000,1000,31,modify,2002,0.023631761,modify,1456,1,13.592799783
circular_graph,kaczmarz_warm_start,2000,1000,31,modify,2002,0.018797510,modify,1456,1,19.902149107
circular_graph,cached_dense_qr,2000,1000,32,modify,2002,0.082024330,modify,530,1,13.630843003
circular_graph,dense_scratch,2000,1000,32,modify,2002,0.082092285,modify,530,1,13.630843003
circular_graph,sparse_scratch,2000,1000,32,modify,2002,0.025300049,modify,530,1,13.597356208
circular_graph,kaczmarz_warm_start,2000,1000,32,modify,2002,0.018751556,modify,530,1,19.788791274
circular_graph,cached_dense_qr,2000,1000,33,modify,2002,0.085197328,modify,1600,1,13.626311493
circular_graph,dense_scratch,2000,1000,33,modify,2002,0.080968761,modify,1600,1,13.626311493
circular_graph,sparse_scratch,2000,1000,33,modify,2002,0.023771116,modify,1600,1,13.600483807
circular_graph,kaczmarz_warm_start,2000,1000,33,modify,2002,0.018864630,modify,1600,1,20.368955125
circular_graph,cached_dense_qr,2000,1000,34,delete,2001,0.083290023,delete,119,1,13.605870949
circular_graph,dense_scratch,2000,1000,34,delete,2001,0.083051869,delete,119,1,13.605870949
circular_graph,sparse_scratch,2000,1000,34,delete,2001,0.025567291,delete,119,1,13.577507470
circular_graph,kaczmarz_warm_start,2000,1000,34,delete,2001,0.018779333,delete,119,1,19.371924864
circular_graph,cached_dense_qr,2000,1000,35,add,2002,0.002633864,add,2011,1,13.601650003
circular_graph,dense_scratch,2000,1000,35,add,2002,0.083810478,add,2011,1,13.592007931
circular_graph,sparse_scratch,2000,1000,35,add,2002,0.025083327,add,2011,1,13.576494442
circular_graph,kaczmarz_warm_start,2000,1000,35,add,2002,0.018798521,add,2011,1,19.886298369
circular_graph,cached_dense_qr,2000,1000,36,add,2003,0.002578471,add,2044,1,13.636804070
circular_graph,dense_scratch,2000,1000,36,add,2003,0.084359353,add,2044,1,13.629372131
circular_graph,sparse_scratch,2000,1000,36,add,2003,0.024977434,add,2044,1,13.610058913
circular_graph,kaczmarz_warm_start,2000,1000,36,add,2003,0.018804360,add,2044,1,19.333793679
circular_graph,cached_dense_qr,2000,1000,37,modify,2003,0.082832141,modify,836,1,13.637583670
circular_graph,dense_scratch,2000,1000,37,modify,2003,0.089040816,modify,836,1,13.637583670
circular_graph,sparse_scratch,2000,1000,37,modify,2003,0.026459261,modify,836,1,13.613530783
circular_graph,kaczmarz_warm_start,2000,1000,37,modify,2003,0.018840903,modify,836,1,19.828314309
circular_graph,cached_dense_qr,2000,1000,38,modify,2003,0.085160303,modify,993,1,13.628745728
circular_graph,dense_scratch,2000,1000,38,modify,2003,0.085803544,modify,993,1,13.628745728
circular_graph,sparse_scratch,2000,1000,38,modify,2003,0.024050509,modify,993,1,13.617412869
circular_graph,kaczmarz_warm_start,2000,1000,38,modify,2003,0.018754259,modify,993,1,19.979458464
circular_graph,cached_dense_qr,2000,1000,39,add,2004,0.003012437,add,2026,1,13.643765886
circular_graph,dense_scratch,2000,1000,39,add,2004,0.086108097,add,2026,1,13.640260462
circular_graph,sparse_scratch,2000,1000,39,add,2004,0.026113833,add,2026,1,13.603756784
circular_graph,kaczmarz_warm_start,2000,1000,39,add,2004,0.018799336,add,2026,1,20.232362201
circular_graph,cached_dense_qr,2000,1000,40,delete,2003,0.084375249,delete,1711,1,13.650057089
circular_graph,dense_scratch,2000,1000,40,delete,2003,0.085543782,delete,1711,1,13.650057089
circular_graph,sparse_scratch,2000,1000,40,delete,2003,0.024108310,delete,1711,1,13.609999212
circular_graph,kaczmarz_warm_start,2000,1000,40,delete,2003,0.018797285,delete,1711,1,20.151543877
circular_graph,cached_dense_qr,2000,1000,41,add,2004,0.003020819,add,2055,1,13.634064065
circular_graph,dense_scratch,2000,1000,41,add,2004,0.085833979,add,2055,1,13.628201730
circular_graph,sparse_scratch,2000,1000,41,add,2004,0.026168821,add,2055,1,13.608872975
circular_graph,kaczmarz_warm_start,2000,1000,41,add,2004,0.018846047,add,2055,1,19.431794436
circular_graph,cached_dense_qr,2000,1000,42,delete,2003,0.084505839,delete,1868,1,13.630728961
circular_graph,dense_scratch,2000,1000,42,delete,2003,0.085698644,delete,1868,1,13.630728961
circular_graph,sparse_scratch,2000,1000,42,delete,2003,0.024062268,delete,1868,1,13.597807320
circular_graph,kaczmarz_warm_start,2000,1000,42,delete,2003,0.018800391,delete,1868,1,20.172451493
circular_graph,cached_dense_qr,2000,1000,43,modify,2003,0.082833759,modify,1131,1,13.640418192
circular_graph,dense_scratch,2000,1000,43,modify,2003,0.083069956,modify,1131,1,13.640418192
circular_graph,sparse_scratch,2000,1000,43,modify,2003,0.025703340,modify,1131,1,13.598208483
circular_graph,kaczmarz_warm_start,2000,1000,43,modify,2003,0.018818091,modify,1131,1,19.655490491
circular_graph,cached_dense_qr,2000,1000,44,modify,2003,0.087545070,modify,142,1,13.625834868
circular_graph,dense_scratch,2000,1000,44,modify,2003,0.082071198,modify,142,1,13.625834868
circular_graph,sparse_scratch,2000,1000,44,modify,2003,0.024204513,modify,142,1,13.593403849
circular_graph,kaczmarz_warm_start,2000,1000,44,modify,2003,0.018840351,modify,142,1,19.876684058
circular_graph,cached_dense_qr,2000,1000,45,modify,2003,0.083177091,modify,1826,1,13.626432011
circular_graph,dense_scratch,2000,1000,45,modify,2003,0.083111556,modify,1826,1,13.626432011
circular_graph,sparse_scratch,2000,1000,45,modify,2003,0.025823010,modify,1826,1,13.594062328
circular_graph,kaczmarz_warm_start,2000,1000,45,modify,2003,0.018791419,modify,1826,1,19.995933310
circular_graph,cached_dense_qr,2000,1000,46,add,2004,0.003052192,add,2053,1,13.627216684
circular_graph,dense_scratch,2000,1000,46,add,2004,0.085667644,add,2053,1,13.627175394
circular_graph,sparse_scratch,2000,1000,46,add,2004,0.026346446,add,2053,1,13.603095549
circular_graph,kaczmarz_warm_start,2000,1000,46,add,2004,0.018810011,add,2053,1,19.682669783
circular_graph,cached_dense_qr,2000,1000,47,add,2005,0.002602550,add,396,1,13.622439643
circular_graph,dense_scratch,2000,1000,47,add,2005,0.086087063,add,396,1,13.630080230
circular_graph,sparse_scratch,2000,1000,47,add,2005,0.025427606,add,396,1,13.598351132
circular_graph,kaczmarz_warm_start,2000,1000,47,add,2005,0.018869012,add,396,1,19.883184511
circular_graph,cached_dense_qr,2000,1000,48,add,2006,0.002588608,add,2025,1,13.629680565
circular_graph,dense_scratch,2000,1000,48,add,2006,0.084788341,add,2025,1,13.623103439
circular_graph,sparse_scratch,2000,1000,48,add,2006,0.026078993,add,2025,1,13.606347992
circular_graph,kaczmarz_warm_start,2000,1000,48,add,2006,0.018844625,add,2025,1,19.758774462
circular_graph,cached_dense_qr,2000,1000,49,add,2007,0.002600140,add,2001,1,13.622150788
circular_graph,dense_scratch,2000,1000,49,add,2007,0.086129170,add,2001,1,13.624842232
circular_graph,sparse_scratch,2000,1000,49,add,2007,0.025429874,add,2001,1,13.606394252
circular_graph,kaczmarz_warm_start,2000,1000,49,add,2007,0.018830325,add,2001,1,20.472847052
block_diagonal,cached_dense_qr,50,25,0,delete,49,0.000020575,delete,34,1,7.245688373
block_diagonal,dense_scratch,50,25,0,delete,49,0.000017463,delete,34,1,7.245688373
block_diagonal,sparse_scratch,50,25,0,delete,49,0.000056639,delete,34,1,7.245688373
block_diagonal,kaczmarz_warm_start,50,25,0,delete,49,0.000008781,delete,34,1,10.440306509
block_diagonal,cached_dense_qr,50,25,1,add,50,0.000003682,add,55,1,7.245688373
block_diagonal,dense_scratch,50,25,1,add,50,0.000021133,add,55,1,7.245688373
block_diagonal,sparse_scratch,50,25,1,add,50,0.000026284,add,55,1,7.245688373
block_diagonal,kaczmarz_warm_start,50,25,1,add,50,0.000007007,add,55,1,9.433981132
block_diagonal,cached_dense_qr,50,25,2,add,51,0.000002717,add,58,1,7.245688373
block_diagonal,dense_scratch,50,25,2,add,51,0.000020490,add,58,1,7.245688373
block_diagonal,sparse_scratch,50,25,2,add,51,0.000021712,add,58,1,7.245688373
block_diagonal,kaczmarz_warm_start,50,25,2,add,51,0.000008867,add,58,1,10.295630141
block_diagonal,cached_dense_qr,50,25,3,modify,51,0.000020837,modify,39,1,7.234178138
block_diagonal,dense_scratch,50,25,3,modify,51,0.000017345,modify,39,1,7.234178138
block_diagonal,sparse_scratch,50,25,3,modify,51,0.000023620,modify,39,1,7.234178138
block_diagonal,kaczmarz_warm_start,50,25,3,modify,51,0.000007095,modify,39,1,10.157787940
block_diagonal,cached_dense_qr,50,25,4,modify,51,0.000017936,modify,8,1,7.187952884
block_diagonal,dense_scratch,50,25,4,modify,51,0.000016419,modify,8,1,7.187952884
block_diagonal,sparse_scratch,50,25,4,modify,51,0.000034667,modify,8,1,7.187952884
block_diagonal,kaczmarz_warm_start,50,25,4,modify,51,0.000008896,modify,8,1,10.897075236
block_diagonal,cached_dense_qr,50,25,5,modify,51,0.000018172,modify,42,1,7.141428429
block_diagonal,dense_scratch,50,25,5,modify,51,0.000016411,modify,42,1,7.141428429
block_diagonal,sparse_scratch,50,25,5,modify,51,0.000033308,modify,42,1,7.141428429
block_diagonal,kaczmarz_warm_start,50,25,5,modify,51,0.000008847,modify,42,1,10.266136965
block_diagonal,cached_dense_qr,50,25,6,add,52,0.000003023,add,57,1,7.280109889
block_diagonal,dense_scratch,50,25,6,add,52,0.000020401,add,57,1,7.280109889
block_diagonal,sparse_scratch,50,25,6,add,52,0.000031842,add,57,1,7.280109889
block_diagonal,kaczmarz_warm_start,50,25,6,add,52,0.000007251,add,57,1,10.353918914
block_diagonal,cached_dense_qr,50,25,7,modify,52,0.000018934,modify,3,1,6.988085098
block_diagonal,dense_scratch,50,25,7,modify,52,0.000021764,modify,3,1,6.988085098
block_diagonal,sparse_scratch,50,25,7,modify,52,0.000033514,modify,3,1,6.988085098
block_diagonal,kaczmarz_warm_start,50,25,7,modify,52,0.000009139,modify,3,1,9.960415003
block_diagonal,cached_dense_qr,50,25,8,modify,52,0.000020494,modify,26,1,7.260791323
block_diagonal,dense_scratch,50,25,8,modify,52,0.000017784,modify,26,1,7.260791323
block_diagonal,sparse_scratch,50,25,8,modify,52,0.000034411,modify,26,1,6.976149845
block_diagonal,kaczmarz_warm_start,50,25,8,modify,52,0.000007243,modify,26,1,10.182794504
block_diagonal,cached_dense_qr,50,25,9,delete,51,0.000020099,delete,5,1,7.571120793
block_diagonal,dense_scratch,50,25,9,delete,51,0.000016945,delete,5,1,7.571120793
block_diagonal,sparse_scratch,50,25,9,delete,51,0.000030229,delete,5,1,6.940220938
block_diagonal,kaczmarz_warm_start,50,25,9,delete,51,0.000008758,delete,5,1,9.999901838
block_diagonal,cached_dense_qr,50,25,10,delete,50,0.000020182,delete,8,1,6.940220938
block_diagonal,dense_scratch,50,25,10,delete,50,0.000016717,delete,8,1,6.940220938
block_diagonal,sparse_scratch,50,25,10,delete,50,0.000031565,delete,8,1,6.940220938
block_diagonal,kaczmarz_warm_start,50,25,10,delete,50,0.000006966,delete,8,1,10.290751422
block_diagonal,cached_dense_qr,50,25,11,add,51,0.000003060,add,61,1,6.940220938
block_diagonal,dense_scratch,50,25,11,add,51,0.000017550,add,61,1,6.940220938
block_diagonal,sparse_scratch,50,25,11,add,51,0.000029021,add,61,1,6.940220938
block_diagonal,kaczmarz_warm_start,50,25,11,add,51,0.000008915,add,61,1,9.735466115
block_diagonal,cached_dense_qr,50,25,12,modify,51,0.000017631,modify,45,1,6.745368782
block_diagonal,dense_scratch,50,25,12,modify,51,0.000016174,modify,45,1,6.745368782
block_diagonal,sparse_scratch,50,25,12,modify,51,0.000030029,modify,45,1,6.745368782
block_diagonal,kaczmarz_warm_start,50,25,12,modify,51,0.000007118,modify,45,1,9.847655908
block_diagonal,cached_dense_qr,50,25,13,delete,50,0.000018456,delete,23,1,6.695769809
block_diagonal,dense_scratch,50,25,13,delete,50,0.000016088,delete,23,1,6.695769809
block_diagonal,sparse_scratch,50,25,13,delete,50,0.000028957,delete,23,1,6.695769809
block_diagonal,kaczmarz_warm_start,50,25,13,delete,50,0.000008732,delete,23,1,9.439338479
block_diagonal,cached_dense_qr,50,25,14,modify,50,0.000017361,modify,46,1,6.546511774
block_diagonal,dense_scratch,50,25,14,modify,50,0.000015954,modify,46,1,6.546511774
block_diagonal,sparse_scratch,50,25,14,modify,50,0.000032502,modify,46,1,6.546511774
block_diagonal,kaczmarz_warm_start,50,25,14,modify,50,0.000006971,modify,46,1,9.257172535
block_diagonal,cached_dense_qr,50,25,15,add,51,0.000002873,add,77,1,6.552607714
block_diagonal,dense_scratch,50,25,15,add,51,0.000017245,add,77,1,6.552607714
block_diagonal,sparse_scratch,50,25,15,add,51,0.000029728,add,77,1,6.552607714
block_diagonal,kaczmarz_warm_start,50,25,15,add,51,0.000008731,add,77,1,9.998445462
block_diagonal,cached_dense_qr,50,25,16,delete,50,0.000017819,delete,40,1,6.512818127
block_diagonal,dense_scratch,50,25,16,delete,50,0.000016103,delete,40,1,6.512818127
block_diagonal,sparse_scratch,50,25,16,delete,50,0.000028950,delete,40,1,6.512818127
block_diagonal,kaczmarz_warm_start,50,25,16,delete,50,0.000006943,delete,40,1,9.236353828
block_diagonal,cached_dense_qr,50,25,17,delete,49,0.000024411,delete,37,1,6.304764990
block_diagonal,dense_scratch,50,25,17,delete,49,0.000016604,delete,37,1,6.304764990
block_diagonal,sparse_scratch,50,25,17,delete,49,0.000029487,delete,37,1,6.304764990
block_diagonal,kaczmarz_warm_start,50,25,17,delete,49,0.000008659,delete,37,1,9.450849843
block_diagonal,cached_dense_qr,50,25,18,add,50,0.000003105,add,107,1,6.311366248
block_diagonal,dense_scratch,50,25,18,add,50,0.000017062,add,107,1,6.311366248
block_diagonal,sparse_scratch,50,25,18,add,50,0.000028374,add,107,1,6.311366248
block_diagonal,kaczmarz_warm_start,50,25,18,add,50,0.000006918,add,107,1,9.053950628
block_diagonal,cached_dense_qr,50,25,19,delete,49,0.000017827,delete,32,1,5.979678189
block_diagonal,dense_scratch,50,25,19,delete,49,0.000016111,delete,32,1,5.979678189
block_diagonal,sparse_scratch,50,25,19,delete,49,0.000026890,delete,32,1,5.979678189
block_diagonal,kaczmarz_warm_start,50,25,19,delete,49,0.000008556,delete,32,1,8.114655685
block_diagonal,cached_dense_qr,50,25,20,delete,48,0.000019615,delete,17,1,5.623117262
block_diagonal,dense_scratch,50,25,20,delete,48,0.000016612,delete,17,1,5.623117262
block_diagonal,sparse_scratch,50,25,20,delete,48,0.000028316,delete,17,1,5.623117262
block_diagonal,kaczmarz_warm_start,50,25,20,delete,48,0.000006852,delete,17,1,8.264173348
block_diagonal,cached_dense_qr,50,25,21,modify,48,0.000018001,modify,11,1,5.623236111
block_diagonal,dense_scratch,50,25,21,modify,48,0.000015731,modify,11,1,5.623236111
block_diagonal,sparse_scratch,50,25,21,modify,48,0.000031953,modify,11,1,5.623236111
block_diagonal,kaczmarz_warm_start,50,25,21,modify,48,0.000008461,modify,11,1,8.225910926
block_diagonal,cached_dense_qr,50,25,22,add,49,0.000002969,add,99,1,5.977866419
block_diagonal,dense_scratch,50,25,22,add,49,0.000018201,add,99,1,5.977866419
block_diagonal,sparse_scratch,50,25,22,add,49,0.000029449,add,99,1,5.977866419
block_diagonal,kaczmarz_warm_start,50,25,22,add,49,0.000006837,add,99,1,8.808767826
block_diagonal,cached_dense_qr,50,25,23,modify,49,0.000018715,modify,33,1,5.606788289
block_diagonal,dense_scratch,50,25,23,modify,49,0.000016700,modify,33,1,5.606788289
block_diagonal,sparse_scratch,50,25,23,modify,49,0.000032575,modify,33,1,5.606788289
block_diagonal,kaczmarz_warm_start,50,25,23,modify,49,0.000008537,modify,33,1,7.606393965
block_diagonal,cached_dense_qr,50,25,24,delete,48,0.000018459,delete,20,1,5.367107168
block_diagonal,dense_scratch,50,25,24,delete,48,0.000016292,delete,20,1,5.367107168
block_diagonal,sparse_scratch,50,25,24,delete,48,0.000030414,delete,20,1,5.367107168
block_diagonal,kaczmarz_warm_start,50,25,24,delete,48,0.000006699,delete,20,1,7.817943992
block_diagonal,cached_dense_qr,50,25,25,delete,47,0.000016860,delete,13,1,5.103994165
block_diagonal,dense_scratch,50,25,25,delete,47,0.000013792,delete,13,1,5.103994165
block_diagonal,sparse_scratch,50,25,25,delete,47,0.000030219,delete,13,1,5.103994165
block_diagonal,kaczmarz_warm_start,50,25,25,delete,47,0.000008211,delete,13,1,6.731285769
block_diagonal,cached_dense_qr,50,25,26,delete,46,0.000015769,delete,25,1,4.853951385
block_diagonal,dense_scratch,50,25,26,delete,46,0.000013177,delete,25,1,4.853951385
block_diagonal,sparse_scratch,50,25,26,delete,46,0.000029237,delete,25,1,4.853951385
block_diagonal,kaczmarz_warm_start,50,25,26,delete,46,0.000006414,delete,25,1,7.261405376
block_diagonal,cached_dense_qr,50,25,27,delete,45,0.000016096,delete,21,1,4.668383255
block_diagonal,dense_scratch,50,25,27,delete,45,0.000013144,delete,21,1,4.668383255
block_diagonal,sparse_scratch,50,25,27,delete,45,0.000032715,delete,21,1,4.668383255
block_diagonal,kaczmarz_warm_start,50,25,27,delete,45,0.000008135,delete,21,1,6.627966133
block_diagonal,cached_dense_qr,50,25,28,delete,44,0.000015595,delete,2,1,4.223570882
block_diagonal,dense_scratch,50,25,28,delete,44,0.000013096,delete,2,1,4.223570882
block_diagonal,sparse_scratch,50,25,28,delete,44,0.000028957,delete,2,1,4.223570882
block_diagonal,kaczmarz_warm_start,50,25,28,delete,44,0.000006113,delete,2,1,6.291073532
block_diagonal,cached_dense_qr,50,25,29,add,45,0.000002910,add,23,1,4.427249281
block_diagonal,dense_scratch,50,25,29,add,45,0.000014022,add,23,1,4.427249281
block_diagonal,sparse_scratch,50,25,29,add,45,0.000028124,add,23,1,4.427249281
block_diagonal,kaczmarz_warm_start,50,25,29,add,45,0.000008032,add,23,1,6.447808526
block_diagonal,cached_dense_qr,50,25,30,add,46,0.000002662,add,84,1,4.882750572
block_diagonal,dense_scratch,50,25,30,add,46,0.000014096,add,84,1,4.882750572
block_diagonal,sparse_scratch,50,25,30,add,46,0.000028567,add,84,1,4.882750572
block_diagonal,kaczmarz_warm_start,50,25,30,add,46,0.000006431,add,84,1,7.141449374
block_diagonal,cached_dense_qr,50,25,31,add,47,0.000002614,add,88,1,4.882880059
block_diagonal,dense_scratch,50,25,31,add,47,0.000014402,add,88,1,4.882880059
block_diagonal,sparse_scratch,50,25,31,add,47,0.000029061,add,88,1,4.882880059
block_diagonal,kaczmarz_warm_start,50,25,31,add,47,0.000008272,add,88,1,7.449626302
block_diagonal,cached_dense_qr,50,25,32,add,48,0.000002590,add,60,1,4.918976865
block_diagonal,dense_scratch,50,25,32,add,48,0.000018100,add,60,1,4.918976865
block_diagonal,sparse_scratch,50,25,32,add,48,0.000028469,add,60,1,4.918976865
block_diagonal,kaczmarz_warm_start,50,25,32,add,48,0.000006670,add,60,1,8.356636786
block_diagonal,cached_dense_qr,50,25,33,add,49,0.000002451,add,62,1,5.352588409
block_diagonal,dense_scratch,50,25,33,add,49,0.000018136,add,62,1,5.352588409
block_diagonal,sparse_scratch,50,25,33,add,49,0.000028420,add,62,1,5.352588409
block_diagonal,kaczmarz_warm_start,50,25,33,add,49,0.000006866,add,62,1,7.784320767
block_diagonal,cached_dense_qr,50,25,34,modify,49,0.000017826,modify,38,1,5.487785244
block_diagonal,dense_scratch,50,25,34,modify,49,0.000016662,modify,38,1,5.487785244
block_diagonal,sparse_scratch,50,25,34,modify,49,0.000034258,modify,38,1,5.487785244
block_diagonal,kaczmarz_warm_start,50,25,34,modify,49,0.000006809,modify,38,1,7.803963671
block_diagonal,cached_dense_qr,50,25,35,add,50,0.000002760,add,91,1,5.827292670
block_diagonal,dense_scratch,50,25,35,add,50,0.000019370,add,91,1,5.827292670
block_diagonal,sparse_scratch,50,25,35,add,50,0.000032282,add,91,1,5.827292670
block_diagonal,kaczmarz_warm_start,50,25,35,add,50,0.000008783,add,91,1,8.825225478
block_diagonal,cached_dense_qr,50,25,36,delete,49,0.000018830,delete,107,1,5.814341362
block_diagonal,dense_scratch,50,25,36,delete,49,0.000017243,delete,107,1,5.814341362
block_diagonal,sparse_scratch,50,25,36,delete,49,0.000031078,delete,107,1,5.814341362
block_diagonal,kaczmarz_warm_start,50,25,36,delete,49,0.000006812,delete,107,1,9.430865581
block_diagonal,cached_dense_qr,50,25,37,add,50,0.000002823,add,64,1,5.837514235
block_diagonal,dense_scratch,50,25,37,add,50,0.000018474,add,64,1,5.837514235
block_diagonal,sparse_scratch,50,25,37,add,50,0.000029617,add,64,1,5.837514235
block_diagonal,kaczmarz_warm_start,50,25,37,add,50,0.000008851,add,64,1,8.568649278
block_diagonal,cached_dense_qr,50,25,38,add,51,0.000002889,add,86,1,6.034365411
block_diagonal,dense_scratch,50,25,38,add,51,0.000019498,add,86,1,6.034365411
block_diagonal,sparse_scratch,50,25,38,add,51,0.000031206,add,86,1,6.034365411
block_diagonal,kaczmarz_warm_start,50,25,38,add,51,0.000007081,add,86,1,8.598646892
block_diagonal,cached_dense_qr,50,25,39,modify,51,0.000021334,modify,3,1,6.033373534
block_diagonal,dense_scratch,50,25,39,modify,51,0.000016787,modify,3,1,6.033373534
block_diagonal,sparse_scratch,50,25,39,modify,51,0.000029614,modify,3,1,6.033373534
block_diagonal,kaczmarz_warm_start,50,25,39,modify,51,0.000008938,modify,3,1,8.107150290
block_diagonal,cached_dense_qr,50,25,40,add,52,0.000002881,add,81,1,6.122250612
block_diagonal,dense_scratch,50,25,40,add,52,0.000019859,add,81,1,6.122250612
block_diagonal,sparse_scratch,50,25,40,add,52,0.000031597,add,81,1,6.122250612
block_diagonal,kaczmarz_warm_start,50,25,40,add,52,0.000007190,add,81,1,8.949109033
block_diagonal,cached_dense_qr,50,25,41,delete,51,0.000018622,delete,84,1,5.933465007
block_diagonal,dense_scratch,50,25,41,delete,51,0.000016698,delete,84,1,5.933465007
block_diagonal,sparse_scratch,50,25,41,delete,51,0.000030165,delete,84,1,5.933465007
block_diagonal,kaczmarz_warm_start,50,25,41,delete,51,0.000008896,delete,84,1,8.799669229
block_diagonal,cached_dense_qr,50,25,42,add,52,0.000002762,add,87,1,6.189802701
block_diagonal,dense_scratch,50,25,42,add,52,0.000019250,add,87,1,6.189802701
block_diagonal,sparse_scratch,50,25,42,add,52,0.000029223,add,87,1,6.189802701
block_diagonal,kaczmarz_warm_start,50,25,42,add,52,0.000007254,add,87,1,8.818106410
block_diagonal,cached_dense_qr,50,25,43,add,53,0.000002850,add,71,1,6.582227182
block_diagonal,dense_scratch,50,25,43,add,53,0.000020453,add,71,1,6.582227182
block_diagonal,sparse_scratch,50,25,43,add,53,0.000030717,add,71,1,6.582227182
block_diagonal,kaczmarz_warm_start,50,25,43,add,53,0.000009174,add,71,1,9.745533613
block_diagonal,cached_dense_qr,50,25,44,modify,53,0.000019863,modify,57,1,6.480962656
block_diagonal,dense_scratch,50,25,44,modify,53,0.000017758,modify,57,1,6.480962656
block_diagonal,sparse_scratch,50,25,44,modify,53,0.000035034,modify,57,1,6.480962656
block_diagonal,kaczmarz_warm_start,50,25,44,modify,53,0.000007376,modify,57,1,8.341879617
block_diagonal,cached_dense_qr,50,25,45,delete,52,0.000019550,delete,26,1,6.472550089
block_diagonal,dense_scratch,50,25,45,delete,52,0.000017363,delete,26,1,6.472550089
block_diagonal,sparse_scratch,50,25,45,delete,52,0.000033695,delete,26,1,6.472550089
block_diagonal,kaczmarz_warm_start,50,25,45,delete,52,0.000009078,delete,26,1,9.519515671
block_diagonal,cached_dense_qr,50,25,46,modify,52,0.000018888,modify,11,1,6.490098824
block_diagonal,dense_scratch,50,25,46,modify,52,0.000016886,modify,11,1,6.490098824
block_diagonal,sparse_scratch,50,25,46,modify,52,0.000030921,modify,11,1,6.490098824
block_diagonal,kaczmarz_warm_start,50,25,46,modify,52,0.000007233,modify,11,1,8.515304661
block_diagonal,cached_dense_qr,50,25,47,modify,52,0.000017978,modify,43,1,6.480058389
block_diagonal,dense_scratch,50,25,47,modify,52,0.000017001,modify,43,1,6.480058389
block_diagonal,sparse_scratch,50,25,47,modify,52,0.000033208,modify,43,1,6.480058389
block_diagonal,kaczmarz_warm_start,50,25,47,modify,52,0.000008970,modify,43,1,10.675839733
block_diagonal,cached_dense_qr,50,25,48,modify,52,0.000018026,modify,0,1,6.360220739
block_diagonal,dense_scratch,50,25,48,modify,52,0.000016794,modify,0,1,6.360220739
block_diagonal,sparse_scratch,50,25,48,modify,52,0.000034157,modify,0,1,6.360220739
block_diagonal,kaczmarz_warm_start,50,25,48,modify,52,0.000009020,modify,0,1,9.017029320
block_diagonal,cached_dense_qr,50,25,49,modify,52,0.000020645,modify,81,1,6.396215936
block_diagonal,dense_scratch,50,25,49,modify,52,0.000016905,modify,81,1,6.396215936
block_diagonal,sparse_scratch,50,25,49,modify,52,0.000035617,modify,81,1,6.396215936
block_diagonal,kaczmarz_warm_start,50,25,49,modify,52,0.000007283,modify,81,1,8.786710658
block_diagonal,cached_dense_qr,100,50,0,add,101,0.000005717,add,118,1,11.916375288
block_diagonal,dense_scratch,100,50,0,add,101,0.000086555,add,118,1,11.916375288
block_diagonal,sparse_scratch,100,50,0,add,101,0.000035874,add,118,1,11.916375288
block_diagonal,kaczmarz_warm_start,100,50,0,add,101,0.000027128,add,118,1,17.233687940
block_diagonal,cached_dense_qr,100,50,1,add,102,0.000004714,add,128,1,11.916375288
block_diagonal,dense_scratch,100,50,1,add,102,0.000083174,add,128,1,11.916375288
block_diagonal,sparse_scratch,100,50,1,add,102,0.000031310,add,128,1,11.916375288
block_diagonal,kaczmarz_warm_start,100,50,1,add,102,0.000027536,add,128,1,17.378147197
block_diagonal,cached_dense_qr,100,50,2,modify,102,0.000070144,modify,50,1,11.807067816
block_diagonal,dense_scratch,100,50,2,modify,102,0.000064311,modify,50,1,11.807067816
block_diagonal,sparse_scratch,100,50,2,modify,102,0.000031352,modify,50,1,11.802542099
block_diagonal,kaczmarz_warm_start,100,50,2,modify,102,0.000027473,modify,50,1,16.840592722
block_diagonal,cached_dense_qr,100,50,3,modify,102,0.000066541,modify,17,1,11.688084091
block_diagonal,dense_scratch,100,50,3,modify,102,0.000061419,modify,17,1,11.688084091
block_diagonal,sparse_scratch,100,50,3,modify,102,0.000059708,modify,17,1,11.687600267
block_diagonal,kaczmarz_warm_start,100,50,3,modify,102,0.000027652,modify,17,1,17.089439024
block_diagonal,cached_dense_qr,100,50,4,delete,101,0.000077913,delete,45,1,11.572772576
block_diagonal,dense_scratch,100,50,4,delete,101,0.000068785,delete,45,1,11.572772576
block_diagonal,sparse_scratch,100,50,4,delete,101,0.000057052,delete,45,1,11.571516755
block_diagonal,kaczmarz_warm_start,100,50,4,delete,101,0.000027253,delete,45,1,15.699694792
block_diagonal,cached_dense_qr,100,50,5,add,102,0.000006071,add,143,1,11.572772576
block_diagonal,dense_scratch,100,50,5,add,102,0.000071418,add,143,1,11.573039550
block_diagonal,sparse_scratch,100,50,5,add,102,0.000055403,add,143,1,11.571516755
block_diagonal,kaczmarz_warm_start,100,50,5,add,102,0.000027550,add,143,1,16.609870239
block_diagonal,cached_dense_qr,100,50,6,modify,102,0.000067550,modify,55,1,11.454278223
block_diagonal,dense_scratch,100,50,6,modify,102,0.000062746,modify,55,1,11.454278223
block_diagonal,sparse_scratch,100,50,6,modify,102,0.000059251,modify,55,1,11.454256851
block_diagonal,kaczmarz_warm_start,100,50,6,modify,102,0.000027404,modify,55,1,16.233683754
block_diagonal,cached_dense_qr,100,50,7,modify,102,0.000067391,modify,15,1,11.375412080
block_diagonal,dense_scratch,100,50,7,modify,102,0.000062986,modify,15,1,11.375412080
block_diagonal,sparse_scratch,100,50,7,modify,102,0.000062819,modify,15,1,11.375412080
block_diagonal,kaczmarz_warm_start,100,50,7,modify,102,0.000027320,modify,15,1,17.650036801
block_diagonal,cached_dense_qr,100,50,8,delete,101,0.000076855,delete,98,1,11.316654394
block_diagonal,dense_scratch,100,50,8,delete,101,0.000068680,delete,98,1,11.316654394
block_diagonal,sparse_scratch,100,50,8,delete,101,0.000059224,delete,98,1,11.316654394
block_diagonal,kaczmarz_warm_start,100,50,8,delete,101,0.000027263,delete,98,1,16.059504821
block_diagonal,cached_dense_qr,100,50,9,add,102,0.000005969,add,120,1,11.316654394
block_diagonal,dense_scratch,100,50,9,add,102,0.000065012,add,120,1,11.316654394
block_diagonal,sparse_scratch,100,50,9,add,102,0.000059269,add,120,1,11.316654394
block_diagonal,kaczmarz_warm_start,100,50,9,add,102,0.000027694,add,120,1,17.779479513
block_diagonal,cached_dense_qr,100,50,10,add,103,0.000005830,add,125,1,11.664761749
block_diagonal,dense_scratch,100,50,10,add,103,0.000076943,add,125,1,11.664761749
block_diagonal,sparse_scratch,100,50,10,add,103,0.000065073,add,125,1,11.664761749
block_diagonal,kaczmarz_warm_start,100,50,10,add,103,0.000028155,add,125,1,16.631037784
block_diagonal,cached_dense_qr,100,50,11,delete,102,0.000071655,delete,81,1,11.651895411
block_diagonal,dense_scratch,100,50,11,delete,102,0.000063451,delete,81,1,11.651895411
block_diagonal,sparse_scratch,100,50,11,delete,102,0.000061810,delete,81,1,11.651895411
block_diagonal,kaczmarz_warm_start,100,50,11,delete,102,0.000027423,delete,81,1,16.888859471
block_diagonal,cached_dense_qr,100,50,12,delete,101,0.000077338,delete,14,1,11.637582796
block_diagonal,dense_scratch,100,50,12,delete,101,0.000067848,delete,14,1,11.637582796
block_diagonal,sparse_scratch,100,50,12,delete,101,0.000059987,delete,14,1,11.637582796
block_diagonal,kaczmarz_warm_start,100,50,12,delete,101,0.000027366,delete,14,1,17.337400880
block_diagonal,cached_dense_qr,100,50,13,add,102,0.000005886,add,145,1,11.637582796
block_diagonal,dense_scratch,100,50,13,add,102,0.000065716,add,145,1,11.637582796
block_diagonal,sparse_scratch,100,50,13,add,102,0.000060154,add,145,1,11.637582796
block_diagonal,kaczmarz_warm_start,100,50,13,add,102,0.000027622,add,145,1,15.954973088
block_diagonal,cached_dense_qr,100,50,14,modify,102,0.000064867,modify,10,1,11.520995327
block_diagonal,dense_scratch,100,50,14,modify,102,0.000064465,modify,10,1,11.520995327
block_diagonal,sparse_scratch,100,50,14,modify,102,0.000066265,modify,10,1,11.520995327
block_diagonal,kaczmarz_warm_start,100,50,14,modify,102,0.000027647,modify,10,1,16.694923479
block_diagonal,cached_dense_qr,100,50,15,modify,102,0.000063617,modify,48,1,11.442610425
block_diagonal,dense_scratch,100,50,15,modify,102,0.000061362,modify,48,1,11.442610425
block_diagonal,sparse_scratch,100,50,15,modify,102,0.000068206,modify,48,1,11.442610425
block_diagonal,kaczmarz_warm_start,100,50,15,modify,102,0.000027696,modify,48,1,16.761266252
block_diagonal,cached_dense_qr,100,50,16,delete,101,0.000077301,delete,36,1,11.324015778
block_diagonal,dense_scratch,100,50,16,delete,101,0.000068191,delete,36,1,11.324015778
block_diagonal,sparse_scratch,100,50,16,delete,101,0.000066301,delete,36,1,11.324015778
block_diagonal,kaczmarz_warm_start,100,50,16,delete,101,0.000027114,delete,36,1,16.234525359
block_diagonal,cached_dense_qr,100,50,17,modify,101,0.000068644,modify,74,1,11.503331725
block_diagonal,dense_scratch,100,50,17,modify,101,0.000065772,modify,74,1,11.503331725
block_diagonal,sparse_scratch,100,50,17,modify,101,0.000075300,modify,74,1,11.310761837
block_diagonal,kaczmarz_warm_start,100,50,17,modify,101,0.000027570,modify,74,1,15.216788312
block_diagonal,cached_dense_qr,100,50,18,add,102,0.000005769,add,115,1,11.483841896
block_diagonal,dense_scratch,100,50,18,add,102,0.000069832,add,115,1,11.338119887
block_diagonal,sparse_scratch,100,50,18,add,102,0.000068229,add,115,1,11.332843127
block_diagonal,kaczmarz_warm_start,100,50,18,add,102,0.000027487,add,115,1,17.254985715
block_diagonal,cached_dense_qr,100,50,19,add,103,0.000005881,add,98,1,11.717704592
block_diagonal,dense_scratch,100,50,19,add,103,0.000077194,add,98,1,11.391517312
block_diagonal,sparse_scratch,100,50,19,add,103,0.000068151,add,98,1,11.391517312
block_diagonal,kaczmarz_warm_start,100,50,19,add,103,0.000028214,add,98,1,15.333296404
block_diagonal,cached_dense_qr,100,50,20,add,104,0.000005564,add,130,1,11.883362832
block_diagonal,dense_scratch,100,50,20,add,104,0.000066678,add,130,1,11.966140222
block_diagonal,sparse_scratch,100,50,20,add,104,0.000065313,add,130,1,11.587349424
block_diagonal,kaczmarz_warm_start,100,50,20,add,104,0.000028384,add,130,1,15.864636552
block_diagonal,cached_dense_qr,100,50,21,add,105,0.000006144,add,111,1,11.587349424
block_diagonal,dense_scratch,100,50,21,add,105,0.000079930,add,111,1,11.587349424
block_diagonal,sparse_scratch,100,50,21,add,105,0.000075625,add,111,1,11.587349424
block_diagonal,kaczmarz_warm_start,100,50,21,add,105,0.000028682,add,111,1,16.776435859
block_diagonal,cached_dense_qr,100,50,22,add,106,0.000005520,add,109,1,11.587349424
block_diagonal,dense_scratch,100,50,22,add,106,0.000075575,add,109,1,11.587349424
block_diagonal,sparse_scratch,100,50,22,add,106,0.000068753,add,109,1,11.587349424
block_diagonal,kaczmarz_warm_start,100,50,22,add,106,0.000029322,add,109,1,16.124604014
block_diagonal,cached_dense_qr,100,50,23,add,107,0.000005799,add,124,1,11.616080808
block_diagonal,dense_scratch,100,50,23,add,107,0.000080404,add,124,1,11.616080808
block_diagonal,sparse_scratch,100,50,23,add,107,0.000069836,add,124,1,11.616080808
block_diagonal,kaczmarz_warm_start,100,50,23,add,107,0.000028753,add,124,1,15.517304512
block_diagonal,cached_dense_qr,100,50,24,modify,107,0.000073860,modify,25,1,11.499275339
block_diagonal,dense_scratch,100,50,24,modify,107,0.000068032,modify,25,1,11.499275339
block_diagonal,sparse_scratch,100,50,24,modify,107,0.000073693,modify,25,1,11.499275339
block_diagonal,kaczmarz_warm_start,100,50,24,modify,107,0.000029064,modify,25,1,16.912775539
block_diagonal,cached_dense_qr,100,50,25,add,108,0.000005851,add,152,1,11.499275339
block_diagonal,dense_scratch,100,50,25,add,108,0.000075039,add,152,1,11.499275339
block_diagonal,sparse_scratch,100,50,25,add,108,0.000073182,add,152,1,11.499275339
block_diagonal,kaczmarz_warm_start,100,50,25,add,108,0.000029043,add,152,1,16.729037307
block_diagonal,cached_dense_qr,100,50,26,modify,108,0.000068121,modify,6,1,11.453828405
block_diagonal,dense_scratch,100,50,26,modify,108,0.000063567,modify,6,1,11.453828405
block_diagonal,sparse_scratch,100,50,26,modify,108,0.000074936,modify,6,1,11.420741365
block_diagonal,kaczmarz_warm_start,100,50,26,modify,108,0.000029103,modify,6,1,16.868005844
block_diagonal,cached_dense_qr,100,50,27,delete,107,0.000079113,delete,130,1,11.222002198
block_diagonal,dense_scratch,100,50,27,delete,107,0.000070316,delete,130,1,11.222002198
block_diagonal,sparse_scratch,100,50,27,delete,107,0.000074238,delete,130,1,11.222002198
block_diagonal,kaczmarz_warm_start,100,50,27,delete,107,0.000028940,delete,130,1,17.478422913
block_diagonal,cached_dense_qr,100,50,28,add,108,0.000005755,add,147,1,11.420741365
block_diagonal,dense_scratch,100,50,28,add,108,0.000069024,add,147,1,11.511398161
block_diagonal,sparse_scratch,100,50,28,add,108,0.000075943,add,147,1,11.420741365
block_diagonal,kaczmarz_warm_start,100,50,28,add,108,0.000029174,add,147,1,16.245865813
block_diagonal,cached_dense_qr,100,50,29,delete,107,0.000077494,delete,34,1,11.368083978
block_diagonal,dense_scratch,100,50,29,delete,107,0.000069056,delete,34,1,11.368083978
block_diagonal,sparse_scratch,100,50,29,delete,107,0.000073121,delete,34,1,11.368083978
block_diagonal,kaczmarz_warm_start,100,50,29,delete,107,0.000028892,delete,34,1,17.436027354
block_diagonal,cached_dense_qr,100,50,30,modify,107,0.000073039,modify,40,1,11.288637355
block_diagonal,dense_scratch,100,50,30,modify,107,0.000067684,modify,40,1,11.288637355
block_diagonal,sparse_scratch,100,50,30,modify,107,0.000076385,modify,40,1,11.288637355
block_diagonal,kaczmarz_warm_start,100,50,30,modify,107,0.000028867,modify,40,1,16.379821850
block_diagonal,cached_dense_qr,100,50,31,modify,107,0.000068480,modify,37,1,11.273863579
block_diagonal,dense_scratch,100,50,31,modify,107,0.000065471,modify,37,1,11.273863579
block_diagonal,sparse_scratch,100,50,31,modify,107,0.000078406,modify,37,1,11.273863579
block_diagonal,kaczmarz_warm_start,100,50,31,modify,107,0.000031031,modify,37,1,15.499890063
block_diagonal,cached_dense_qr,100,50,32,modify,107,0.000066730,modify,111,1,11.273863579
block_diagonal,dense_scratch,100,50,32,modify,107,0.000064700,modify,111,1,11.273863579
block_diagonal,sparse_scratch,100,50,32,modify,107,0.000082385,modify,111,1,11.273863579
block_diagonal,kaczmarz_warm_start,100,50,32,modify,107,0.000028870,modify,111,1,16.655013012
block_diagonal,cached_dense_qr,100,50,33,delete,106,0.000075055,delete,72,1,11.253888217
block_diagonal,dense_scratch,100,50,33,delete,106,0.000067762,delete,72,1,11.253888217
block_diagonal,sparse_scratch,100,50,33,delete,106,0.000082546,delete,72,1,11.253888217
block_diagonal,kaczmarz_warm_start,100,50,33,delete,106,0.000029014,delete,72,1,16.465554121
block_diagonal,cached_dense_qr,100,50,34,modify,106,0.000067160,modify,124,1,11.439517335
block_diagonal,dense_scratch,100,50,34,modify,106,0.000064081,modify,124,1,11.439517335
block_diagonal,sparse_scratch,100,50,34,modify,106,0.000086732,modify,124,1,11.224229743
block_diagonal,kaczmarz_warm_start,100,50,34,modify,106,0.000029168,modify,124,1,15.567049726
block_diagonal,cached_dense_qr,100,50,35,delete,105,0.000079369,delete,67,1,11.256843827
block_diagonal,dense_scratch,100,50,35,delete,105,0.000070900,delete,67,1,11.256843827
block_diagonal,sparse_scratch,100,50,35,delete,105,0.000086594,delete,67,1,11.210857832
block_diagonal,kaczmarz_warm_start,100,50,35,delete,105,0.000029038,delete,67,1,17.137356531
block_diagonal,cached_dense_qr,100,50,36,delete,104,0.000067827,delete,125,1,10.954701226
block_diagonal,dense_scratch,100,50,36,delete,104,0.000061080,delete,125,1,10.954701226
block_diagonal,sparse_scratch,100,50,36,delete,104,0.000086275,delete,125,1,10.848194934
block_diagonal,kaczmarz_warm_start,100,50,36,delete,104,0.000028590,delete,125,1,14.701969783
block_diagonal,cached_dense_qr,100,50,37,modify,104,0.000060669,modify,84,1,11.377721364
block_diagonal,dense_scratch,100,50,37,modify,104,0.000057930,modify,84,1,11.377721364
block_diagonal,sparse_scratch,100,50,37,modify,104,0.000087472,modify,84,1,10.834358926
block_diagonal,kaczmarz_warm_start,100,50,37,modify,104,0.000028761,modify,84,1,14.920204327
block_diagonal,cached_dense_qr,100,50,38,modify,104,0.000061515,modify,6,1,10.872072323
block_diagonal,dense_scratch,100,50,38,modify,104,0.000057440,modify,6,1,10.872072323
block_diagonal,sparse_scratch,100,50,38,modify,104,0.000083825,modify,6,1,10.834358926
block_diagonal,kaczmarz_warm_start,100,50,38,modify,104,0.000028538,modify,6,1,16.687716696
block_diagonal,cached_dense_qr,100,50,39,modify,104,0.000059245,modify,25,1,10.834358926
block_diagonal,dense_scratch,100,50,39,modify,104,0.000057051,modify,25,1,10.834358926
block_diagonal,sparse_scratch,100,50,39,modify,104,0.000081419,modify,25,1,10.834358926
block_diagonal,kaczmarz_warm_start,100,50,39,modify,104,0.000028763,modify,25,1,15.588014552
block_diagonal,cached_dense_qr,100,50,40,modify,104,0.000058053,modify,68,1,11.202410817
block_diagonal,dense_scratch,100,50,40,modify,104,0.000057255,modify,68,1,11.202410817
block_diagonal,sparse_scratch,100,50,40,modify,104,0.000084443,modify,68,1,10.720696495
block_diagonal,kaczmarz_warm_start,100,50,40,modify,104,0.000028640,modify,68,1,15.091913701
block_diagonal,cached_dense_qr,100,50,41,add,105,0.000005829,add,123,1,11.447489601
block_diagonal,dense_scratch,100,50,41,add,105,0.000081110,add,123,1,10.743990568
block_diagonal,sparse_scratch,100,50,41,add,105,0.000083771,add,123,1,10.743990568
block_diagonal,kaczmarz_warm_start,100,50,41,add,105,0.000028788,add,123,1,16.572144255
block_diagonal,cached_dense_qr,100,50,42,add,106,0.000006225,add,132,1,11.578941350
block_diagonal,dense_scratch,100,50,42,add,106,0.000075352,add,132,1,10.743990568
block_diagonal,sparse_scratch,100,50,42,add,106,0.000083256,add,132,1,10.743990568
block_diagonal,kaczmarz_warm_start,100,50,42,add,106,0.000029316,add,132,1,14.524764439
block_diagonal,cached_dense_qr,100,50,43,add,107,0.000005642,add,142,1,11.645141739
block_diagonal,dense_scratch,100,50,43,add,107,0.000080602,add,142,1,10.836666154
block_diagonal,sparse_scratch,100,50,43,add,107,0.000081531,add,142,1,10.836666154
block_diagonal,kaczmarz_warm_start,100,50,43,add,107,0.000029038,add,142,1,16.665467023
block_diagonal,cached_dense_qr,100,50,44,add,108,0.000005747,add,127,1,11.926736676
block_diagonal,dense_scratch,100,50,44,add,108,0.000072264,add,127,1,11.044956816
block_diagonal,sparse_scratch,100,50,44,add,108,0.000082018,add,127,1,10.928555867
block_diagonal,kaczmarz_warm_start,100,50,44,add,108,0.000029313,add,127,1,16.139323630
block_diagonal,cached_dense_qr,100,50,45,add,109,0.000005965,add,103,1,13.059424995
block_diagonal,dense_scratch,100,50,45,add,109,0.000081281,add,103,1,11.654724217
block_diagonal,sparse_scratch,100,50,45,add,109,0.000086685,add,103,1,10.928555867
block_diagonal,kaczmarz_warm_start,100,50,45,add,109,0.000029221,add,103,1,17.373405297
block_diagonal,cached_dense_qr,100,50,46,modify,109,0.000076824,modify,123,1,10.905656025
block_diagonal,dense_scratch,100,50,46,modify,109,0.000069809,modify,123,1,10.905656025
block_diagonal,sparse_scratch,100,50,46,modify,109,0.000091255,modify,123,1,10.905656025
block_diagonal,kaczmarz_warm_start,100,50,46,modify,109,0.000029511,modify,123,1,18.188351077
block_diagonal,cached_dense_qr,100,50,47,add,110,0.000005700,add,119,1,11.095043939
block_diagonal,dense_scratch,100,50,47,add,110,0.000076140,add,119,1,11.095043939
block_diagonal,sparse_scratch,100,50,47,add,110,0.000088502,add,119,1,11.095043939
block_diagonal,kaczmarz_warm_start,100,50,47,add,110,0.000029609,add,119,1,16.795999954
block_diagonal,cached_dense_qr,100,50,48,delete,109,0.000073289,delete,19,1,11.081516142
block_diagonal,dense_scratch,100,50,48,delete,109,0.000070734,delete,19,1,11.081516142
block_diagonal,sparse_scratch,100,50,48,delete,109,0.000090002,delete,19,1,11.081516142
block_diagonal,kaczmarz_warm_start,100,50,48,delete,109,0.000031303,delete,19,1,16.452802811
block_diagonal,cached_dense_qr,100,50,49,modify,109,0.000071818,modify,88,1,11.061282261
block_diagonal,dense_scratch,100,50,49,modify,109,0.000067613,modify,88,1,11.061282261
block_diagonal,sparse_scratch,100,50,49,modify,109,0.000091880,modify,88,1,11.061193426
block_diagonal,kaczmarz_warm_start,100,50,49,modify,109,0.000029402,modify,88,1,15.198737076
block_diagonal,cached_dense_qr,500,250,0,modify,500,0.002779798,modify,284,1,28.248817655
block_diagonal,dense_scratch,500,250,0,modify,500,0.002729221,modify,284,1,28.248817655
block_diagonal,sparse_scratch,500,250,0,modify,500,0.000088463,modify,284,1,28.248817655
block_diagonal,kaczmarz_warm_start,500,250,0,modify,500,0.000686198,modify,284,1,39.631524324
block_diagonal,cached_dense_qr,500,250,1,modify,500,0.002638125,modify,198,1,28.231683566
block_diagonal,dense_scratch,500,250,1,modify,500,0.002630299,modify,198,1,28.231683566
block_diagonal,sparse_scratch,500,250,1,modify,500,0.000617548,modify,198,1,28.231683566
block_diagonal,kaczmarz_warm_start,500,250,1,modify,500,0.000692431,modify,198,1,38.424472563
block_diagonal,cached_dense_qr,500,250,2,add,501,0.000122890,add,533,1,28.231683566
block_diagonal,dense_scratch,500,250,2,add,501,0.002616607,add,533,1,28.231683566
block_diagonal,sparse_scratch,500,250,2,add,501,0.000591089,add,533,1,28.231683566
block_diagonal,kaczmarz_warm_start,500,250,2,add,501,0.000688601,add,533,1,38.330107459
block_diagonal,cached_dense_qr,500,250,3,modify,501,0.002704176,modify,190,1,28.370782454
block_diagonal,dense_scratch,500,250,3,modify,501,0.002684888,modify,190,1,28.370782454
block_diagonal,sparse_scratch,500,250,3,modify,501,0.000638346,modify,190,1,28.158302967
block_diagonal,kaczmarz_warm_start,500,250,3,modify,501,0.000693342,modify,190,1,38.585413949
block_diagonal,cached_dense_qr,500,250,4,modify,501,0.002730699,modify,345,1,28.082419483
block_diagonal,dense_scratch,500,250,4,modify,501,0.002703273,modify,345,1,28.082419483
block_diagonal,sparse_scratch,500,250,4,modify,501,0.000684658,modify,345,1,28.082419483
block_diagonal,kaczmarz_warm_start,500,250,4,modify,501,0.000692629,modify,345,1,39.300393140
block_diagonal,cached_dense_qr,500,250,5,add,502,0.000112781,add,543,1,28.082419483
block_diagonal,dense_scratch,500,250,5,add,502,0.002665392,add,543,1,28.082419483
block_diagonal,sparse_scratch,500,250,5,add,502,0.000657787,add,543,1,28.082419483
block_diagonal,kaczmarz_warm_start,500,250,5,add,502,0.000689553,add,543,1,39.855204733
block_diagonal,cached_dense_qr,500,250,6,add,503,0.000113049,add,518,1,28.096659659
block_diagonal,dense_scratch,500,250,6,add,503,0.002730434,add,518,1,28.096659659
block_diagonal,sparse_scratch,500,250,6,add,503,0.000673014,add,518,1,28.096659659
block_diagonal,kaczmarz_warm_start,500,250,6,add,503,0.000700589,add,518,1,39.510278860
block_diagonal,cached_dense_qr,500,250,7,delete,502,0.002734581,delete,423,1,28.106866218
block_diagonal,dense_scratch,500,250,7,delete,502,0.002707662,delete,423,1,28.106866218
block_diagonal,sparse_scratch,500,250,7,delete,502,0.000658700,delete,423,1,28.079432724
block_diagonal,kaczmarz_warm_start,500,250,7,delete,502,0.000692676,delete,423,1,37.097263295
block_diagonal,cached_dense_qr,500,250,8,delete,501,0.002730379,delete,262,1,28.062195213
block_diagonal,dense_scratch,500,250,8,delete,501,0.002709208,delete,262,1,28.062195213
block_diagonal,sparse_scratch,500,250,8,delete,501,0.000687269,delete,262,1,28.062195213
block_diagonal,kaczmarz_warm_start,500,250,8,delete,501,0.000693067,delete,262,1,39.687864186
block_diagonal,cached_dense_qr,500,250,9,add,502,0.000113337,add,553,1,28.062195213
block_diagonal,dense_scratch,500,250,9,add,502,0.002678791,add,553,1,28.063640479
block_diagonal,sparse_scratch,500,250,9,add,502,0.000685193,add,553,1,28.062195213
block_diagonal,kaczmarz_warm_start,500,250,9,add,502,0.000698805,add,553,1,38.149404425
block_diagonal,cached_dense_qr,500,250,10,add,503,0.000112213,add,262,1,28.079432724
block_diagonal,dense_scratch,500,250,10,add,503,0.002743363,add,262,1,28.079432724
block_diagonal,sparse_scratch,500,250,10,add,503,0.000667862,add,262,1,28.079432724
block_diagonal,kaczmarz_warm_start,500,250,10,add,503,0.000697904,add,262,1,41.049066994
block_diagonal,cached_dense_qr,500,250,11,modify,503,0.002636910,modify,322,1,28.058573990
block_diagonal,dense_scratch,500,250,11,modify,503,0.002606536,modify,322,1,28.058573990
block_diagonal,sparse_scratch,500,250,11,modify,503,0.000722508,modify,322,1,28.058573990
block_diagonal,kaczmarz_warm_start,500,250,11,modify,503,0.000695513,modify,322,1,37.243537514
block_diagonal,cached_dense_qr,500,250,12,add,504,0.000117329,add,508,1,28.068076309
block_diagonal,dense_scratch,500,250,12,add,504,0.002551452,add,508,1,28.068076309
block_diagonal,sparse_scratch,500,250,12,add,504,0.000718496,add,508,1,28.068076309
block_diagonal,kaczmarz_warm_start,500,250,12,add,504,0.000693555,add,508,1,40.771617710
block_diagonal,cached_dense_qr,500,250,13,add,505,0.000113284,add,532,1,28.121467026
block_diagonal,dense_scratch,500,250,13,add,505,0.002626633,add,532,1,28.129019087
block_diagonal,sparse_scratch,500,250,13,add,505,0.000739428,add,532,1,28.121467026
block_diagonal,kaczmarz_warm_start,500,250,13,add,505,0.000701307,add,532,1,37.685184339
block_diagonal,cached_dense_qr,500,250,14,add,506,0.000113047,add,544,1,28.153452855
block_diagonal,dense_scratch,500,250,14,add,506,0.002604360,add,544,1,28.153452855
block_diagonal,sparse_scratch,500,250,14,add,506,0.000744100,add,544,1,28.153452855
block_diagonal,kaczmarz_warm_start,500,250,14,add,506,0.000703481,add,544,1,38.368648169
block_diagonal,cached_dense_qr,500,250,15,delete,505,0.002646084,delete,354,1,28.131213688
block_diagonal,dense_scratch,500,250,15,delete,505,0.002613710,delete,354,1,28.131213688
block_diagonal,sparse_scratch,500,250,15,delete,505,0.000733540,delete,354,1,28.131213688
block_diagonal,kaczmarz_warm_start,500,250,15,delete,505,0.000700019,delete,354,1,40.956596124
block_diagonal,cached_dense_qr,500,250,16,modify,505,0.002628108,modify,132,1,28.114010927
block_diagonal,dense_scratch,500,250,16,modify,505,0.002610835,modify,132,1,28.114010927
block_diagonal,sparse_scratch,500,250,16,modify,505,0.000630323,modify,132,1,28.114007925
block_diagonal,kaczmarz_warm_start,500,250,16,modify,505,0.000697800,modify,132,1,35.598087886
block_diagonal,cached_dense_qr,500,250,17,modify,505,0.002633411,modify,402,1,28.357644115
block_diagonal,dense_scratch,500,250,17,modify,505,0.002615758,modify,402,1,28.357644115
block_diagonal,sparse_scratch,500,250,17,modify,505,0.000657834,modify,402,1,28.096791626
block_diagonal,kaczmarz_warm_start,500,250,17,modify,505,0.000700317,modify,402,1,37.427614157
block_diagonal,cached_dense_qr,500,250,18,delete,504,0.002515466,delete,110,1,28.051088881
block_diagonal,dense_scratch,500,250,18,delete,504,0.002490389,delete,110,1,28.051088881
block_diagonal,sparse_scratch,500,250,18,delete,504,0.000671665,delete,110,1,28.025499539
block_diagonal,kaczmarz_warm_start,500,250,18,delete,504,0.000700699,delete,110,1,37.743261705
block_diagonal,cached_dense_qr,500,250,19,add,505,0.000113781,add,557,1,28.053897122
block_diagonal,dense_scratch,500,250,19,add,505,0.002656138,add,557,1,28.035013068
block_diagonal,sparse_scratch,500,250,19,add,505,0.000644253,add,557,1,28.035013068
block_diagonal,kaczmarz_warm_start,500,250,19,add,505,0.000698586,add,557,1,41.760741633
block_diagonal,cached_dense_qr,500,250,20,modify,505,0.002645365,modify,487,1,28.014121260
block_diagonal,dense_scratch,500,250,20,modify,505,0.002606018,modify,487,1,28.014121260
block_diagonal,sparse_scratch,500,250,20,modify,505,0.000664145,modify,487,1,28.014121260
block_diagonal,kaczmarz_warm_start,500,250,20,modify,505,0.000697870,modify,487,1,36.763310747
block_diagonal,cached_dense_qr,500,250,21,modify,505,0.002633481,modify,107,1,27.996603134
block_diagonal,dense_scratch,500,250,21,modify,505,0.002610500,modify,107,1,27.996603134
block_diagonal,sparse_scratch,500,250,21,modify,505,0.000675635,modify,107,1,27.994399302
block_diagonal,kaczmarz_warm_start,500,250,21,modify,505,0.000696497,modify,107,1,44.011116146
block_diagonal,cached_dense_qr,500,250,22,add,506,0.000113747,add,517,1,28.024723803
block_diagonal,dense_scratch,500,250,22,add,506,0.002601808,add,517,1,28.252897890
block_diagonal,sparse_scratch,500,250,22,add,506,0.000685376,add,517,1,28.021602413
block_diagonal,kaczmarz_warm_start,500,250,22,add,506,0.000703069,add,517,1,39.217613816
block_diagonal,cached_dense_qr,500,250,23,modify,506,0.002595563,modify,328,1,28.019389797
block_diagonal,dense_scratch,500,250,23,modify,506,0.002583445,modify,328,1,28.019389797
block_diagonal,sparse_scratch,500,250,23,modify,506,0.000690857,modify,328,1,27.999258520
block_diagonal,kaczmarz_warm_start,500,250,23,modify,506,0.000703538,modify,328,1,39.761784136
block_diagonal,cached_dense_qr,500,250,24,add,507,0.000113357,add,423,1,28.031141836
block_diagonal,dense_scratch,500,250,24,add,507,0.002649922,add,423,1,28.129125657
block_diagonal,sparse_scratch,500,250,24,add,507,0.000697903,add,423,1,28.016534754
block_diagonal,kaczmarz_warm_start,500,250,24,add,507,0.000705339,add,423,1,43.721936105
block_diagonal,cached_dense_qr,500,250,25,modify,507,0.002654129,modify,310,1,28.031557232
block_diagonal,dense_scratch,500,250,25,modify,507,0.002631339,modify,310,1,28.031557232
block_diagonal,sparse_scratch,500,250,25,modify,507,0.000711910,modify,310,1,27.952371753
block_diagonal,kaczmarz_warm_start,500,250,25,modify,507,0.000703756,modify,310,1,39.287515675
block_diagonal,cached_dense_qr,500,250,26,add,508,0.000115284,add,509,1,28.063519756
block_diagonal,dense_scratch,500,250,26,add,508,0.002566052,add,509,1,28.045102668
block_diagonal,sparse_scratch,500,250,26,add,508,0.000711856,add,509,1,27.972807220
block_diagonal,kaczmarz_warm_start,500,250,26,add,508,0.000702304,add,509,1,37.531197173
block_diagonal,cached_dense_qr,500,250,27,add,509,0.000112344,add,552,1,28.056580589
block_diagonal,dense_scratch,500,250,27,add,509,0.002690073,add,552,1,28.044168638
block_diagonal,sparse_scratch,500,250,27,add,509,0.000714233,add,552,1,28.000031308
block_diagonal,kaczmarz_warm_start,500,250,27,add,509,0.000708277,add,552,1,38.264307457
block_diagonal,cached_dense_qr,500,250,28,add,510,0.000112773,add,547,1,28.105949552
block_diagonal,dense_scratch,500,250,28,add,510,0.002660169,add,547,1,28.138205638
block_diagonal,sparse_scratch,500,250,28,add,510,0.000723082,add,547,1,28.011508535
block_diagonal,kaczmarz_warm_start,500,250,28,add,510,0.000707982,add,547,1,40.251035450
block_diagonal,cached_dense_qr,500,250,29,add,511,0.000115427,add,110,1,28.163064505
block_diagonal,dense_scratch,500,250,29,add,511,0.002773884,add,110,1,28.310821026
block_diagonal,sparse_scratch,500,250,29,add,511,0.000735037,add,110,1,28.085272679
block_diagonal,kaczmarz_warm_start,500,250,29,add,511,0.000710336,add,110,1,43.342557726
block_diagonal,cached_dense_qr,500,250,30,add,512,0.000113115,add,506,1,28.185433562
block_diagonal,dense_scratch,500,250,30,add,512,0.003073348,add,506,1,28.119095446
block_diagonal,sparse_scratch,500,250,30,add,512,0.000745605,add,506,1,28.101093045
block_diagonal,kaczmarz_warm_start,500,250,30,add,512,0.000710124,add,506,1,42.595504909
block_diagonal,cached_dense_qr,500,250,31,delete,511,0.002771966,delete,400,1,28.459266760
block_diagonal,dense_scratch,500,250,31,delete,511,0.002749613,delete,400,1,28.459266760
block_diagonal,sparse_scratch,500,250,31,delete,511,0.000734444,delete,400,1,28.027370539
block_diagonal,kaczmarz_warm_start,500,250,31,delete,511,0.000704857,delete,400,1,41.022812420
block_diagonal,cached_dense_qr,500,250,32,add,512,0.000113234,add,514,1,28.457501385
block_diagonal,dense_scratch,500,250,32,add,512,0.003079584,add,514,1,28.074853633
block_diagonal,sparse_scratch,500,250,32,add,512,0.000908146,add,514,1,28.040053681
block_diagonal,kaczmarz_warm_start,500,250,32,add,512,0.000705821,add,514,1,41.150487649
block_diagonal,cached_dense_qr,500,250,33,add,513,0.000112740,add,537,1,28.701497877
block_diagonal,dense_scratch,500,250,33,add,513,0.002776453,add,537,1,28.080967706
block_diagonal,sparse_scratch,500,250,33,add,513,0.000744211,add,537,1,28.048968081
block_diagonal,kaczmarz_warm_start,500,250,33,add,513,0.000708993,add,537,1,41.386614236
block_diagonal,cached_dense_qr,500,250,34,delete,512,0.003082573,delete,178,1,28.056976143
block_diagonal,dense_scratch,500,250,34,delete,512,0.003168644,delete,178,1,28.056976143
block_diagonal,sparse_scratch,500,250,34,delete,512,0.000757540,delete,178,1,28.032843404
block_diagonal,kaczmarz_warm_start,500,250,34,delete,512,0.000712353,delete,178,1,38.994394741
block_diagonal,cached_dense_qr,500,250,35,delete,511,0.002768547,delete,138,1,28.117711417
block_diagonal,dense_scratch,500,250,35,delete,511,0.002749940,delete,138,1,28.117711417
block_diagonal,sparse_scratch,500,250,35,delete,511,0.000864246,delete,138,1,28.014386065
block_diagonal,kaczmarz_warm_start,500,250,35,delete,511,0.000707679,delete,138,1,40.283607861
block_diagonal,cached_dense_qr,500,250,36,delete,510,0.002663082,delete,101,1,28.175939149
block_diagonal,dense_scratch,500,250,36,delete,510,0.002641029,delete,101,1,28.175939149
block_diagonal,sparse_scratch,500,250,36,delete,510,0.000724966,delete,101,1,27.995916556
block_diagonal,kaczmarz_warm_start,500,250,36,delete,510,0.000705368,delete,101,1,39.834948383
block_diagonal,cached_dense_qr,500,250,37,delete,509,0.002692791,delete,446,1,27.991460307
block_diagonal,dense_scratch,500,250,37,delete,509,0.002668563,delete,446,1,27.991460307
block_diagonal,sparse_scratch,500,250,37,delete,509,0.000731555,delete,446,1,27.978627591
block_diagonal,kaczmarz_warm_start,500,250,37,delete,509,0.000707761,delete,446,1,41.938133830
block_diagonal,cached_dense_qr,500,250,38,modify,509,0.002690946,modify,369,1,27.998258269
block_diagonal,dense_scratch,500,250,38,modify,509,0.002670529,modify,369,1,27.998258269
block_diagonal,sparse_scratch,500,250,38,modify,509,0.000758660,modify,369,1,27.964868987
block_diagonal,kaczmarz_warm_start,500,250,38,modify,509,0.000708473,modify,369,1,41.158675625
block_diagonal,cached_dense_qr,500,250,39,modify,509,0.002685698,modify,320,1,27.939047806
block_diagonal,dense_scratch,500,250,39,modify,509,0.002664014,modify,320,1,27.939047806
block_diagonal,sparse_scratch,500,250,39,modify,509,0.000905273,modify,320,1,27.895819662
block_diagonal,kaczmarz_warm_start,500,250,39,modify,509,0.000707842,modify,320,1,39.676043868
block_diagonal,cached_dense_qr,500,250,40,delete,508,0.002669030,delete,424,1,27.912779413
block_diagonal,dense_scratch,500,250,40,delete,508,0.002629919,delete,424,1,27.912779413
block_diagonal,sparse_scratch,500,250,40,delete,508,0.000752326,delete,424,1,27.876077187
block_diagonal,kaczmarz_warm_start,500,250,40,delete,508,0.000706069,delete,424,1,37.263442254
block_diagonal,cached_dense_qr,500,250,41,delete,507,0.002661751,delete,171,1,28.043728330
block_diagonal,dense_scratch,500,250,41,delete,507,0.002634060,delete,171,1,28.043728330
block_diagonal,sparse_scratch,500,250,41,delete,507,0.000903151,delete,171,1,27.856257495
block_diagonal,kaczmarz_warm_start,500,250,41,delete,507,0.000697363,delete,171,1,43.219448580
block_diagonal,cached_dense_qr,500,250,42,add,508,0.000113554,add,446,1,27.966132299
block_diagonal,dense_scratch,500,250,42,add,508,0.002651481,add,446,1,28.192377171
block_diagonal,sparse_scratch,500,250,42,add,508,0.000908533,add,446,1,27.873622362
block_diagonal,kaczmarz_warm_start,500,250,42,add,508,0.000705694,add,446,1,40.019349388
block_diagonal,cached_dense_qr,500,250,43,add,509,0.000113745,add,548,1,28.052741965
block_diagonal,dense_scratch,500,250,43,add,509,0.002697161,add,548,1,28.022250064
block_diagonal,sparse_scratch,500,250,43,add,509,0.000906146,add,548,1,27.902308570
block_diagonal,kaczmarz_warm_start,500,250,43,add,509,0.000705031,add,548,1,40.835844375
block_diagonal,cached_dense_qr,500,250,44,modify,509,0.002698684,modify,2,1,28.091985433
block_diagonal,dense_scratch,500,250,44,modify,509,0.002682708,modify,2,1,28.091985433
block_diagonal,sparse_scratch,500,250,44,modify,509,0.000765618,modify,2,1,27.881317326
block_diagonal,kaczmarz_warm_start,500,250,44,modify,509,0.000703231,modify,2,1,40.100869754
block_diagonal,cached_dense_qr,500,250,45,modify,509,0.002705269,modify,43,1,28.161763041
block_diagonal,dense_scratch,500,250,45,modify,509,0.002659902,modify,43,1,28.161763041
block_diagonal,sparse_scratch,500,250,45,modify,509,0.001009784,modify,43,1,27.863957255
block_diagonal,kaczmarz_warm_start,500,250,45,modify,509,0.000706296,modify,43,1,39.955733911
block_diagonal,cached_dense_qr,500,250,46,add,510,0.000112533,add,542,1,28.264744466
block_diagonal,dense_scratch,500,250,46,add,510,0.002673915,add,542,1,28.264072585
block_diagonal,sparse_scratch,500,250,46,add,510,0.000829257,add,542,1,27.887438118
block_diagonal,kaczmarz_warm_start,500,250,46,add,510,0.000707460,add,542,1,39.893988785
block_diagonal,cached_dense_qr,500,250,47,delete,509,0.002831713,delete,116,1,28.037913524
block_diagonal,dense_scratch,500,250,47,delete,509,0.002664657,delete,116,1,28.037913524
block_diagonal,sparse_scratch,500,250,47,delete,509,0.000969572,delete,116,1,27.870121771
block_diagonal,kaczmarz_warm_start,500,250,47,delete,509,0.000701306,delete,116,1,41.917410261
block_diagonal,cached_dense_qr,500,250,48,modify,509,0.002690355,modify,214,1,27.961471350
block_diagonal,dense_scratch,500,250,48,modify,509,0.002668336,modify,214,1,27.961471350
block_diagonal,sparse_scratch,500,250,48,modify,509,0.001009573,modify,214,1,27.854010560
block_diagonal,kaczmarz_warm_start,500,250,48,modify,509,0.000707498,modify,214,1,37.632389993
block_diagonal,cached_dense_qr,500,250,49,modify,509,0.002686299,modify,249,1,28.033783114
block_diagonal,dense_scratch,500,250,49,modify,509,0.002666942,modify,249,1,28.033783114
block_diagonal,sparse_scratch,500,250,49,modify,509,0.001034650,modify,249,1,27.834238431
block_diagonal,kaczmarz_warm_start,500,250,49,modify,509,0.000706005,modify,249,1,39.678776487
block_diagonal,cached_dense_qr,1000,500,0,add,1001,0.000521133,add,1038,1,39.977569876
block_diagonal,dense_scratch,1000,500,0,add,1001,0.015284005,add,1038,1,39.977569876
block_diagonal,sparse_scratch,1000,500,0,add,1001,0.000131587,add,1038,1,39.977569876
block_diagonal,kaczmarz_warm_start,1000,500,0,add,1001,0.003349518,add,1038,1,62.401923047
block_diagonal,cached_dense_qr,1000,500,1,modify,1001,0.019284613,modify,271,1,39.964855808
block_diagonal,dense_scratch,1000,500,1,modify,1001,0.019420445,modify,271,1,39.964855808
block_diagonal,sparse_scratch,1000,500,1,modify,1001,0.000134881,modify,271,1,39.964855808
block_diagonal,kaczmarz_warm_start,1000,500,1,modify,1001,0.003347052,modify,271,1,52.767214092
block_diagonal,cached_dense_qr,1000,500,2,add,1002,0.000696151,add,1009,1,39.988341770
block_diagonal,dense_scratch,1000,500,2,add,1002,0.018851198,add,1009,1,39.988341770
block_diagonal,sparse_scratch,1000,500,2,add,1002,0.000131512,add,1009,1,39.988341770
block_diagonal,kaczmarz_warm_start,1000,500,2,add,1002,0.003346719,add,1009,1,58.275666702
block_diagonal,cached_dense_qr,1000,500,3,modify,1002,0.019282902,modify,892,1,39.975631128
block_diagonal,dense_scratch,1000,500,3,modify,1002,0.019349243,modify,892,1,39.975631128
block_diagonal,sparse_scratch,1000,500,3,modify,1002,0.002051423,modify,892,1,39.975631128
block_diagonal,kaczmarz_warm_start,1000,500,3,modify,1002,0.003360569,modify,892,1,59.180829022
block_diagonal,cached_dense_qr,1000,500,4,delete,1001,0.019279852,delete,98,1,39.962916443
block_diagonal,dense_scratch,1000,500,4,delete,1001,0.019277797,delete,98,1,39.962916443
block_diagonal,sparse_scratch,1000,500,4,delete,1001,0.002741514,delete,98,1,39.962916443
block_diagonal,kaczmarz_warm_start,1000,500,4,delete,1001,0.003347773,delete,98,1,56.324782951
block_diagonal,cached_dense_qr,1000,500,5,add,1002,0.000689027,add,1020,1,40.023040633
block_diagonal,dense_scratch,1000,500,5,add,1002,0.019153260,add,1020,1,40.023040633
block_diagonal,sparse_scratch,1000,500,5,add,1002,0.002045868,add,1020,1,40.023040633
block_diagonal,kaczmarz_warm_start,1000,500,5,add,1002,0.003346426,add,1020,1,56.189189280
block_diagonal,cached_dense_qr,1000,500,6,delete,1001,0.019441856,delete,207,1,40.010341015
block_diagonal,dense_scratch,1000,500,6,delete,1001,0.019404459,delete,207,1,40.010341015
block_diagonal,sparse_scratch,1000,500,6,delete,1001,0.002045270,delete,207,1,40.010341015
block_diagonal,kaczmarz_warm_start,1000,500,6,delete,1001,0.003334505,delete,207,1,59.508761359
block_diagonal,cached_dense_qr,1000,500,7,add,1002,0.000694172,add,1002,1,40.019807144
block_diagonal,dense_scratch,1000,500,7,add,1002,0.019176402,add,1002,1,40.019807144
block_diagonal,sparse_scratch,1000,500,7,add,1002,0.002045537,add,1002,1,40.019807144
block_diagonal,kaczmarz_warm_start,1000,500,7,add,1002,0.003337676,add,1002,1,54.295620081
block_diagonal,cached_dense_qr,1000,500,8,delete,1001,0.019386844,delete,116,1,40.006683075
block_diagonal,dense_scratch,1000,500,8,delete,1001,0.019459244,delete,116,1,40.006683075
block_diagonal,sparse_scratch,1000,500,8,delete,1001,0.002042546,delete,116,1,40.006683075
block_diagonal,kaczmarz_warm_start,1000,500,8,delete,1001,0.003334447,delete,116,1,52.538583508
block_diagonal,cached_dense_qr,1000,500,9,add,1002,0.000691333,add,1018,1,40.014693755
block_diagonal,dense_scratch,1000,500,9,add,1002,0.019260005,add,1018,1,40.014693755
block_diagonal,sparse_scratch,1000,500,9,add,1002,0.002042034,add,1018,1,40.014693755
block_diagonal,kaczmarz_warm_start,1000,500,9,add,1002,0.003356909,add,1018,1,54.838339788
block_diagonal,cached_dense_qr,1000,500,10,modify,1002,0.018988384,modify,429,1,40.001991486
block_diagonal,dense_scratch,1000,500,10,modify,1002,0.019032342,modify,429,1,40.001991486
block_diagonal,sparse_scratch,1000,500,10,modify,1002,0.002062920,modify,429,1,40.001991486
block_diagonal,kaczmarz_warm_start,1000,500,10,modify,1002,0.003364319,modify,429,1,60.834828436
block_diagonal,cached_dense_qr,1000,500,11,add,1003,0.000696649,add,1019,1,40.019569166
block_diagonal,dense_scratch,1000,500,11,add,1003,0.019239922,add,1019,1,40.019569166
block_diagonal,sparse_scratch,1000,500,11,add,1003,0.002078755,add,1019,1,40.019569166
block_diagonal,kaczmarz_warm_start,1000,500,11,add,1003,0.003343407,add,1019,1,54.644709765
block_diagonal,cached_dense_qr,1000,500,12,modify,1003,0.018408289,modify,530,1,39.973287477
block_diagonal,dense_scratch,1000,500,12,modify,1003,0.018425498,modify,530,1,39.973287477
block_diagonal,sparse_scratch,1000,500,12,modify,1003,0.002173950,modify,530,1,39.968742068
block_diagonal,kaczmarz_warm_start,1000,500,12,modify,1003,0.003371750,modify,530,1,59.797403640
block_diagonal,cached_dense_qr,1000,500,13,add,1004,0.000662833,add,1057,1,39.976798851
block_diagonal,dense_scratch,1000,500,13,add,1004,0.018463398,add,1057,1,39.968742068
block_diagonal,sparse_scratch,1000,500,13,add,1004,0.002232070,add,1057,1,39.968742068
block_diagonal,kaczmarz_warm_start,1000,500,13,add,1004,0.003343568,add,1057,1,58.296322039
block_diagonal,cached_dense_qr,1000,500,14,add,1005,0.000676079,add,1059,1,39.975831282
block_diagonal,dense_scratch,1000,500,14,add,1005,0.019224566,add,1059,1,39.970933728
block_diagonal,sparse_scratch,1000,500,14,add,1005,0.002217022,add,1059,1,39.968742068
block_diagonal,kaczmarz_warm_start,1000,500,14,add,1005,0.003339491,add,1059,1,56.499651065
block_diagonal,cached_dense_qr,1000,500,15,add,1006,0.000675482,add,1040,1,40.028940851
block_diagonal,dense_scratch,1000,500,15,add,1006,0.018885853,add,1040,1,40.038646738
block_diagonal,sparse_scratch,1000,500,15,add,1006,0.002205692,add,1040,1,40.022319483
block_diagonal,kaczmarz_warm_start,1000,500,15,add,1006,0.003379909,add,1040,1,53.174358965
block_diagonal,cached_dense_qr,1000,500,16,modify,1006,0.018437660,modify,915,1,40.148866805
block_diagonal,dense_scratch,1000,500,16,modify,1006,0.018402666,modify,915,1,40.148866805
block_diagonal,sparse_scratch,1000,500,16,modify,1006,0.002304116,modify,915,1,39.970644856
block_diagonal,kaczmarz_warm_start,1000,500,16,modify,1006,0.003352130,modify,915,1,60.122118821
block_diagonal,cached_dense_qr,1000,500,17,modify,1006,0.015691861,modify,777,1,40.006440593
block_diagonal,dense_scratch,1000,500,17,modify,1006,0.015657004,modify,777,1,40.006440593
block_diagonal,sparse_scratch,1000,500,17,modify,1006,0.002402139,modify,777,1,39.956667984
block_diagonal,kaczmarz_warm_start,1000,500,17,modify,1006,0.003358463,modify,777,1,53.044614234
block_diagonal,cached_dense_qr,1000,500,18,modify,1006,0.015841916,modify,991,1,39.980299006
block_diagonal,dense_scratch,1000,500,18,modify,1006,0.015814783,modify,991,1,39.980299006
block_diagonal,sparse_scratch,1000,500,18,modify,1006,0.002528204,modify,991,1,39.945148691
block_diagonal,kaczmarz_warm_start,1000,500,18,modify,1006,0.003361780,modify,991,1,58.227784049
block_diagonal,cached_dense_qr,1000,500,19,add,1007,0.000659675,add,1012,1,39.999066359
block_diagonal,dense_scratch,1000,500,19,add,1007,0.016105771,add,1012,1,43.034738747
block_diagonal,sparse_scratch,1000,500,19,add,1007,0.002514372,add,1012,1,39.956881809
block_diagonal,kaczmarz_warm_start,1000,500,19,add,1007,0.003378871,add,1012,1,54.481642135
block_diagonal,cached_dense_qr,1000,500,20,add,1008,0.000670864,add,1001,1,40.018413309
block_diagonal,dense_scratch,1000,500,20,add,1008,0.016060064,add,1001,1,40.035520128
block_diagonal,sparse_scratch,1000,500,20,add,1008,0.002580467,add,1001,1,39.970175180
block_diagonal,kaczmarz_warm_start,1000,500,20,add,1008,0.003378608,add,1001,1,56.447277852
block_diagonal,cached_dense_qr,1000,500,21,add,1009,0.000656653,add,1007,1,40.016790909
block_diagonal,dense_scratch,1000,500,21,add,1009,0.016163234,add,1007,1,40.226721057
block_diagonal,sparse_scratch,1000,500,21,add,1009,0.002540361,add,1007,1,39.981987799
block_diagonal,kaczmarz_warm_start,1000,500,21,add,1009,0.003371950,add,1007,1,52.040603910
block_diagonal,cached_dense_qr,1000,500,22,add,1010,0.000668758,add,1003,1,40.033560069
block_diagonal,dense_scratch,1000,500,22,add,1010,0.015964160,add,1003,1,40.256404745
block_diagonal,sparse_scratch,1000,500,22,add,1010,0.002581490,add,1003,1,39.992554027
block_diagonal,kaczmarz_warm_start,1000,500,22,add,1010,0.003364367,add,1003,1,56.515711341
block_diagonal,cached_dense_qr,1000,500,23,delete,1009,0.016140558,delete,829,1,40.118235251
block_diagonal,dense_scratch,1000,500,23,delete,1009,0.016184809,delete,829,1,40.118235251
block_diagonal,sparse_scratch,1000,500,23,delete,1009,0.002072486,delete,829,1,39.979844724
block_diagonal,kaczmarz_warm_start,1000,500,23,delete,1009,0.003367482,delete,829,1,53.001415103
block_diagonal,cached_dense_qr,1000,500,24,modify,1009,0.014747485,modify,178,1,41.059119085
block_diagonal,dense_scratch,1000,500,24,modify,1009,0.014688882,modify,178,1,41.059119085
block_diagonal,sparse_scratch,1000,500,24,modify,1009,0.002127782,modify,178,1,39.968332110
block_diagonal,kaczmarz_warm_start,1000,500,24,modify,1009,0.003378803,modify,178,1,54.574454012
block_diagonal,cached_dense_qr,1000,500,25,delete,1008,0.014615296,delete,915,1,40.069617179
block_diagonal,dense_scratch,1000,500,25,delete,1008,0.014600167,delete,915,1,40.069617179
block_diagonal,sparse_scratch,1000,500,25,delete,1008,0.002488603,delete,915,1,39.968332110
block_diagonal,kaczmarz_warm_start,1000,500,25,delete,1008,0.003365662,delete,915,1,59.768732982
block_diagonal,cached_dense_qr,1000,500,26,delete,1007,0.014428507,delete,232,1,40.048730331
block_diagonal,dense_scratch,1000,500,26,delete,1007,0.014398645,delete,232,1,40.048730331
block_diagonal,sparse_scratch,1000,500,26,delete,1007,0.003082172,delete,232,1,39.956025392
block_diagonal,kaczmarz_warm_start,1000,500,26,delete,1007,0.003372279,delete,232,1,57.610562319
block_diagonal,cached_dense_qr,1000,500,27,modify,1007,0.014603095,modify,946,1,40.304593743
block_diagonal,dense_scratch,1000,500,27,modify,1007,0.014579162,modify,946,1,40.304593743
block_diagonal,sparse_scratch,1000,500,27,modify,1007,0.002112897,modify,946,1,39.942452840
block_diagonal,kaczmarz_warm_start,1000,500,27,modify,1007,0.003377772,modify,946,1,55.362844464
block_diagonal,cached_dense_qr,1000,500,28,modify,1007,0.014607573,modify,985,1,40.511550983
block_diagonal,dense_scratch,1000,500,28,modify,1007,0.014592725,modify,985,1,40.511550983
block_diagonal,sparse_scratch,1000,500,28,modify,1007,0.002147548,modify,985,1,39.888918387
block_diagonal,kaczmarz_warm_start,1000,500,28,modify,1007,0.003357675,modify,985,1,53.232763604
block_diagonal,cached_dense_qr,1000,500,29,add,1008,0.000681810,add,1034,1,40.734935071
block_diagonal,dense_scratch,1000,500,29,add,1008,0.014464545,add,1034,1,40.272646801
block_diagonal,sparse_scratch,1000,500,29,add,1008,0.002194419,add,1034,1,39.903462712
block_diagonal,kaczmarz_warm_start,1000,500,29,add,1008,0.003366715,add,1034,1,55.054102084
block_diagonal,cached_dense_qr,1000,500,30,add,1009,0.000655430,add,1014,1,40.647000408
block_diagonal,dense_scratch,1000,500,30,add,1009,0.014676678,add,1014,1,40.048823108
block_diagonal,sparse_scratch,1000,500,30,add,1009,0.002160673,add,1014,1,39.916617297
block_diagonal,kaczmarz_warm_start,1000,500,30,add,1009,0.003369501,add,1014,1,60.758434602
block_diagonal,cached_dense_qr,1000,500,31,add,1010,0.000654317,add,1000,1,40.638900561
block_diagonal,dense_scratch,1000,500,31,add,1010,0.014406310,add,1000,1,40.154677712
block_diagonal,sparse_scratch,1000,500,31,add,1010,0.002182689,add,1000,1,39.964415650
block_diagonal,kaczmarz_warm_start,1000,500,31,add,1010,0.003371771,add,1000,1,56.360307679
block_diagonal,cached_dense_qr,1000,500,32,modify,1010,0.014145157,modify,258,1,40.055650354
block_diagonal,dense_scratch,1000,500,32,modify,1010,0.014149531,modify,258,1,40.055650354
block_diagonal,sparse_scratch,1000,500,32,modify,1010,0.002196086,modify,258,1,39.952107725
block_diagonal,kaczmarz_warm_start,1000,500,32,modify,1010,0.003390839,modify,258,1,58.658245175
block_diagonal,cached_dense_qr,1000,500,33,delete,1009,0.014290195,delete,462,1,40.234289968
block_diagonal,dense_scratch,1000,500,33,delete,1009,0.014248164,delete,462,1,40.234289968
block_diagonal,sparse_scratch,1000,500,33,delete,1009,0.002201110,delete,462,1,39.940587116
block_diagonal,kaczmarz_warm_start,1000,500,33,delete,1009,0.003376167,delete,462,1,56.399857410
block_diagonal,cached_dense_qr,1000,500,34,add,1010,0.000644960,add,1030,1,40.239428403
block_diagonal,dense_scratch,1000,500,34,add,1010,0.014098440,add,1030,1,40.417425874
block_diagonal,sparse_scratch,1000,500,34,add,1010,0.002189325,add,1030,1,39.984205197
block_diagonal,kaczmarz_warm_start,1000,500,34,add,1010,0.003376302,add,1030,1,56.558758063
block_diagonal,cached_dense_qr,1000,500,35,add,1011,0.000658260,add,1039,1,40.267178451
block_diagonal,dense_scratch,1000,500,35,add,1011,0.014360290,add,1039,1,40.055306799
block_diagonal,sparse_scratch,1000,500,35,add,1011,0.002204820,add,1039,1,39.992382408
block_diagonal,kaczmarz_warm_start,1000,500,35,add,1011,0.003386398,add,1039,1,56.745426714
block_diagonal,cached_dense_qr,1000,500,36,add,1012,0.000664388,add,1004,1,40.304072259
block_diagonal,dense_scratch,1000,500,36,add,1012,0.013799120,add,1004,1,40.237310270
block_diagonal,sparse_scratch,1000,500,36,add,1012,0.002167440,add,1004,1,40.009902741
block_diagonal,kaczmarz_warm_start,1000,500,36,add,1012,0.003385737,add,1004,1,61.357691240
block_diagonal,cached_dense_qr,1000,500,37,modify,1012,0.013823808,modify,244,1,40.774483198
block_diagonal,dense_scratch,1000,500,37,modify,1012,0.014196223,modify,244,1,40.774483198
block_diagonal,sparse_scratch,1000,500,37,modify,1012,0.002281004,modify,244,1,39.997192004
block_diagonal,kaczmarz_warm_start,1000,500,37,modify,1012,0.003383092,modify,244,1,53.213615667
block_diagonal,cached_dense_qr,1000,500,38,delete,1011,0.014282433,delete,221,1,40.157153536
block_diagonal,dense_scratch,1000,500,38,delete,1011,0.014271347,delete,221,1,40.157153536
block_diagonal,sparse_scratch,1000,500,38,delete,1011,0.002268737,delete,221,1,39.984901117
block_diagonal,kaczmarz_warm_start,1000,500,38,delete,1011,0.003386619,delete,221,1,59.298611238
block_diagonal,cached_dense_qr,1000,500,39,add,1012,0.000641501,add,116,1,40.211510902
block_diagonal,dense_scratch,1000,500,39,add,1012,0.014203288,add,116,1,41.062402199
block_diagonal,sparse_scratch,1000,500,39,add,1012,0.002286730,add,116,1,39.998032334
block_diagonal,kaczmarz_warm_start,1000,500,39,add,1012,0.003391159,add,116,1,53.854041589
block_diagonal,cached_dense_qr,1000,500,40,add,1013,0.000656577,add,1024,1,40.196927401
block_diagonal,dense_scratch,1000,500,40,add,1013,0.014419095,add,1024,1,40.126582740
block_diagonal,sparse_scratch,1000,500,40,add,1013,0.002242412,add,1024,1,40.014202938
block_diagonal,kaczmarz_warm_start,1000,500,40,add,1013,0.003390175,add,1024,1,55.029256912
block_diagonal,cached_dense_qr,1000,500,41,modify,1013,0.014518488,modify,185,1,40.534406311
block_diagonal,dense_scratch,1000,500,41,modify,1013,0.014561446,modify,185,1,40.534406311
block_diagonal,sparse_scratch,1000,500,41,modify,1013,0.002313667,modify,185,1,39.965009828
block_diagonal,kaczmarz_warm_start,1000,500,41,modify,1013,0.003377552,modify,185,1,58.078361385
block_diagonal,cached_dense_qr,1000,500,42,delete,1012,0.013993592,delete,310,1,41.434418061
block_diagonal,dense_scratch,1000,500,42,delete,1012,0.014280486,delete,310,1,41.434418061
block_diagonal,sparse_scratch,1000,500,42,delete,1012,0.002262367,delete,310,1,39.916547676
block_diagonal,kaczmarz_warm_start,1000,500,42,delete,1012,0.003368582,delete,310,1,60.936035174
block_diagonal,cached_dense_qr,1000,500,43,add,1013,0.000642584,add,1045,1,41.876204660
block_diagonal,dense_scratch,1000,500,43,add,1013,0.014428296,add,1045,1,40.161468771
block_diagonal,sparse_scratch,1000,500,43,add,1013,0.002294379,add,1045,1,39.970487803
block_diagonal,kaczmarz_warm_start,1000,500,43,add,1013,0.003393888,add,1045,1,51.603262466
block_diagonal,cached_dense_qr,1000,500,44,delete,1012,0.013923753,delete,717,1,40.394547050
block_diagonal,dense_scratch,1000,500,44,delete,1012,0.014260862,delete,717,1,40.394547050
block_diagonal,sparse_scratch,1000,500,44,delete,1012,0.002257442,delete,717,1,39.957771481
block_diagonal,kaczmarz_warm_start,1000,500,44,delete,1012,0.003398022,delete,717,1,60.403693026
block_diagonal,cached_dense_qr,1000,500,45,add,1013,0.000642019,add,915,1,40.302491305
block_diagonal,dense_scratch,1000,500,45,add,1013,0.014476986,add,915,1,40.777051719
block_diagonal,sparse_scratch,1000,500,45,add,1013,0.002337669,add,915,1,39.957771481
block_diagonal,kaczmarz_warm_start,1000,500,45,add,1013,0.003402361,add,915,1,58.267449740
block_diagonal,cached_dense_qr,1000,500,46,delete,1012,0.013909829,delete,465,1,40.411616263
block_diagonal,dense_scratch,1000,500,46,delete,1012,0.014262095,delete,465,1,40.411616263
block_diagonal,sparse_scratch,1000,500,46,delete,1012,0.002345709,delete,465,1,39.908508811
block_diagonal,kaczmarz_warm_start,1000,500,46,delete,1012,0.003388824,delete,465,1,58.099418843
block_diagonal,cached_dense_qr,1000,500,47,modify,1012,0.014187313,modify,756,1,40.216663239
block_diagonal,dense_scratch,1000,500,47,modify,1012,0.014189549,modify,756,1,40.216663239
block_diagonal,sparse_scratch,1000,500,47,modify,1012,0.002379002,modify,756,1,39.897385511
block_diagonal,kaczmarz_warm_start,1000,500,47,modify,1012,0.003394538,modify,756,1,53.416045327
block_diagonal,cached_dense_qr,1000,500,48,add,1013,0.000648177,add,1049,1,40.128188599
block_diagonal,dense_scratch,1000,500,48,add,1013,0.014482018,add,1049,1,40.531209992
block_diagonal,sparse_scratch,1000,500,48,add,1013,0.002351512,add,1049,1,39.908589933
block_diagonal,kaczmarz_warm_start,1000,500,48,add,1013,0.003391124,add,1049,1,56.044471111
block_diagonal,cached_dense_qr,1000,500,49,modify,1013,0.014714221,modify,34,1,40.873717229
block_diagonal,dense_scratch,1000,500,49,modify,1013,0.014722235,modify,34,1,40.873717229
block_diagonal,sparse_scratch,1000,500,49,modify,1013,0.002655571,modify,34,1,39.894591321
block_diagonal,kaczmarz_warm_start,1000,500,49,modify,1013,0.003403081,modify,34,1,56.889417730
block_diagonal,cached_dense_qr,2000,1000,0,delete,1999,0.086403145,delete,91,1,56.555388209
block_diagonal,dense_scratch,2000,1000,0,delete,1999,0.084463198,delete,91,1,56.555388209
block_diagonal,sparse_scratch,2000,1000,0,delete,1999,0.000272486,delete,91,1,56.555388209
block_diagonal,kaczmarz_warm_start,2000,1000,0,delete,1999,0.021325223,delete,91,1,74.665922615
block_diagonal,cached_dense_qr,2000,1000,1,add,2000,0.002047251,add,2025,1,56.555388209
block_diagonal,dense_scratch,2000,1000,1,add,2000,0.086928160,add,2025,1,56.555388209
block_diagonal,sparse_scratch,2000,1000,1,add,2000,0.000270190,add,2025,1,56.555388209
block_diagonal,kaczmarz_warm_start,2000,1000,1,add,2000,0.021379082,add,2025,1,79.580148278
block_diagonal,cached_dense_qr,2000,1000,2,add,2001,0.001926786,add,2033,1,56.595158234
block_diagonal,dense_scratch,2000,1000,2,add,2001,0.088963048,add,2033,1,56.595158234
block_diagonal,sparse_scratch,2000,1000,2,add,2001,0.000272496,add,2033,1,56.595158234
block_diagonal,kaczmarz_warm_start,2000,1000,2,add,2001,0.021448967,add,2033,1,88.391176030
block_diagonal,cached_dense_qr,2000,1000,3,delete,2000,0.087140810,delete,970,1,56.558950691
block_diagonal,dense_scratch,2000,1000,3,delete,2000,0.084053145,delete,970,1,56.558950691
block_diagonal,sparse_scratch,2000,1000,3,delete,2000,0.000268734,delete,970,1,56.558950691
block_diagonal,kaczmarz_warm_start,2000,1000,3,delete,2000,0.021404195,delete,970,1,79.246451025
block_diagonal,cached_dense_qr,2000,1000,4,add,2001,0.002090731,add,2038,1,56.560424060
block_diagonal,dense_scratch,2000,1000,4,add,2001,0.088218759,add,2038,1,56.560424060
block_diagonal,sparse_scratch,2000,1000,4,add,2001,0.000265304,add,2038,1,56.560424060
block_diagonal,kaczmarz_warm_start,2000,1000,4,add,2001,0.021404578,add,2038,1,79.529868603
block_diagonal,cached_dense_qr,2000,1000,5,modify,2001,0.285383800,modify,819,1,56.551794891
block_diagonal,dense_scratch,2000,1000,5,modify,2001,0.281255000,modify,819,1,56.551794891
block_diagonal,sparse_scratch,2000,1000,5,modify,2001,0.000276770,modify,819,1,56.551794891
block_diagonal,kaczmarz_warm_start,2000,1000,5,modify,2001,0.021447023,modify,819,1,79.398317596
block_diagonal,cached_dense_qr,2000,1000,6,add,2002,0.004084931,add,2015,1,56.563582266
block_diagonal,dense_scratch,2000,1000,6,add,2002,0.287259927,add,2015,1,56.563582266
block_diagonal,sparse_scratch,2000,1000,6,add,2002,0.000277994,add,2015,1,56.563582266
block_diagonal,kaczmarz_warm_start,2000,1000,6,add,2002,0.021332891,add,2015,1,77.172933647
block_diagonal,cached_dense_qr,2000,1000,7,delete,2001,0.284604056,delete,1099,1,56.554953578
block_diagonal,dense_scratch,2000,1000,7,delete,2001,0.283207101,delete,1099,1,56.554953578
block_diagonal,sparse_scratch,2000,1000,7,delete,2001,0.000277109,delete,1099,1,56.554953578
block_diagonal,kaczmarz_warm_start,2000,1000,7,delete,2001,0.021377825,delete,1099,1,77.074872457
block_diagonal,cached_dense_qr,2000,1000,8,modify,2001,0.277695075,modify,374,1,56.545753099
block_diagonal,dense_scratch,2000,1000,8,modify,2001,0.276685492,modify,374,1,56.545753099
block_diagonal,sparse_scratch,2000,1000,8,modify,2001,0.009289963,modify,374,1,56.545753099
block_diagonal,kaczmarz_warm_start,2000,1000,8,modify,2001,0.021420480,modify,374,1,81.756963946
block_diagonal,cached_dense_qr,2000,1000,9,add,2002,0.004102095,add,2046,1,56.545753099
block_diagonal,dense_scratch,2000,1000,9,add,2002,0.280779135,add,2046,1,56.545991238
block_diagonal,sparse_scratch,2000,1000,9,add,2002,0.009433971,add,2046,1,56.545753099
block_diagonal,kaczmarz_warm_start,2000,1000,9,add,2002,0.021446359,add,2046,1,84.168890370
block_diagonal,cached_dense_qr,2000,1000,10,modify,2002,0.268558107,modify,311,1,56.553871336
block_diagonal,dense_scratch,2000,1000,10,modify,2002,0.270456908,modify,311,1,56.553871336
block_diagonal,sparse_scratch,2000,1000,10,modify,2002,0.007712377,modify,311,1,56.537264294
block_diagonal,kaczmarz_warm_start,2000,1000,10,modify,2002,0.021441292,modify,311,1,84.254077725
block_diagonal,cached_dense_qr,2000,1000,11,add,2003,0.004007955,add,2021,1,56.579227103
block_diagonal,dense_scratch,2000,1000,11,add,2003,0.274321921,add,2021,1,56.572902385
block_diagonal,sparse_scratch,2000,1000,11,add,2003,0.009499666,add,2021,1,56.566735695
block_diagonal,kaczmarz_warm_start,2000,1000,11,add,2003,0.021488604,add,2021,1,79.588900233
block_diagonal,cached_dense_qr,2000,1000,12,add,2004,0.003628814,add,2029,1,56.600013418
block_diagonal,dense_scratch,2000,1000,12,add,2004,0.274800204,add,2029,1,56.595072895
block_diagonal,sparse_scratch,2000,1000,12,add,2004,0.008773919,add,2029,1,56.587777298
block_diagonal,kaczmarz_warm_start,2000,1000,12,add,2004,0.021479297,add,2029,1,82.239936474
block_diagonal,cached_dense_qr,2000,1000,13,delete,2003,0.280663602,delete,833,1,56.670920967
block_diagonal,dense_scratch,2000,1000,13,delete,2003,0.292624245,delete,833,1,56.670920967
block_diagonal,sparse_scratch,2000,1000,13,delete,2003,0.011700640,delete,833,1,56.579012046
block_diagonal,kaczmarz_warm_start,2000,1000,13,delete,2003,0.021792598,delete,833,1,82.208437702
block_diagonal,cached_dense_qr,2000,1000,14,add,2004,0.003788996,add,2044,1,56.663143438
block_diagonal,dense_scratch,2000,1000,14,add,2004,0.291900715,add,2044,1,56.641938418
block_diagonal,sparse_scratch,2000,1000,14,add,2004,0.010719039,add,2044,1,56.581536904
block_diagonal,kaczmarz_warm_start,2000,1000,14,add,2004,0.021609088,add,2044,1,79.553083291
block_diagonal,cached_dense_qr,2000,1000,15,delete,2003,0.296701270,delete,646,1,56.613327340
block_diagonal,dense_scratch,2000,1000,15,delete,2003,0.279949620,delete,646,1,56.613327340
block_diagonal,sparse_scratch,2000,1000,15,delete,2003,0.009624420,delete,646,1,56.572910955
block_diagonal,kaczmarz_warm_start,2000,1000,15,delete,2003,0.021505013,delete,646,1,77.125609837
block_diagonal,cached_dense_qr,2000,1000,16,add,2004,0.003677818,add,2040,1,56.670631838
block_diagonal,dense_scratch,2000,1000,16,add,2004,0.271255896,add,2040,1,56.643528964
block_diagonal,sparse_scratch,2000,1000,16,add,2004,0.008988007,add,2040,1,56.621990511
block_diagonal,kaczmarz_warm_start,2000,1000,16,add,2004,0.021424085,add,2040,1,79.582153235
block_diagonal,cached_dense_qr,2000,1000,17,delete,2003,0.273627677,delete,1409,1,56.633180662
block_diagonal,dense_scratch,2000,1000,17,delete,2003,0.276582276,delete,1409,1,56.633180662
block_diagonal,sparse_scratch,2000,1000,17,delete,2003,0.009710462,delete,1409,1,56.612800927
block_diagonal,kaczmarz_warm_start,2000,1000,17,delete,2003,0.021439891,delete,1409,1,86.309360128
block_diagonal,cached_dense_qr,2000,1000,18,add,2004,0.003647470,add,2016,1,56.636300858
block_diagonal,dense_scratch,2000,1000,18,add,2004,0.274622383,add,2016,1,56.620700950
block_diagonal,sparse_scratch,2000,1000,18,add,2004,0.009012241,add,2016,1,56.617609215
block_diagonal,kaczmarz_warm_start,2000,1000,18,add,2004,0.021464129,add,2016,1,84.077212859
block_diagonal,cached_dense_qr,2000,1000,19,delete,2003,0.270484488,delete,1068,1,56.764629008
block_diagonal,dense_scratch,2000,1000,19,delete,2003,0.273460032,delete,1068,1,56.764629008
block_diagonal,sparse_scratch,2000,1000,19,delete,2003,0.009678743,delete,1068,1,56.608561344
block_diagonal,kaczmarz_warm_start,2000,1000,19,delete,2003,0.021562642,delete,1068,1,81.943113372
block_diagonal,cached_dense_qr,2000,1000,20,modify,2003,0.272121737,modify,1739,1,56.689422364
block_diagonal,dense_scratch,2000,1000,20,modify,2003,0.272679592,modify,1739,1,56.689422364
block_diagonal,sparse_scratch,2000,1000,20,modify,2003,0.008264283,modify,1739,1,56.599369579
block_diagonal,kaczmarz_warm_start,2000,1000,20,modify,2003,0.021478535,modify,1739,1,79.354892057
block_diagonal,cached_dense_qr,2000,1000,21,add,2004,0.004026203,add,2003,1,56.712323576
block_diagonal,dense_scratch,2000,1000,21,add,2004,0.274720840,add,2003,1,56.802700478
block_diagonal,sparse_scratch,2000,1000,21,add,2004,0.010147357,add,2003,1,56.612940220
block_diagonal,kaczmarz_warm_start,2000,1000,21,add,2004,0.021499721,add,2003,1,82.163259940
block_diagonal,cached_dense_qr,2000,1000,22,add,2005,0.003608844,add,2037,1,56.709279347
block_diagonal,dense_scratch,2000,1000,22,add,2005,0.264920641,add,2037,1,56.632773953
block_diagonal,sparse_scratch,2000,1000,22,add,2005,0.009427240,add,2037,1,56.624246604
block_diagonal,kaczmarz_warm_start,2000,1000,22,add,2005,0.021428605,add,2037,1,88.634759444
block_diagonal,cached_dense_qr,2000,1000,23,modify,2005,0.257778723,modify,233,1,56.676393272
block_diagonal,dense_scratch,2000,1000,23,modify,2005,0.261156377,modify,233,1,56.676393272
block_diagonal,sparse_scratch,2000,1000,23,modify,2005,0.010243056,modify,233,1,56.615057386
block_diagonal,kaczmarz_warm_start,2000,1000,23,modify,2005,0.021555979,modify,233,1,77.414396570
block_diagonal,cached_dense_qr,2000,1000,24,modify,2005,0.256650735,modify,1796,1,59.231130259
block_diagonal,dense_scratch,2000,1000,24,modify,2005,0.259177997,modify,1796,1,59.231130259
block_diagonal,sparse_scratch,2000,1000,24,modify,2005,0.009002172,modify,1796,1,56.605866676
block_diagonal,kaczmarz_warm_start,2000,1000,24,modify,2005,0.021566032,modify,1796,1,77.490035426
block_diagonal,cached_dense_qr,2000,1000,25,delete,2004,0.254127665,delete,1128,1,61.052354348
block_diagonal,dense_scratch,2000,1000,25,delete,2004,0.253742396,delete,1128,1,61.052354348
block_diagonal,sparse_scratch,2000,1000,25,delete,2004,0.010590498,delete,1128,1,56.597244435
block_diagonal,kaczmarz_warm_start,2000,1000,25,delete,2004,0.021532456,delete,1128,1,74.932313396
block_diagonal,cached_dense_qr,2000,1000,26,modify,2004,0.227099357,modify,1093,1,56.777279981
block_diagonal,dense_scratch,2000,1000,26,modify,2004,0.223066255,modify,1093,1,56.777279981
block_diagonal,sparse_scratch,2000,1000,26,modify,2004,0.009431139,modify,1093,1,56.588624309
block_diagonal,kaczmarz_warm_start,2000,1000,26,modify,2004,0.021521119,modify,1093,1,84.570302221
block_diagonal,cached_dense_qr,2000,1000,27,add,2005,0.003978115,add,2031,1,56.823781584
block_diagonal,dense_scratch,2000,1000,27,add,2005,0.236718539,add,2031,1,57.015226538
block_diagonal,sparse_scratch,2000,1000,27,add,2005,0.011333746,add,2031,1,56.598195506
block_diagonal,kaczmarz_warm_start,2000,1000,27,add,2005,0.021550730,add,2031,1,79.638860878
block_diagonal,cached_dense_qr,2000,1000,28,delete,2004,0.220671786,delete,940,1,56.663737991
block_diagonal,dense_scratch,2000,1000,28,delete,2004,0.220220813,delete,940,1,56.663737991
block_diagonal,sparse_scratch,2000,1000,28,delete,2004,0.009452856,delete,940,1,56.561401007
block_diagonal,kaczmarz_warm_start,2000,1000,28,delete,2004,0.021530561,delete,940,1,79.649594605
block_diagonal,cached_dense_qr,2000,1000,29,add,2005,0.003832588,add,2027,1,56.672255319
block_diagonal,dense_scratch,2000,1000,29,add,2005,0.233021645,add,2027,1,56.588904713
block_diagonal,sparse_scratch,2000,1000,29,add,2005,0.011415544,add,2027,1,56.569608937
block_diagonal,kaczmarz_warm_start,2000,1000,29,add,2005,0.021484958,add,2027,1,77.447175464
block_diagonal,cached_dense_qr,2000,1000,30,add,2006,0.003401923,add,646,1,56.764539266
block_diagonal,dense_scratch,2000,1000,30,add,2006,0.231914627,add,646,1,57.188553687
block_diagonal,sparse_scratch,2000,1000,30,add,2006,0.010875228,add,646,1,56.578235390
block_diagonal,kaczmarz_warm_start,2000,1000,30,add,2006,0.021530537,add,646,1,77.238733878
block_diagonal,cached_dense_qr,2000,1000,31,modify,2006,0.149269253,modify,967,1,56.858180045
block_diagonal,dense_scratch,2000,1000,31,modify,2006,0.152246547,modify,967,1,56.858180045
block_diagonal,sparse_scratch,2000,1000,31,modify,2006,0.011806132,modify,967,1,56.568434338
block_diagonal,kaczmarz_warm_start,2000,1000,31,modify,2006,0.021442024,modify,967,1,79.507725009
block_diagonal,cached_dense_qr,2000,1000,32,modify,2006,0.149451405,modify,104,1,56.664984954
block_diagonal,dense_scratch,2000,1000,32,modify,2006,0.151336302,modify,104,1,56.664984954
block_diagonal,sparse_scratch,2000,1000,32,modify,2006,0.010022224,modify,104,1,56.559378600
block_diagonal,kaczmarz_warm_start,2000,1000,32,modify,2006,0.021468146,modify,104,1,79.473715954
block_diagonal,cached_dense_qr,2000,1000,33,add,2007,0.003333282,add,1099,1,56.835262149
block_diagonal,dense_scratch,2000,1000,33,add,2007,0.154093240,add,1099,1,56.855557190
block_diagonal,sparse_scratch,2000,1000,33,add,2007,0.011931695,add,1099,1,56.568003182
block_diagonal,kaczmarz_warm_start,2000,1000,33,add,2007,0.021475629,add,1099,1,77.288704629
block_diagonal,cached_dense_qr,2000,1000,34,add,2008,0.002945375,add,2013,1,56.867385422
block_diagonal,dense_scratch,2000,1000,34,add,2008,0.147674297,add,2013,1,58.102973438
block_diagonal,sparse_scratch,2000,1000,34,add,2008,0.011330646,add,2013,1,56.575115960
block_diagonal,kaczmarz_warm_start,2000,1000,34,add,2008,0.021557464,add,2013,1,79.889913890
block_diagonal,cached_dense_qr,2000,1000,35,delete,2007,0.145744467,delete,1275,1,61.938307722
block_diagonal,dense_scratch,2000,1000,35,delete,2007,0.149155632,delete,1275,1,61.938307722
block_diagonal,sparse_scratch,2000,1000,35,delete,2007,0.011915866,delete,1275,1,56.538895582
block_diagonal,kaczmarz_warm_start,2000,1000,35,delete,2007,0.021443866,delete,1275,1,79.401476945
block_diagonal,cached_dense_qr,2000,1000,36,modify,2007,0.122716102,modify,1094,1,59.790146845
block_diagonal,dense_scratch,2000,1000,36,modify,2007,0.124577034,modify,1094,1,59.790146845
block_diagonal,sparse_scratch,2000,1000,36,modify,2007,0.007927268,modify,1094,1,56.529686568
block_diagonal,kaczmarz_warm_start,2000,1000,36,modify,2007,0.021418006,modify,1094,1,75.292512930
block_diagonal,cached_dense_qr,2000,1000,37,add,2008,0.003195258,add,1068,1,60.383189931
block_diagonal,dense_scratch,2000,1000,37,add,2008,0.123919992,add,1068,1,57.445348750
block_diagonal,sparse_scratch,2000,1000,37,add,2008,0.009899276,add,1068,1,56.538895582
block_diagonal,kaczmarz_warm_start,2000,1000,37,add,2008,0.021529358,add,1068,1,79.944213343
block_diagonal,cached_dense_qr,2000,1000,38,add,2009,0.002813009,add,2014,1,60.169427331
block_diagonal,dense_scratch,2000,1000,38,add,2009,0.126083877,add,2014,1,56.894296721
block_diagonal,sparse_scratch,2000,1000,38,add,2009,0.009169928,add,2014,1,56.549543591
block_diagonal,kaczmarz_warm_start,2000,1000,38,add,2009,0.021518535,add,2014,1,75.017011189
block_diagonal,cached_dense_qr,2000,1000,39,add,2010,0.002888812,add,2004,1,60.942497764
block_diagonal,dense_scratch,2000,1000,39,add,2010,0.123549588,add,2004,1,56.648861282
block_diagonal,sparse_scratch,2000,1000,39,add,2010,0.009266170,add,2004,1,56.558937228
block_diagonal,kaczmarz_warm_start,2000,1000,39,add,2010,0.021450232,add,2004,1,81.981745445
block_diagonal,cached_dense_qr,2000,1000,40,modify,2010,0.116853560,modify,1375,1,56.746363587
block_diagonal,dense_scratch,2000,1000,40,modify,2010,0.120125589,modify,1375,1,56.746363587
block_diagonal,sparse_scratch,2000,1000,40,modify,2010,0.010050099,modify,1375,1,56.524134942
block_diagonal,kaczmarz_warm_start,2000,1000,40,modify,2010,0.021477015,modify,1375,1,80.245567454
block_diagonal,cached_dense_qr,2000,1000,41,delete,2009,0.119634566,delete,105,1,56.873483554
block_diagonal,dense_scratch,2000,1000,41,delete,2009,0.120787799,delete,105,1,56.873483554
block_diagonal,sparse_scratch,2000,1000,41,delete,2009,0.008008250,delete,105,1,56.487867756
block_diagonal,kaczmarz_warm_start,2000,1000,41,delete,2009,0.021539719,delete,105,1,72.380083548
block_diagonal,cached_dense_qr,2000,1000,42,modify,2009,0.114544101,modify,932,1,57.133901860
block_diagonal,dense_scratch,2000,1000,42,modify,2009,0.114774567,modify,932,1,57.133901860
block_diagonal,sparse_scratch,2000,1000,42,modify,2009,0.009964733,modify,932,1,56.479937344
block_diagonal,kaczmarz_warm_start,2000,1000,42,modify,2009,0.021518547,modify,932,1,79.092893164
block_diagonal,cached_dense_qr,2000,1000,43,modify,2009,0.114849722,modify,1333,1,57.844854721
block_diagonal,dense_scratch,2000,1000,43,modify,2009,0.110032660,modify,1333,1,57.844854721
block_diagonal,sparse_scratch,2000,1000,43,modify,2009,0.008305895,modify,1333,1,56.471578550
block_diagonal,kaczmarz_warm_start,2000,1000,43,modify,2009,0.021592243,modify,1333,1,79.982645729
block_diagonal,cached_dense_qr,2000,1000,44,add,2010,0.003165483,add,2005,1,56.859086222
block_diagonal,dense_scratch,2000,1000,44,add,2010,0.115884867,add,2005,1,57.276620616
block_diagonal,sparse_scratch,2000,1000,44,add,2010,0.010167427,add,2005,1,56.505017137
block_diagonal,kaczmarz_warm_start,2000,1000,44,add,2010,0.021570929,add,2005,1,77.742322896
block_diagonal,cached_dense_qr,2000,1000,45,delete,2009,0.112979607,delete,1171,1,57.024538683
block_diagonal,dense_scratch,2000,1000,45,delete,2009,0.114087058,delete,1171,1,57.024538683
block_diagonal,sparse_scratch,2000,1000,45,delete,2009,0.008326634,delete,1171,1,56.495951234
block_diagonal,kaczmarz_warm_start,2000,1000,45,delete,2009,0.021567438,delete,1171,1,84.455600742
block_diagonal,cached_dense_qr,2000,1000,46,add,2010,0.003033226,add,2042,1,57.046970981
block_diagonal,dense_scratch,2000,1000,46,add,2010,0.114473666,add,2042,1,56.651367560
block_diagonal,sparse_scratch,2000,1000,46,add,2010,0.010023325,add,2042,1,56.502575551
block_diagonal,kaczmarz_warm_start,2000,1000,46,add,2010,0.021593931,add,2042,1,82.122876479
block_diagonal,cached_dense_qr,2000,1000,47,delete,2009,0.112082097,delete,1448,1,57.088503270
block_diagonal,dense_scratch,2000,1000,47,delete,2009,0.112925295,delete,1448,1,57.088503270
block_diagonal,sparse_scratch,2000,1000,47,delete,2009,0.008252917,delete,1448,1,56.493797659
block_diagonal,kaczmarz_warm_start,2000,1000,47,delete,2009,0.021562508,delete,1448,1,84.160961128
block_diagonal,cached_dense_qr,2000,1000,48,modify,2009,0.105954857,modify,1151,1,57.093991645
block_diagonal,dense_scratch,2000,1000,48,modify,2009,0.106052483,modify,1151,1,57.093991645
block_diagonal,sparse_scratch,2000,1000,48,modify,2009,0.010282485,modify,1151,1,56.484581292
block_diagonal,kaczmarz_warm_start,2000,1000,48,modify,2009,0.021520621,modify,1151,1,79.496976484
block_diagonal,cached_dense_qr,2000,1000,49,add,2010,0.003080416,add,2058,1,56.851495160
block_diagonal,dense_scratch,2000,1000,49,add,2010,0.110662990,add,2058,1,56.818562061
block_diagonal,sparse_scratch,2000,1000,49,add,2010,0.010253063,add,2058,1,56.490544412
block_diagonal,kaczmarz_warm_start,2000,1000,49,add,2010,0.021538889,add,2058,1,80.186802827
