generator,mode,base_rows,num_cols,update_index,time_seconds
random_sparse,dense_givens_update,50,25,0,0.000005270
random_sparse,dense_scratch,50,25,0,0.000023639
random_sparse,sparse,50,25,0,0.000226905
random_sparse,dense_givens_update,50,25,1,0.000002397
random_sparse,dense_scratch,50,25,1,0.000023797
random_sparse,sparse,50,25,1,0.000050851
random_sparse,dense_givens_update,50,25,2,0.000001949
random_sparse,dense_scratch,50,25,2,0.000019090
random_sparse,sparse,50,25,2,0.000045653
random_sparse,dense_givens_update,50,25,3,0.000001915
random_sparse,dense_scratch,50,25,3,0.000015283
random_sparse,sparse,50,25,3,0.000042513
random_sparse,dense_givens_update,50,25,4,0.000001697
random_sparse,dense_scratch,50,25,4,0.000014567
random_sparse,sparse,50,25,4,0.000037129
random_sparse,dense_givens_update,50,25,5,0.000001623
random_sparse,dense_scratch,50,25,5,0.000013851
random_sparse,sparse,50,25,5,0.000032298
random_sparse,dense_givens_update,50,25,6,0.000001596
random_sparse,dense_scratch,50,25,6,0.000014139
random_sparse,sparse,50,25,6,0.000031077
random_sparse,dense_givens_update,50,25,7,0.000001680
random_sparse,dense_scratch,50,25,7,0.000014021
random_sparse,sparse,50,25,7,0.000030000
random_sparse,dense_givens_update,50,25,8,0.000001574
random_sparse,dense_scratch,50,25,8,0.000013864
random_sparse,sparse,50,25,8,0.000030237
random_sparse,dense_givens_update,50,25,9,0.000001591
random_sparse,dense_scratch,50,25,9,0.000013681
random_sparse,sparse,50,25,9,0.000030689
random_sparse,dense_givens_update,50,25,10,0.000001898
random_sparse,dense_scratch,50,25,10,0.000014870
random_sparse,sparse,50,25,10,0.000032818
random_sparse,dense_givens_update,50,25,11,0.000001887
random_sparse,dense_scratch,50,25,11,0.000014151
random_sparse,sparse,50,25,11,0.000042303
random_sparse,dense_givens_update,50,25,12,0.000001745
random_sparse,dense_scratch,50,25,12,0.000015075
random_sparse,sparse,50,25,12,0.000034518
random_sparse,dense_givens_update,50,25,13,0.000001828
random_sparse,dense_scratch,50,25,13,0.000014178
random_sparse,sparse,50,25,13,0.000039769
random_sparse,dense_givens_update,50,25,14,0.000001650
random_sparse,dense_scratch,50,25,14,0.000013851
random_sparse,sparse,50,25,14,0.000032405
random_sparse,dense_givens_update,50,25,15,0.000001595
random_sparse,dense_scratch,50,25,15,0.000013699
random_sparse,sparse,50,25,15,0.000030373
random_sparse,dense_givens_update,50,25,16,0.000001656
random_sparse,dense_scratch,50,25,16,0.000013613
random_sparse,sparse,50,25,16,0.000030475
random_sparse,dense_givens_update,50,25,17,0.000001628
random_sparse,dense_scratch,50,25,17,0.000013430
random_sparse,sparse,50,25,17,0.000030138
random_sparse,dense_givens_update,50,25,18,0.000001587
random_sparse,dense_scratch,50,25,18,0.000013246
random_sparse,sparse,50,25,18,0.000029574
random_sparse,dense_givens_update,50,25,19,0.000001606
random_sparse,dense_scratch,50,25,19,0.000013383
random_sparse,sparse,50,25,19,0.000029196
random_sparse,dense_givens_update,50,25,20,0.000001789
random_sparse,dense_scratch,50,25,20,0.000013839
random_sparse,sparse,50,25,20,0.000038337
random_sparse,dense_givens_update,50,25,21,0.000001750
random_sparse,dense_scratch,50,25,21,0.000014311
random_sparse,sparse,50,25,21,0.000039442
random_sparse,dense_givens_update,50,25,22,0.000001628
random_sparse,dense_scratch,50,25,22,0.000013654
random_sparse,sparse,50,25,22,0.000033306
random_sparse,dense_givens_update,50,25,23,0.000001867
random_sparse,dense_scratch,50,25,23,0.000014970
random_sparse,sparse,50,25,23,0.000033451
random_sparse,dense_givens_update,50,25,24,0.000001747
random_sparse,dense_scratch,50,25,24,0.000014753
random_sparse,sparse,50,25,24,0.000031746
random_sparse,dense_givens_update,50,25,25,0.000001733
random_sparse,dense_scratch,50,25,25,0.000014553
random_sparse,sparse,50,25,25,0.000037861
random_sparse,dense_givens_update,50,25,26,0.000001677
random_sparse,dense_scratch,50,25,26,0.000013790
random_sparse,sparse,50,25,26,0.000031791
random_sparse,dense_givens_update,50,25,27,0.000001734
random_sparse,dense_scratch,50,25,27,0.000014561
random_sparse,sparse,50,25,27,0.000031449
random_sparse,dense_givens_update,50,25,28,0.000001654
random_sparse,dense_scratch,50,25,28,0.000013461
random_sparse,sparse,50,25,28,0.000030061
random_sparse,dense_givens_update,50,25,29,0.000001608
random_sparse,dense_scratch,50,25,29,0.000013268
random_sparse,sparse,50,25,29,0.000029729
random_sparse,dense_givens_update,50,25,30,0.000001620
random_sparse,dense_scratch,50,25,30,0.000013501
random_sparse,sparse,50,25,30,0.000037838
random_sparse,dense_givens_update,50,25,31,0.000001670
random_sparse,dense_scratch,50,25,31,0.000013614
random_sparse,sparse,50,25,31,0.000030052
random_sparse,dense_givens_update,50,25,32,0.000001745
random_sparse,dense_scratch,50,25,32,0.000013679
random_sparse,sparse,50,25,32,0.000035557
random_sparse,dense_givens_update,50,25,33,0.000001591
random_sparse,dense_scratch,50,25,33,0.000013430
random_sparse,sparse,50,25,33,0.000029242
random_sparse,dense_givens_update,50,25,34,0.000001563
random_sparse,dense_scratch,50,25,34,0.000013376
random_sparse,sparse,50,25,34,0.000029613
random_sparse,dense_givens_update,50,25,35,0.000001585
random_sparse,dense_scratch,50,25,35,0.000013243
random_sparse,sparse,50,25,35,0.000029263
random_sparse,dense_givens_update,50,25,36,0.000001892
random_sparse,dense_scratch,50,25,36,0.000015019
random_sparse,sparse,50,25,36,0.000035804
random_sparse,dense_givens_update,50,25,37,0.000001781
random_sparse,dense_scratch,50,25,37,0.000013783
random_sparse,sparse,50,25,37,0.000030776
random_sparse,dense_givens_update,50,25,38,0.000001625
random_sparse,dense_scratch,50,25,38,0.000013456
random_sparse,sparse,50,25,38,0.000029407
random_sparse,dense_givens_update,50,25,39,0.000001583
random_sparse,dense_scratch,50,25,39,0.000013447
random_sparse,sparse,50,25,39,0.000029888
random_sparse,dense_givens_update,50,25,40,0.000001613
random_sparse,dense_scratch,50,25,40,0.000013355
random_sparse,sparse,50,25,40,0.000029178
random_sparse,dense_givens_update,50,25,41,0.000001574
random_sparse,dense_scratch,50,25,41,0.000013295
random_sparse,sparse,50,25,41,0.000029083
random_sparse,dense_givens_update,50,25,42,0.000001611
random_sparse,dense_scratch,50,25,42,0.000013390
random_sparse,sparse,50,25,42,0.000029359
random_sparse,dense_givens_update,50,25,43,0.000001595
random_sparse,dense_scratch,50,25,43,0.000013323
random_sparse,sparse,50,25,43,0.000028609
random_sparse,dense_givens_update,50,25,44,0.000001914
random_sparse,dense_scratch,50,25,44,0.000016131
random_sparse,sparse,50,25,44,0.000030751
random_sparse,dense_givens_update,50,25,45,0.000001593
random_sparse,dense_scratch,50,25,45,0.000013426
random_sparse,sparse,50,25,45,0.000028427
random_sparse,dense_givens_update,50,25,46,0.000001603
random_sparse,dense_scratch,50,25,46,0.000013277
random_sparse,sparse,50,25,46,0.000029295
random_sparse,dense_givens_update,50,25,47,0.000001709
random_sparse,dense_scratch,50,25,47,0.000014237
random_sparse,sparse,50,25,47,0.000034913
random_sparse,dense_givens_update,50,25,48,0.000005372
random_sparse,dense_scratch,50,25,48,0.000013888
random_sparse,sparse,50,25,48,0.000034652
random_sparse,dense_givens_update,50,25,49,0.000001588
random_sparse,dense_scratch,50,25,49,0.000013329
random_sparse,sparse,50,25,49,0.000029279
random_sparse,dense_givens_update,100,50,0,0.000006474
random_sparse,dense_scratch,100,50,0,0.000124531
random_sparse,sparse,100,50,0,0.000201246
random_sparse,dense_givens_update,100,50,1,0.000006696
random_sparse,dense_scratch,100,50,1,0.000144933
random_sparse,sparse,100,50,1,0.000181296
random_sparse,dense_givens_update,100,50,2,0.000006166
random_sparse,dense_scratch,100,50,2,0.000117606
random_sparse,sparse,100,50,2,0.000170492
random_sparse,dense_givens_update,100,50,3,0.000006096
random_sparse,dense_scratch,100,50,3,0.000112473
random_sparse,sparse,100,50,3,0.000161788
random_sparse,dense_givens_update,100,50,4,0.000006479
random_sparse,dense_scratch,100,50,4,0.000119387
random_sparse,sparse,100,50,4,0.000183549
random_sparse,dense_givens_update,100,50,5,0.000006045
random_sparse,dense_scratch,100,50,5,0.000123356
random_sparse,sparse,100,50,5,0.000170845
random_sparse,dense_givens_update,100,50,6,0.000006365
random_sparse,dense_scratch,100,50,6,0.000123730
random_sparse,sparse,100,50,6,0.000168569
random_sparse,dense_givens_update,100,50,7,0.000006447
random_sparse,dense_scratch,100,50,7,0.000120038
random_sparse,sparse,100,50,7,0.000157831
random_sparse,dense_givens_update,100,50,8,0.000006396
random_sparse,dense_scratch,100,50,8,0.000117510
random_sparse,sparse,100,50,8,0.000153558
random_sparse,dense_givens_update,100,50,9,0.000006053
random_sparse,dense_scratch,100,50,9,0.000113667
random_sparse,sparse,100,50,9,0.000149211
random_sparse,dense_givens_update,100,50,10,0.000005783
random_sparse,dense_scratch,100,50,10,0.000112843
random_sparse,sparse,100,50,10,0.000172125
random_sparse,dense_givens_update,100,50,11,0.000006630
random_sparse,dense_scratch,100,50,11,0.000116215
random_sparse,sparse,100,50,11,0.000179390
random_sparse,dense_givens_update,100,50,12,0.000006130
random_sparse,dense_scratch,100,50,12,0.000112941
random_sparse,sparse,100,50,12,0.000162021
random_sparse,dense_givens_update,100,50,13,0.000006257
random_sparse,dense_scratch,100,50,13,0.000111688
random_sparse,sparse,100,50,13,0.000169684
random_sparse,dense_givens_update,100,50,14,0.000006622
random_sparse,dense_scratch,100,50,14,0.000115420
random_sparse,sparse,100,50,14,0.000200623
random_sparse,dense_givens_update,100,50,15,0.000006293
random_sparse,dense_scratch,100,50,15,0.000116722
random_sparse,sparse,100,50,15,0.000176033
random_sparse,dense_givens_update,100,50,16,0.000006229
random_sparse,dense_scratch,100,50,16,0.000113743
random_sparse,sparse,100,50,16,0.000170838
random_sparse,dense_givens_update,100,50,17,0.000005909
random_sparse,dense_scratch,100,50,17,0.000111021
random_sparse,sparse,100,50,17,0.000157973
random_sparse,dense_givens_update,100,50,18,0.000006744
random_sparse,dense_scratch,100,50,18,0.000109437
random_sparse,sparse,100,50,18,0.000159905
random_sparse,dense_givens_update,100,50,19,0.000006525
random_sparse,dense_scratch,100,50,19,0.000118147
random_sparse,sparse,100,50,19,0.000170703
random_sparse,dense_givens_update,100,50,20,0.000006496
random_sparse,dense_scratch,100,50,20,0.000115677
random_sparse,sparse,100,50,20,0.000158404
random_sparse,dense_givens_update,100,50,21,0.000006486
random_sparse,dense_scratch,100,50,21,0.000114416
random_sparse,sparse,100,50,21,0.000163334
random_sparse,dense_givens_update,100,50,22,0.000006482
random_sparse,dense_scratch,100,50,22,0.000113691
random_sparse,sparse,100,50,22,0.000178858
random_sparse,dense_givens_update,100,50,23,0.000006324
random_sparse,dense_scratch,100,50,23,0.000114747
random_sparse,sparse,100,50,23,0.000165815
random_sparse,dense_givens_update,100,50,24,0.000006273
random_sparse,dense_scratch,100,50,24,0.000111807
random_sparse,sparse,100,50,24,0.000167014
random_sparse,dense_givens_update,100,50,25,0.000006434
random_sparse,dense_scratch,100,50,25,0.000110592
random_sparse,sparse,100,50,25,0.000159903
random_sparse,dense_givens_update,100,50,26,0.000006129
random_sparse,dense_scratch,100,50,26,0.000116497
random_sparse,sparse,100,50,26,0.000179156
random_sparse,dense_givens_update,100,50,27,0.000006069
random_sparse,dense_scratch,100,50,27,0.000110866
random_sparse,sparse,100,50,27,0.000166447
random_sparse,dense_givens_update,100,50,28,0.000005916
random_sparse,dense_scratch,100,50,28,0.000112341
random_sparse,sparse,100,50,28,0.000157057
random_sparse,dense_givens_update,100,50,29,0.000005874
random_sparse,dense_scratch,100,50,29,0.000113446
random_sparse,sparse,100,50,29,0.000152093
random_sparse,dense_givens_update,100,50,30,0.000005846
random_sparse,dense_scratch,100,50,30,0.000107852
random_sparse,sparse,100,50,30,0.000166352
random_sparse,dense_givens_update,100,50,31,0.000006246
random_sparse,dense_scratch,100,50,31,0.000113252
random_sparse,sparse,100,50,31,0.000165584
random_sparse,dense_givens_update,100,50,32,0.000006748
random_sparse,dense_scratch,100,50,32,0.000112084
random_sparse,sparse,100,50,32,0.000176957
random_sparse,dense_givens_update,100,50,33,0.000006078
random_sparse,dense_scratch,100,50,33,0.000117672
random_sparse,sparse,100,50,33,0.000163770
random_sparse,dense_givens_update,100,50,34,0.000006541
random_sparse,dense_scratch,100,50,34,0.000112927
random_sparse,sparse,100,50,34,0.000165121
random_sparse,dense_givens_update,100,50,35,0.000006395
random_sparse,dense_scratch,100,50,35,0.000111974
random_sparse,sparse,100,50,35,0.000164697
random_sparse,dense_givens_update,100,50,36,0.000006510
random_sparse,dense_scratch,100,50,36,0.000114383
random_sparse,sparse,100,50,36,0.000194952
random_sparse,dense_givens_update,100,50,37,0.000006255
random_sparse,dense_scratch,100,50,37,0.000113312
random_sparse,sparse,100,50,37,0.000172380
random_sparse,dense_givens_update,100,50,38,0.000006075
random_sparse,dense_scratch,100,50,38,0.000109107
random_sparse,sparse,100,50,38,0.000165272
random_sparse,dense_givens_update,100,50,39,0.000006116
random_sparse,dense_scratch,100,50,39,0.000107580
random_sparse,sparse,100,50,39,0.000161873
random_sparse,dense_givens_update,100,50,40,0.000006066
random_sparse,dense_scratch,100,50,40,0.000105460
random_sparse,sparse,100,50,40,0.000165006
random_sparse,dense_givens_update,100,50,41,0.000006140
random_sparse,dense_scratch,100,50,41,0.000120911
random_sparse,sparse,100,50,41,0.000168583
random_sparse,dense_givens_update,100,50,42,0.000006722
random_sparse,dense_scratch,100,50,42,0.000122449
random_sparse,sparse,100,50,42,0.000186102
random_sparse,dense_givens_update,100,50,43,0.000006127
random_sparse,dense_scratch,100,50,43,0.000113475
random_sparse,sparse,100,50,43,0.000160553
random_sparse,dense_givens_update,100,50,44,0.000005864
random_sparse,dense_scratch,100,50,44,0.000113632
random_sparse,sparse,100,50,44,0.000152026
random_sparse,dense_givens_update,100,50,45,0.000005868
random_sparse,dense_scratch,100,50,45,0.000115825
random_sparse,sparse,100,50,45,0.000147055
random_sparse,dense_givens_update,100,50,46,0.000006259
random_sparse,dense_scratch,100,50,46,0.000112183
random_sparse,sparse,100,50,46,0.000182778
random_sparse,dense_givens_update,100,50,47,0.000006381
random_sparse,dense_scratch,100,50,47,0.000110951
random_sparse,sparse,100,50,47,0.000173454
random_sparse,dense_givens_update,100,50,48,0.000006570
random_sparse,dense_scratch,100,50,48,0.000108616
random_sparse,sparse,100,50,48,0.000169955
random_sparse,dense_givens_update,100,50,49,0.000006122
random_sparse,dense_scratch,100,50,49,0.000107296
random_sparse,sparse,100,50,49,0.000164574
random_sparse,dense_givens_update,500,250,0,0.000112970
random_sparse,dense_scratch,500,250,0,0.003892433
random_sparse,sparse,500,250,0,0.017926275
random_sparse,dense_givens_update,500,250,1,0.000110423
random_sparse,dense_scratch,500,250,1,0.003616539
random_sparse,sparse,500,250,1,0.013632228
random_sparse,dense_givens_update,500,250,2,0.000114375
random_sparse,dense_scratch,500,250,2,0.003611477
random_sparse,sparse,500,250,2,0.013379951
random_sparse,dense_givens_update,500,250,3,0.000113753
random_sparse,dense_scratch,500,250,3,0.003586699
random_sparse,sparse,500,250,3,0.013139156
random_sparse,dense_givens_update,500,250,4,0.000120008
random_sparse,dense_scratch,500,250,4,0.003595750
random_sparse,sparse,500,250,4,0.012910807
random_sparse,dense_givens_update,500,250,5,0.000114508
random_sparse,dense_scratch,500,250,5,0.003601574
random_sparse,sparse,500,250,5,0.012611877
random_sparse,dense_givens_update,500,250,6,0.000113607
random_sparse,dense_scratch,500,250,6,0.003598910
random_sparse,sparse,500,250,6,0.012867708
random_sparse,dense_givens_update,500,250,7,0.000112818
random_sparse,dense_scratch,500,250,7,0.003596832
random_sparse,sparse,500,250,7,0.013081097
random_sparse,dense_givens_update,500,250,8,0.000114103
random_sparse,dense_scratch,500,250,8,0.003577929
random_sparse,sparse,500,250,8,0.012851222
random_sparse,dense_givens_update,500,250,9,0.000119901
random_sparse,dense_scratch,500,250,9,0.003591499
random_sparse,sparse,500,250,9,0.012891311
random_sparse,dense_givens_update,500,250,10,0.000113610
random_sparse,dense_scratch,500,250,10,0.003595274
random_sparse,sparse,500,250,10,0.012771161
random_sparse,dense_givens_update,500,250,11,0.000113831
random_sparse,dense_scratch,500,250,11,0.003616401
random_sparse,sparse,500,250,11,0.012655022
random_sparse,dense_givens_update,500,250,12,0.000113913
random_sparse,dense_scratch,500,250,12,0.003601289
random_sparse,sparse,500,250,12,0.012607878
random_sparse,dense_givens_update,500,250,13,0.000113894
random_sparse,dense_scratch,500,250,13,0.003591645
random_sparse,sparse,500,250,13,0.012650283
random_sparse,dense_givens_update,500,250,14,0.000114712
random_sparse,dense_scratch,500,250,14,0.003598571
random_sparse,sparse,500,250,14,0.012681303
random_sparse,dense_givens_update,500,250,15,0.000113965
random_sparse,dense_scratch,500,250,15,0.003590637
random_sparse,sparse,500,250,15,0.012685543
random_sparse,dense_givens_update,500,250,16,0.000112148
random_sparse,dense_scratch,500,250,16,0.003596244
random_sparse,sparse,500,250,16,0.012693970
random_sparse,dense_givens_update,500,250,17,0.000113062
random_sparse,dense_scratch,500,250,17,0.003613319
random_sparse,sparse,500,250,17,0.012828243
random_sparse,dense_givens_update,500,250,18,0.000113693
random_sparse,dense_scratch,500,250,18,0.003601329
random_sparse,sparse,500,250,18,0.012714829
random_sparse,dense_givens_update,500,250,19,0.000114342
random_sparse,dense_scratch,500,250,19,0.003605078
random_sparse,sparse,500,250,19,0.012762817
random_sparse,dense_givens_update,500,250,20,0.000113078
random_sparse,dense_scratch,500,250,20,0.003597148
random_sparse,sparse,500,250,20,0.014034190
random_sparse,dense_givens_update,500,250,21,0.000114686
random_sparse,dense_scratch,500,250,21,0.003619330
random_sparse,sparse,500,250,21,0.014592533
random_sparse,dense_givens_update,500,250,22,0.000120505
random_sparse,dense_scratch,500,250,22,0.003596435
random_sparse,sparse,500,250,22,0.012741289
random_sparse,dense_givens_update,500,250,23,0.000112805
random_sparse,dense_scratch,500,250,23,0.003607701
random_sparse,sparse,500,250,23,0.012549952
random_sparse,dense_givens_update,500,250,24,0.000119933
random_sparse,dense_scratch,500,250,24,0.003586022
random_sparse,sparse,500,250,24,0.012988390
random_sparse,dense_givens_update,500,250,25,0.000114553
random_sparse,dense_scratch,500,250,25,0.003596405
random_sparse,sparse,500,250,25,0.012963026
random_sparse,dense_givens_update,500,250,26,0.000113760
random_sparse,dense_scratch,500,250,26,0.003591179
random_sparse,sparse,500,250,26,0.012672831
random_sparse,dense_givens_update,500,250,27,0.000114249
random_sparse,dense_scratch,500,250,27,0.003595383
random_sparse,sparse,500,250,27,0.012489336
random_sparse,dense_givens_update,500,250,28,0.000114363
random_sparse,dense_scratch,500,250,28,0.003588119
random_sparse,sparse,500,250,28,0.012524843
random_sparse,dense_givens_update,500,250,29,0.000113145
random_sparse,dense_scratch,500,250,29,0.003599332
random_sparse,sparse,500,250,29,0.012750269
random_sparse,dense_givens_update,500,250,30,0.000113449
random_sparse,dense_scratch,500,250,30,0.003595663
random_sparse,sparse,500,250,30,0.012695854
random_sparse,dense_givens_update,500,250,31,0.000113561
random_sparse,dense_scratch,500,250,31,0.003604186
random_sparse,sparse,500,250,31,0.012756737
random_sparse,dense_givens_update,500,250,32,0.000114516
random_sparse,dense_scratch,500,250,32,0.003591039
random_sparse,sparse,500,250,32,0.012665184
random_sparse,dense_givens_update,500,250,33,0.000113302
random_sparse,dense_scratch,500,250,33,0.003604240
random_sparse,sparse,500,250,33,0.013362359
random_sparse,dense_givens_update,500,250,34,0.000111992
random_sparse,dense_scratch,500,250,34,0.003576274
random_sparse,sparse,500,250,34,0.013186288
random_sparse,dense_givens_update,500,250,35,0.000109705
random_sparse,dense_scratch,500,250,35,0.003563786
random_sparse,sparse,500,250,35,0.012744429
random_sparse,dense_givens_update,500,250,36,0.000108459
random_sparse,dense_scratch,500,250,36,0.003558800
random_sparse,sparse,500,250,36,0.009362156
random_sparse,dense_givens_update,500,250,37,0.000071007
random_sparse,dense_scratch,500,250,37,0.002430493
random_sparse,sparse,500,250,37,0.008939874
random_sparse,dense_givens_update,500,250,38,0.000072994
random_sparse,dense_scratch,500,250,38,0.002397869
random_sparse,sparse,500,250,38,0.008781627
random_sparse,dense_givens_update,500,250,39,0.000074620
random_sparse,dense_scratch,500,250,39,0.002382683
random_sparse,sparse,500,250,39,0.008416889
random_sparse,dense_givens_update,500,250,40,0.000072075
random_sparse,dense_scratch,500,250,40,0.002375105
random_sparse,sparse,500,250,40,0.008233481
random_sparse,dense_givens_update,500,250,41,0.000073281
random_sparse,dense_scratch,500,250,41,0.002368052
random_sparse,sparse,500,250,41,0.007978596
random_sparse,dense_givens_update,500,250,42,0.000074432
random_sparse,dense_scratch,500,250,42,0.002356297
random_sparse,sparse,500,250,42,0.008140357
random_sparse,dense_givens_update,500,250,43,0.000074132
random_sparse,dense_scratch,500,250,43,0.002351895
random_sparse,sparse,500,250,43,0.007928763
random_sparse,dense_givens_update,500,250,44,0.000071373
random_sparse,dense_scratch,500,250,44,0.002345271
random_sparse,sparse,500,250,44,0.007798467
random_sparse,dense_givens_update,500,250,45,0.000073685
random_sparse,dense_scratch,500,250,45,0.002340894
random_sparse,sparse,500,250,45,0.007993910
random_sparse,dense_givens_update,500,250,46,0.000072233
random_sparse,dense_scratch,500,250,46,0.002341460
random_sparse,sparse,500,250,46,0.007600869
random_sparse,dense_givens_update,500,250,47,0.000072242
random_sparse,dense_scratch,500,250,47,0.002339221
random_sparse,sparse,500,250,47,0.007659584
random_sparse,dense_givens_update,500,250,48,0.000076344
random_sparse,dense_scratch,500,250,48,0.002338127
random_sparse,sparse,500,250,48,0.007655891
random_sparse,dense_givens_update,500,250,49,0.000073605
random_sparse,dense_scratch,500,250,49,0.002336140
random_sparse,sparse,500,250,49,0.007588688
random_sparse,dense_givens_update,1000,500,0,0.000454396
random_sparse,dense_scratch,1000,500,0,0.012698105
random_sparse,sparse,1000,500,0,0.055730644
random_sparse,dense_givens_update,1000,500,1,0.000455267
random_sparse,dense_scratch,1000,500,1,0.012773683
random_sparse,sparse,1000,500,1,0.052584021
random_sparse,dense_givens_update,1000,500,2,0.000449676
random_sparse,dense_scratch,1000,500,2,0.012742539
random_sparse,sparse,1000,500,2,0.052407045
random_sparse,dense_givens_update,1000,500,3,0.000449271
random_sparse,dense_scratch,1000,500,3,0.012756859
random_sparse,sparse,1000,500,3,0.052497273
random_sparse,dense_givens_update,1000,500,4,0.000445623
random_sparse,dense_scratch,1000,500,4,0.012738283
random_sparse,sparse,1000,500,4,0.052383359
random_sparse,dense_givens_update,1000,500,5,0.000441868
random_sparse,dense_scratch,1000,500,5,0.012737573
random_sparse,sparse,1000,500,5,0.052370657
random_sparse,dense_givens_update,1000,500,6,0.000445645
random_sparse,dense_scratch,1000,500,6,0.012736706
random_sparse,sparse,1000,500,6,0.052410896
random_sparse,dense_givens_update,1000,500,7,0.000443011
random_sparse,dense_scratch,1000,500,7,0.012730930
random_sparse,sparse,1000,500,7,0.052285342
random_sparse,dense_givens_update,1000,500,8,0.000442213
random_sparse,dense_scratch,1000,500,8,0.012718700
random_sparse,sparse,1000,500,8,0.052062746
random_sparse,dense_givens_update,1000,500,9,0.000445898
random_sparse,dense_scratch,1000,500,9,0.012733755
random_sparse,sparse,1000,500,9,0.052294463
random_sparse,dense_givens_update,1000,500,10,0.000445574
random_sparse,dense_scratch,1000,500,10,0.012731534
random_sparse,sparse,1000,500,10,0.052424693
random_sparse,dense_givens_update,1000,500,11,0.000449299
random_sparse,dense_scratch,1000,500,11,0.012732345
random_sparse,sparse,1000,500,11,0.052279520
random_sparse,dense_givens_update,1000,500,12,0.000451788
random_sparse,dense_scratch,1000,500,12,0.012734073
random_sparse,sparse,1000,500,12,0.052136951
random_sparse,dense_givens_update,1000,500,13,0.000442852
random_sparse,dense_scratch,1000,500,13,0.012725869
random_sparse,sparse,1000,500,13,0.052115549
random_sparse,dense_givens_update,1000,500,14,0.000447194
random_sparse,dense_scratch,1000,500,14,0.012730211
random_sparse,sparse,1000,500,14,0.052227802
random_sparse,dense_givens_update,1000,500,15,0.000451355
random_sparse,dense_scratch,1000,500,15,0.012745208
random_sparse,sparse,1000,500,15,0.052873918
random_sparse,dense_givens_update,1000,500,16,0.000448400
random_sparse,dense_scratch,1000,500,16,0.012758581
random_sparse,sparse,1000,500,16,0.052414612
random_sparse,dense_givens_update,1000,500,17,0.000448531
random_sparse,dense_scratch,1000,500,17,0.012864881
random_sparse,sparse,1000,500,17,0.052450592
random_sparse,dense_givens_update,1000,500,18,0.000454101
random_sparse,dense_scratch,1000,500,18,0.012752487
random_sparse,sparse,1000,500,18,0.053040202
random_sparse,dense_givens_update,1000,500,19,0.000448860
random_sparse,dense_scratch,1000,500,19,0.012730682
random_sparse,sparse,1000,500,19,0.052467632
random_sparse,dense_givens_update,1000,500,20,0.000441294
random_sparse,dense_scratch,1000,500,20,0.012732754
random_sparse,sparse,1000,500,20,0.052886533
random_sparse,dense_givens_update,1000,500,21,0.000448392
random_sparse,dense_scratch,1000,500,21,0.012729161
random_sparse,sparse,1000,500,21,0.052252042
random_sparse,dense_givens_update,1000,500,22,0.000455356
random_sparse,dense_scratch,1000,500,22,0.012739054
random_sparse,sparse,1000,500,22,0.052354456
random_sparse,dense_givens_update,1000,500,23,0.000456720
random_sparse,dense_scratch,1000,500,23,0.012743424
random_sparse,sparse,1000,500,23,0.052217775
random_sparse,dense_givens_update,1000,500,24,0.000448588
random_sparse,dense_scratch,1000,500,24,0.012728092
random_sparse,sparse,1000,500,24,0.052396515
random_sparse,dense_givens_update,1000,500,25,0.000451277
random_sparse,dense_scratch,1000,500,25,0.012735746
random_sparse,sparse,1000,500,25,0.052567448
random_sparse,dense_givens_update,1000,500,26,0.000447290
random_sparse,dense_scratch,1000,500,26,0.012732762
random_sparse,sparse,1000,500,26,0.052265737
random_sparse,dense_givens_update,1000,500,27,0.000453554
random_sparse,dense_scratch,1000,500,27,0.012723945
random_sparse,sparse,1000,500,27,0.052375744
random_sparse,dense_givens_update,1000,500,28,0.000448206
random_sparse,dense_scratch,1000,500,28,0.012731184
random_sparse,sparse,1000,500,28,0.052380314
random_sparse,dense_givens_update,1000,500,29,0.000446766
random_sparse,dense_scratch,1000,500,29,0.012724046
random_sparse,sparse,1000,500,29,0.052300365
random_sparse,dense_givens_update,1000,500,30,0.000444603
random_sparse,dense_scratch,1000,500,30,0.012731587
random_sparse,sparse,1000,500,30,0.052271702
random_sparse,dense_givens_update,1000,500,31,0.000454061
random_sparse,dense_scratch,1000,500,31,0.012765286
random_sparse,sparse,1000,500,31,0.052568235
random_sparse,dense_givens_update,1000,500,32,0.000455628
random_sparse,dense_scratch,1000,500,32,0.012756050
random_sparse,sparse,1000,500,32,0.052764695
random_sparse,dense_givens_update,1000,500,33,0.000448796
random_sparse,dense_scratch,1000,500,33,0.012736785
random_sparse,sparse,1000,500,33,0.052220250
random_sparse,dense_givens_update,1000,500,34,0.000450335
random_sparse,dense_scratch,1000,500,34,0.012747650
random_sparse,sparse,1000,500,34,0.052363452
random_sparse,dense_givens_update,1000,500,35,0.000452368
random_sparse,dense_scratch,1000,500,35,0.012728166
random_sparse,sparse,1000,500,35,0.052055043
random_sparse,dense_givens_update,1000,500,36,0.000442826
random_sparse,dense_scratch,1000,500,36,0.012720003
random_sparse,sparse,1000,500,36,0.052392321
random_sparse,dense_givens_update,1000,500,37,0.000441852
random_sparse,dense_scratch,1000,500,37,0.012718514
random_sparse,sparse,1000,500,37,0.052107286
random_sparse,dense_givens_update,1000,500,38,0.000443484
random_sparse,dense_scratch,1000,500,38,0.012725559
random_sparse,sparse,1000,500,38,0.052141214
random_sparse,dense_givens_update,1000,500,39,0.000451663
random_sparse,dense_scratch,1000,500,39,0.012732809
random_sparse,sparse,1000,500,39,0.052143133
random_sparse,dense_givens_update,1000,500,40,0.000441799
random_sparse,dense_scratch,1000,500,40,0.012718919
random_sparse,sparse,1000,500,40,0.052117891
random_sparse,dense_givens_update,1000,500,41,0.000441514
random_sparse,dense_scratch,1000,500,41,0.012728254
random_sparse,sparse,1000,500,41,0.051903880
random_sparse,dense_givens_update,1000,500,42,0.000451303
random_sparse,dense_scratch,1000,500,42,0.012723132
random_sparse,sparse,1000,500,42,0.053079466
random_sparse,dense_givens_update,1000,500,43,0.000450693
random_sparse,dense_scratch,1000,500,43,0.012773257
random_sparse,sparse,1000,500,43,0.052655324
random_sparse,dense_givens_update,1000,500,44,0.000451958
random_sparse,dense_scratch,1000,500,44,0.012752319
random_sparse,sparse,1000,500,44,0.052297130
random_sparse,dense_givens_update,1000,500,45,0.000448126
random_sparse,dense_scratch,1000,500,45,0.012747072
random_sparse,sparse,1000,500,45,0.052658915
random_sparse,dense_givens_update,1000,500,46,0.000446163
random_sparse,dense_scratch,1000,500,46,0.012721572
random_sparse,sparse,1000,500,46,0.052327734
random_sparse,dense_givens_update,1000,500,47,0.000441098
random_sparse,dense_scratch,1000,500,47,0.012867308
random_sparse,sparse,1000,500,47,0.052175138
random_sparse,dense_givens_update,1000,500,48,0.000449817
random_sparse,dense_scratch,1000,500,48,0.012749472
random_sparse,sparse,1000,500,48,0.051786099
random_sparse,dense_givens_update,1000,500,49,0.000445074
random_sparse,dense_scratch,1000,500,49,0.012728203
random_sparse,sparse,1000,500,49,0.052864800
random_sparse,dense_givens_update,2000,1000,0,0.001696657
random_sparse,dense_scratch,2000,1000,0,0.075181254
random_sparse,sparse,2000,1000,0,0.375614517
random_sparse,dense_givens_update,2000,1000,1,0.001759073
random_sparse,dense_scratch,2000,1000,1,0.076115595
random_sparse,sparse,2000,1000,1,0.376675103
random_sparse,dense_givens_update,2000,1000,2,0.001759575
random_sparse,dense_scratch,2000,1000,2,0.076301817
random_sparse,sparse,2000,1000,2,0.375900794
random_sparse,dense_givens_update,2000,1000,3,0.001749480
random_sparse,dense_scratch,2000,1000,3,0.076265920
random_sparse,sparse,2000,1000,3,0.379501650
random_sparse,dense_givens_update,2000,1000,4,0.001750951
random_sparse,dense_scratch,2000,1000,4,0.076309306
random_sparse,sparse,2000,1000,4,0.381609966
random_sparse,dense_givens_update,2000,1000,5,0.002370472
random_sparse,dense_scratch,2000,1000,5,0.076333569
random_sparse,sparse,2000,1000,5,0.379551463
random_sparse,dense_givens_update,2000,1000,6,0.001743013
random_sparse,dense_scratch,2000,1000,6,0.076248729
random_sparse,sparse,2000,1000,6,0.376704650
random_sparse,dense_givens_update,2000,1000,7,0.001740958
random_sparse,dense_scratch,2000,1000,7,0.076210321
random_sparse,sparse,2000,1000,7,0.376490727
random_sparse,dense_givens_update,2000,1000,8,0.001690827
random_sparse,dense_scratch,2000,1000,8,0.076318721
random_sparse,sparse,2000,1000,8,0.377848094
random_sparse,dense_givens_update,2000,1000,9,0.001729933
random_sparse,dense_scratch,2000,1000,9,0.076209807
random_sparse,sparse,2000,1000,9,0.378636273
random_sparse,dense_givens_update,2000,1000,10,0.001747712
random_sparse,dense_scratch,2000,1000,10,0.076277523
random_sparse,sparse,2000,1000,10,0.377887398
random_sparse,dense_givens_update,2000,1000,11,0.001743708
random_sparse,dense_scratch,2000,1000,11,0.076291496
random_sparse,sparse,2000,1000,11,0.379539995
random_sparse,dense_givens_update,2000,1000,12,0.001744051
random_sparse,dense_scratch,2000,1000,12,0.076223129
random_sparse,sparse,2000,1000,12,0.377697354
random_sparse,dense_givens_update,2000,1000,13,0.001730453
random_sparse,dense_scratch,2000,1000,13,0.076356859
random_sparse,sparse,2000,1000,13,0.376535656
random_sparse,dense_givens_update,2000,1000,14,0.001731714
random_sparse,dense_scratch,2000,1000,14,0.076217529
random_sparse,sparse,2000,1000,14,0.376971102
random_sparse,dense_givens_update,2000,1000,15,0.001734909
random_sparse,dense_scratch,2000,1000,15,0.076285670
random_sparse,sparse,2000,1000,15,0.379504815
random_sparse,dense_givens_update,2000,1000,16,0.001752138
random_sparse,dense_scratch,2000,1000,16,0.076292980
random_sparse,sparse,2000,1000,16,0.375790234
random_sparse,dense_givens_update,2000,1000,17,0.001719322
random_sparse,dense_scratch,2000,1000,17,0.076233263
random_sparse,sparse,2000,1000,17,0.380358609
random_sparse,dense_givens_update,2000,1000,18,0.001722332
random_sparse,dense_scratch,2000,1000,18,0.076278674
random_sparse,sparse,2000,1000,18,0.378581302
random_sparse,dense_givens_update,2000,1000,19,0.001696864
random_sparse,dense_scratch,2000,1000,19,0.076288028
random_sparse,sparse,2000,1000,19,0.379794415
random_sparse,dense_givens_update,2000,1000,20,0.001701532
random_sparse,dense_scratch,2000,1000,20,0.076288814
random_sparse,sparse,2000,1000,20,0.377571877
random_sparse,dense_givens_update,2000,1000,21,0.001754335
random_sparse,dense_scratch,2000,1000,21,0.076274728
random_sparse,sparse,2000,1000,21,0.378746224
random_sparse,dense_givens_update,2000,1000,22,0.001743432
random_sparse,dense_scratch,2000,1000,22,0.076227941
random_sparse,sparse,2000,1000,22,0.378171337
random_sparse,dense_givens_update,2000,1000,23,0.001740380
random_sparse,dense_scratch,2000,1000,23,0.076285219
random_sparse,sparse,2000,1000,23,0.378792189
random_sparse,dense_givens_update,2000,1000,24,0.001686128
random_sparse,dense_scratch,2000,1000,24,0.076338475
random_sparse,sparse,2000,1000,24,0.377655702
random_sparse,dense_givens_update,2000,1000,25,0.001747151
random_sparse,dense_scratch,2000,1000,25,0.076220489
random_sparse,sparse,2000,1000,25,0.378518969
random_sparse,dense_givens_update,2000,1000,26,0.001722662
random_sparse,dense_scratch,2000,1000,26,0.076264096
random_sparse,sparse,2000,1000,26,0.377953124
random_sparse,dense_givens_update,2000,1000,27,0.001744765
random_sparse,dense_scratch,2000,1000,27,0.076229827
random_sparse,sparse,2000,1000,27,0.377019436
random_sparse,dense_givens_update,2000,1000,28,0.001732232
random_sparse,dense_scratch,2000,1000,28,0.076290906
random_sparse,sparse,2000,1000,28,0.376432469
random_sparse,dense_givens_update,2000,1000,29,0.001754777
random_sparse,dense_scratch,2000,1000,29,0.076275643
random_sparse,sparse,2000,1000,29,0.379796468
random_sparse,dense_givens_update,2000,1000,30,0.001757578
random_sparse,dense_scratch,2000,1000,30,0.076246014
random_sparse,sparse,2000,1000,30,0.377429776
random_sparse,dense_givens_update,2000,1000,31,0.001746860
random_sparse,dense_scratch,2000,1000,31,0.076260327
random_sparse,sparse,2000,1000,31,0.379976801
random_sparse,dense_givens_update,2000,1000,32,0.001697923
random_sparse,dense_scratch,2000,1000,32,0.078760322
random_sparse,sparse,2000,1000,32,0.390335187
random_sparse,dense_givens_update,2000,1000,33,0.001711684
random_sparse,dense_scratch,2000,1000,33,0.078304499
random_sparse,sparse,2000,1000,33,0.383932884
random_sparse,dense_givens_update,2000,1000,34,0.001750990
random_sparse,dense_scratch,2000,1000,34,0.076501696
random_sparse,sparse,2000,1000,34,0.376934290
random_sparse,dense_givens_update,2000,1000,35,0.001747742
random_sparse,dense_scratch,2000,1000,35,0.076278895
random_sparse,sparse,2000,1000,35,0.379127060
random_sparse,dense_givens_update,2000,1000,36,0.001741405
random_sparse,dense_scratch,2000,1000,36,0.076263596
random_sparse,sparse,2000,1000,36,0.376929246
random_sparse,dense_givens_update,2000,1000,37,0.001740158
random_sparse,dense_scratch,2000,1000,37,0.076309133
random_sparse,sparse,2000,1000,37,0.375843169
random_sparse,dense_givens_update,2000,1000,38,0.001749047
random_sparse,dense_scratch,2000,1000,38,0.076237010
random_sparse,sparse,2000,1000,38,0.376697778
random_sparse,dense_givens_update,2000,1000,39,0.001752169
random_sparse,dense_scratch,2000,1000,39,0.076222504
random_sparse,sparse,2000,1000,39,0.378829779
random_sparse,dense_givens_update,2000,1000,40,0.001736726
random_sparse,dense_scratch,2000,1000,40,0.076310201
random_sparse,sparse,2000,1000,40,0.374784885
random_sparse,dense_givens_update,2000,1000,41,0.001749748
random_sparse,dense_scratch,2000,1000,41,0.076249241
random_sparse,sparse,2000,1000,41,0.379198427
random_sparse,dense_givens_update,2000,1000,42,0.001735600
random_sparse,dense_scratch,2000,1000,42,0.076328085
random_sparse,sparse,2000,1000,42,0.378254059
random_sparse,dense_givens_update,2000,1000,43,0.001736754
random_sparse,dense_scratch,2000,1000,43,0.076257222
random_sparse,sparse,2000,1000,43,0.377226095
random_sparse,dense_givens_update,2000,1000,44,0.001738645
random_sparse,dense_scratch,2000,1000,44,0.076267616
random_sparse,sparse,2000,1000,44,0.377421411
random_sparse,dense_givens_update,2000,1000,45,0.001757212
random_sparse,dense_scratch,2000,1000,45,0.076234745
random_sparse,sparse,2000,1000,45,0.380067428
random_sparse,dense_givens_update,2000,1000,46,0.001732748
random_sparse,dense_scratch,2000,1000,46,0.076298518
random_sparse,sparse,2000,1000,46,0.378359416
random_sparse,dense_givens_update,2000,1000,47,0.001735246
random_sparse,dense_scratch,2000,1000,47,0.076253426
random_sparse,sparse,2000,1000,47,0.378132201
random_sparse,dense_givens_update,2000,1000,48,0.001742184
random_sparse,dense_scratch,2000,1000,48,0.076228393
random_sparse,sparse,2000,1000,48,0.377051351
random_sparse,dense_givens_update,2000,1000,49,0.001736600
random_sparse,dense_scratch,2000,1000,49,0.076293567
random_sparse,sparse,2000,1000,49,0.380040508
circular_graph,dense_givens_update,50,25,0,0.000002660
circular_graph,dense_scratch,50,25,0,0.000018165
circular_graph,sparse,50,25,0,0.000111763
circular_graph,dense_givens_update,50,25,1,0.000001758
circular_graph,dense_scratch,50,25,1,0.000016940
circular_graph,sparse,50,25,1,0.000068827
circular_graph,dense_givens_update,50,25,2,0.000001674
circular_graph,dense_scratch,50,25,2,0.000015783
circular_graph,sparse,50,25,2,0.000061632
circular_graph,dense_givens_update,50,25,3,0.000001603
circular_graph,dense_scratch,50,25,3,0.000015008
circular_graph,sparse,50,25,3,0.000058707
circular_graph,dense_givens_update,50,25,4,0.000001560
circular_graph,dense_scratch,50,25,4,0.000014880
circular_graph,sparse,50,25,4,0.000058017
circular_graph,dense_givens_update,50,25,5,0.000001599
circular_graph,dense_scratch,50,25,5,0.000014665
circular_graph,sparse,50,25,5,0.000056533
circular_graph,dense_givens_update,50,25,6,0.000001620
circular_graph,dense_scratch,50,25,6,0.000014725
circular_graph,sparse,50,25,6,0.000055975
circular_graph,dense_givens_update,50,25,7,0.000001558
circular_graph,dense_scratch,50,25,7,0.000014541
circular_graph,sparse,50,25,7,0.000055301
circular_graph,dense_givens_update,50,25,8,0.000001593
circular_graph,dense_scratch,50,25,8,0.000014455
circular_graph,sparse,50,25,8,0.000055027
circular_graph,dense_givens_update,50,25,9,0.000001572
circular_graph,dense_scratch,50,25,9,0.000014509
circular_graph,sparse,50,25,9,0.000055388
circular_graph,dense_givens_update,50,25,10,0.000001620
circular_graph,dense_scratch,50,25,10,0.000014462
circular_graph,sparse,50,25,10,0.000057557
circular_graph,dense_givens_update,50,25,11,0.000001494
circular_graph,dense_scratch,50,25,11,0.000014689
circular_graph,sparse,50,25,11,0.000055907
circular_graph,dense_givens_update,50,25,12,0.000001501
circular_graph,dense_scratch,50,25,12,0.000014528
circular_graph,sparse,50,25,12,0.000054946
circular_graph,dense_givens_update,50,25,13,0.000001489
circular_graph,dense_scratch,50,25,13,0.000014921
circular_graph,sparse,50,25,13,0.000054683
circular_graph,dense_givens_update,50,25,14,0.000001518
circular_graph,dense_scratch,50,25,14,0.000014507
circular_graph,sparse,50,25,14,0.000054589
circular_graph,dense_givens_update,50,25,15,0.000001500
circular_graph,dense_scratch,50,25,15,0.000014362
circular_graph,sparse,50,25,15,0.000055197
circular_graph,dense_givens_update,50,25,16,0.000001433
circular_graph,dense_scratch,50,25,16,0.000014313
circular_graph,sparse,50,25,16,0.000055414
circular_graph,dense_givens_update,50,25,17,0.000001464
circular_graph,dense_scratch,50,25,17,0.000014437
circular_graph,sparse,50,25,17,0.000055509
circular_graph,dense_givens_update,50,25,18,0.000001475
circular_graph,dense_scratch,50,25,18,0.000014405
circular_graph,sparse,50,25,18,0.000055253
circular_graph,dense_givens_update,50,25,19,0.000001525
circular_graph,dense_scratch,50,25,19,0.000014359
circular_graph,sparse,50,25,19,0.000054910
circular_graph,dense_givens_update,50,25,20,0.000001456
circular_graph,dense_scratch,50,25,20,0.000014412
circular_graph,sparse,50,25,20,0.000055000
circular_graph,dense_givens_update,50,25,21,0.000001489
circular_graph,dense_scratch,50,25,21,0.000015093
circular_graph,sparse,50,25,21,0.000056243
circular_graph,dense_givens_update,50,25,22,0.000001405
circular_graph,dense_scratch,50,25,22,0.000014534
circular_graph,sparse,50,25,22,0.000058109
circular_graph,dense_givens_update,50,25,23,0.000001441
circular_graph,dense_scratch,50,25,23,0.000014370
circular_graph,sparse,50,25,23,0.000055878
circular_graph,dense_givens_update,50,25,24,0.000001667
circular_graph,dense_scratch,50,25,24,0.000015187
circular_graph,sparse,50,25,24,0.000058103
circular_graph,dense_givens_update,50,25,25,0.000001580
circular_graph,dense_scratch,50,25,25,0.000014595
circular_graph,sparse,50,25,25,0.000056619
circular_graph,dense_givens_update,50,25,26,0.000001584
circular_graph,dense_scratch,50,25,26,0.000014364
circular_graph,sparse,50,25,26,0.000057019
circular_graph,dense_givens_update,50,25,27,0.000001523
circular_graph,dense_scratch,50,25,27,0.000014397
circular_graph,sparse,50,25,27,0.000055094
circular_graph,dense_givens_update,50,25,28,0.000001570
circular_graph,dense_scratch,50,25,28,0.000014383
circular_graph,sparse,50,25,28,0.000054782
circular_graph,dense_givens_update,50,25,29,0.000001523
circular_graph,dense_scratch,50,25,29,0.000014403
circular_graph,sparse,50,25,29,0.000054055
circular_graph,dense_givens_update,50,25,30,0.000001579
circular_graph,dense_scratch,50,25,30,0.000014508
circular_graph,sparse,50,25,30,0.000054007
circular_graph,dense_givens_update,50,25,31,0.000001529
circular_graph,dense_scratch,50,25,31,0.000014350
circular_graph,sparse,50,25,31,0.000053740
circular_graph,dense_givens_update,50,25,32,0.000001527
circular_graph,dense_scratch,50,25,32,0.000014330
circular_graph,sparse,50,25,32,0.000053755
circular_graph,dense_givens_update,50,25,33,0.000001567
circular_graph,dense_scratch,50,25,33,0.000014211
circular_graph,sparse,50,25,33,0.000053402
circular_graph,dense_givens_update,50,25,34,0.000001503
circular_graph,dense_scratch,50,25,34,0.000014321
circular_graph,sparse,50,25,34,0.000053547
circular_graph,dense_givens_update,50,25,35,0.000001457
circular_graph,dense_scratch,50,25,35,0.000014362
circular_graph,sparse,50,25,35,0.000057031
circular_graph,dense_givens_update,50,25,36,0.000001497
circular_graph,dense_scratch,50,25,36,0.000014349
circular_graph,sparse,50,25,36,0.000054804
circular_graph,dense_givens_update,50,25,37,0.000001484
circular_graph,dense_scratch,50,25,37,0.000014432
circular_graph,sparse,50,25,37,0.000055054
circular_graph,dense_givens_update,50,25,38,0.000001532
circular_graph,dense_scratch,50,25,38,0.000014407
circular_graph,sparse,50,25,38,0.000052595
circular_graph,dense_givens_update,50,25,39,0.000001453
circular_graph,dense_scratch,50,25,39,0.000014222
circular_graph,sparse,50,25,39,0.000053317
circular_graph,dense_givens_update,50,25,40,0.000001454
circular_graph,dense_scratch,50,25,40,0.000014362
circular_graph,sparse,50,25,40,0.000053341
circular_graph,dense_givens_update,50,25,41,0.000001422
circular_graph,dense_scratch,50,25,41,0.000014285
circular_graph,sparse,50,25,41,0.000053629
circular_graph,dense_givens_update,50,25,42,0.000001422
circular_graph,dense_scratch,50,25,42,0.000014269
circular_graph,sparse,50,25,42,0.000054160
circular_graph,dense_givens_update,50,25,43,0.000001428
circular_graph,dense_scratch,50,25,43,0.000014350
circular_graph,sparse,50,25,43,0.000054646
circular_graph,dense_givens_update,50,25,44,0.000001438
circular_graph,dense_scratch,50,25,44,0.000014306
circular_graph,sparse,50,25,44,0.000054165
circular_graph,dense_givens_update,50,25,45,0.000001458
circular_graph,dense_scratch,50,25,45,0.000014450
circular_graph,sparse,50,25,45,0.000054608
circular_graph,dense_givens_update,50,25,46,0.000001392
circular_graph,dense_scratch,50,25,46,0.000014306
circular_graph,sparse,50,25,46,0.000054614
circular_graph,dense_givens_update,50,25,47,0.000001389
circular_graph,dense_scratch,50,25,47,0.000014322
circular_graph,sparse,50,25,47,0.000054801
circular_graph,dense_givens_update,50,25,48,0.000001419
circular_graph,dense_scratch,50,25,48,0.000014191
circular_graph,sparse,50,25,48,0.000057947
circular_graph,dense_givens_update,50,25,49,0.000001604
circular_graph,dense_scratch,50,25,49,0.000015017
circular_graph,sparse,50,25,49,0.000058345
circular_graph,dense_givens_update,100,50,0,0.000004525
circular_graph,dense_scratch,100,50,0,0.000084318
circular_graph,sparse,100,50,0,0.000206738
circular_graph,dense_givens_update,100,50,1,0.000004554
circular_graph,dense_scratch,100,50,1,0.000079682
circular_graph,sparse,100,50,1,0.000158417
circular_graph,dense_givens_update,100,50,2,0.000004554
circular_graph,dense_scratch,100,50,2,0.000074225
circular_graph,sparse,100,50,2,0.000158112
circular_graph,dense_givens_update,100,50,3,0.000004464
circular_graph,dense_scratch,100,50,3,0.000071740
circular_graph,sparse,100,50,3,0.000152647
circular_graph,dense_givens_update,100,50,4,0.000004387
circular_graph,dense_scratch,100,50,4,0.000069835
circular_graph,sparse,100,50,4,0.000152107
circular_graph,dense_givens_update,100,50,5,0.000004376
circular_graph,dense_scratch,100,50,5,0.000069195
circular_graph,sparse,100,50,5,0.000151365
circular_graph,dense_givens_update,100,50,6,0.000004376
circular_graph,dense_scratch,100,50,6,0.000068955
circular_graph,sparse,100,50,6,0.000160414
circular_graph,dense_givens_update,100,50,7,0.000004429
circular_graph,dense_scratch,100,50,7,0.000072590
circular_graph,sparse,100,50,7,0.000156172
circular_graph,dense_givens_update,100,50,8,0.000004450
circular_graph,dense_scratch,100,50,8,0.000070667
circular_graph,sparse,100,50,8,0.000153622
circular_graph,dense_givens_update,100,50,9,0.000004407
circular_graph,dense_scratch,100,50,9,0.000068671
circular_graph,sparse,100,50,9,0.000153493
circular_graph,dense_givens_update,100,50,10,0.000004373
circular_graph,dense_scratch,100,50,10,0.000070195
circular_graph,sparse,100,50,10,0.000164106
circular_graph,dense_givens_update,100,50,11,0.000004344
circular_graph,dense_scratch,100,50,11,0.000069432
circular_graph,sparse,100,50,11,0.000158301
circular_graph,dense_givens_update,100,50,12,0.000004280
circular_graph,dense_scratch,100,50,12,0.000068218
circular_graph,sparse,100,50,12,0.000155517
circular_graph,dense_givens_update,100,50,13,0.000004318
circular_graph,dense_scratch,100,50,13,0.000067361
circular_graph,sparse,100,50,13,0.000154232
circular_graph,dense_givens_update,100,50,14,0.000004257
circular_graph,dense_scratch,100,50,14,0.000066746
circular_graph,sparse,100,50,14,0.000153691
circular_graph,dense_givens_update,100,50,15,0.000004221
circular_graph,dense_scratch,100,50,15,0.000066806
circular_graph,sparse,100,50,15,0.000159376
circular_graph,dense_givens_update,100,50,16,0.000004381
circular_graph,dense_scratch,100,50,16,0.000069380
circular_graph,sparse,100,50,16,0.000156483
circular_graph,dense_givens_update,100,50,17,0.000004415
circular_graph,dense_scratch,100,50,17,0.000067665
circular_graph,sparse,100,50,17,0.000153832
circular_graph,dense_givens_update,100,50,18,0.000004287
circular_graph,dense_scratch,100,50,18,0.000067836
circular_graph,sparse,100,50,18,0.000161122
circular_graph,dense_givens_update,100,50,19,0.000004358
circular_graph,dense_scratch,100,50,19,0.000071424
circular_graph,sparse,100,50,19,0.000157847
circular_graph,dense_givens_update,100,50,20,0.000004339
circular_graph,dense_scratch,100,50,20,0.000067253
circular_graph,sparse,100,50,20,0.000155423
circular_graph,dense_givens_update,100,50,21,0.000004261
circular_graph,dense_scratch,100,50,21,0.000066601
circular_graph,sparse,100,50,21,0.000153674
circular_graph,dense_givens_update,100,50,22,0.000004195
circular_graph,dense_scratch,100,50,22,0.000066238
circular_graph,sparse,100,50,22,0.000152889
circular_graph,dense_givens_update,100,50,23,0.000004288
circular_graph,dense_scratch,100,50,23,0.000071881
circular_graph,sparse,100,50,23,0.000155094
circular_graph,dense_givens_update,100,50,24,0.000004186
circular_graph,dense_scratch,100,50,24,0.000068227
circular_graph,sparse,100,50,24,0.000152452
circular_graph,dense_givens_update,100,50,25,0.000004183
circular_graph,dense_scratch,100,50,25,0.000067111
circular_graph,sparse,100,50,25,0.000152057
circular_graph,dense_givens_update,100,50,26,0.000004191
circular_graph,dense_scratch,100,50,26,0.000067693
circular_graph,sparse,100,50,26,0.000154551
circular_graph,dense_givens_update,100,50,27,0.000004144
circular_graph,dense_scratch,100,50,27,0.000069948
circular_graph,sparse,100,50,27,0.000159537
circular_graph,dense_givens_update,100,50,28,0.000004095
circular_graph,dense_scratch,100,50,28,0.000068531
circular_graph,sparse,100,50,28,0.000155975
circular_graph,dense_givens_update,100,50,29,0.000004102
circular_graph,dense_scratch,100,50,29,0.000067150
circular_graph,sparse,100,50,29,0.000154295
circular_graph,dense_givens_update,100,50,30,0.000004185
circular_graph,dense_scratch,100,50,30,0.000066426
circular_graph,sparse,100,50,30,0.000152240
circular_graph,dense_givens_update,100,50,31,0.000004166
circular_graph,dense_scratch,100,50,31,0.000068068
circular_graph,sparse,100,50,31,0.000159026
circular_graph,dense_givens_update,100,50,32,0.000004315
circular_graph,dense_scratch,100,50,32,0.000067355
circular_graph,sparse,100,50,32,0.000156529
circular_graph,dense_givens_update,100,50,33,0.000004212
circular_graph,dense_scratch,100,50,33,0.000066778
circular_graph,sparse,100,50,33,0.000159012
circular_graph,dense_givens_update,100,50,34,0.000004272
circular_graph,dense_scratch,100,50,34,0.000069567
circular_graph,sparse,100,50,34,0.000158617
circular_graph,dense_givens_update,100,50,35,0.000004207
circular_graph,dense_scratch,100,50,35,0.000068194
circular_graph,sparse,100,50,35,0.000157202
circular_graph,dense_givens_update,100,50,36,0.000004123
circular_graph,dense_scratch,100,50,36,0.000067068
circular_graph,sparse,100,50,36,0.000155558
circular_graph,dense_givens_update,100,50,37,0.000004141
circular_graph,dense_scratch,100,50,37,0.000066997
circular_graph,sparse,100,50,37,0.000160565
circular_graph,dense_givens_update,100,50,38,0.000004174
circular_graph,dense_scratch,100,50,38,0.000068398
circular_graph,sparse,100,50,38,0.000159502
circular_graph,dense_givens_update,100,50,39,0.000004063
circular_graph,dense_scratch,100,50,39,0.000066975
circular_graph,sparse,100,50,39,0.000161975
circular_graph,dense_givens_update,100,50,40,0.000004130
circular_graph,dense_scratch,100,50,40,0.000069256
circular_graph,sparse,100,50,40,0.000166112
circular_graph,dense_givens_update,100,50,41,0.000004001
circular_graph,dense_scratch,100,50,41,0.000068704
circular_graph,sparse,100,50,41,0.000162982
circular_graph,dense_givens_update,100,50,42,0.000003980
circular_graph,dense_scratch,100,50,42,0.000067407
circular_graph,sparse,100,50,42,0.000161315
circular_graph,dense_givens_update,100,50,43,0.000003948
circular_graph,dense_scratch,100,50,43,0.000066493
circular_graph,sparse,100,50,43,0.000164877
circular_graph,dense_givens_update,100,50,44,0.000003972
circular_graph,dense_scratch,100,50,44,0.000066624
circular_graph,sparse,100,50,44,0.000160804
circular_graph,dense_givens_update,100,50,45,0.000003941
circular_graph,dense_scratch,100,50,45,0.000066025
circular_graph,sparse,100,50,45,0.000162125
circular_graph,dense_givens_update,100,50,46,0.000003893
circular_graph,dense_scratch,100,50,46,0.000069517
circular_graph,sparse,100,50,46,0.000165803
circular_graph,dense_givens_update,100,50,47,0.000003990
circular_graph,dense_scratch,100,50,47,0.000069049
circular_graph,sparse,100,50,47,0.000163948
circular_graph,dense_givens_update,100,50,48,0.000003877
circular_graph,dense_scratch,100,50,48,0.000067654
circular_graph,sparse,100,50,48,0.000165177
circular_graph,dense_givens_update,100,50,49,0.000004746
circular_graph,dense_scratch,100,50,49,0.000068794
circular_graph,sparse,100,50,49,0.000170864
circular_graph,dense_givens_update,500,250,0,0.000075128
circular_graph,dense_scratch,500,250,0,0.002507303
circular_graph,sparse,500,250,0,0.004121009
circular_graph,dense_givens_update,500,250,1,0.000074994
circular_graph,dense_scratch,500,250,1,0.002582898
circular_graph,sparse,500,250,1,0.002670443
circular_graph,dense_givens_update,500,250,2,0.000075670
circular_graph,dense_scratch,500,250,2,0.002605659
circular_graph,sparse,500,250,2,0.002643977
circular_graph,dense_givens_update,500,250,3,0.000076034
circular_graph,dense_scratch,500,250,3,0.002609243
circular_graph,sparse,500,250,3,0.002675265
circular_graph,dense_givens_update,500,250,4,0.000075970
circular_graph,dense_scratch,500,250,4,0.002592840
circular_graph,sparse,500,250,4,0.002690695
circular_graph,dense_givens_update,500,250,5,0.000075148
circular_graph,dense_scratch,500,250,5,0.002594183
circular_graph,sparse,500,250,5,0.002686044
circular_graph,dense_givens_update,500,250,6,0.000075448
circular_graph,dense_scratch,500,250,6,0.002760870
circular_graph,sparse,500,250,6,0.002717793
circular_graph,dense_givens_update,500,250,7,0.000075751
circular_graph,dense_scratch,500,250,7,0.002614636
circular_graph,sparse,500,250,7,0.002735025
circular_graph,dense_givens_update,500,250,8,0.000075895
circular_graph,dense_scratch,500,250,8,0.002609308
circular_graph,sparse,500,250,8,0.002746109
circular_graph,dense_givens_update,500,250,9,0.000075872
circular_graph,dense_scratch,500,250,9,0.002609891
circular_graph,sparse,500,250,9,0.002762825
circular_graph,dense_givens_update,500,250,10,0.000075159
circular_graph,dense_scratch,500,250,10,0.002603690
circular_graph,sparse,500,250,10,0.002775854
circular_graph,dense_givens_update,500,250,11,0.000075805
circular_graph,dense_scratch,500,250,11,0.002608412
circular_graph,sparse,500,250,11,0.002778478
circular_graph,dense_givens_update,500,250,12,0.000075159
circular_graph,dense_scratch,500,250,12,0.002612909
circular_graph,sparse,500,250,12,0.002790140
circular_graph,dense_givens_update,500,250,13,0.000075884
circular_graph,dense_scratch,500,250,13,0.002607166
circular_graph,sparse,500,250,13,0.002803270
circular_graph,dense_givens_update,500,250,14,0.000078733
circular_graph,dense_scratch,500,250,14,0.002591487
circular_graph,sparse,500,250,14,0.002822159
circular_graph,dense_givens_update,500,250,15,0.000075901
circular_graph,dense_scratch,500,250,15,0.002589881
circular_graph,sparse,500,250,15,0.002831347
circular_graph,dense_givens_update,500,250,16,0.000075386
circular_graph,dense_scratch,500,250,16,0.002595950
circular_graph,sparse,500,250,16,0.002844740
circular_graph,dense_givens_update,500,250,17,0.000075923
circular_graph,dense_scratch,500,250,17,0.002604230
circular_graph,sparse,500,250,17,0.002842431
circular_graph,dense_givens_update,500,250,18,0.000075409
circular_graph,dense_scratch,500,250,18,0.002617340
circular_graph,sparse,500,250,18,0.002866310
circular_graph,dense_givens_update,500,250,19,0.000075283
circular_graph,dense_scratch,500,250,19,0.002592632
circular_graph,sparse,500,250,19,0.002882054
circular_graph,dense_givens_update,500,250,20,0.000075698
circular_graph,dense_scratch,500,250,20,0.002606908
circular_graph,sparse,500,250,20,0.002881887
circular_graph,dense_givens_update,500,250,21,0.000075611
circular_graph,dense_scratch,500,250,21,0.002602633
circular_graph,sparse,500,250,21,0.002888086
circular_graph,dense_givens_update,500,250,22,0.000075920
circular_graph,dense_scratch,500,250,22,0.002605097
circular_graph,sparse,500,250,22,0.002905556
circular_graph,dense_givens_update,500,250,23,0.000075737
circular_graph,dense_scratch,500,250,23,0.002609165
circular_graph,sparse,500,250,23,0.002920269
circular_graph,dense_givens_update,500,250,24,0.000075844
circular_graph,dense_scratch,500,250,24,0.002610357
circular_graph,sparse,500,250,24,0.002940079
circular_graph,dense_givens_update,500,250,25,0.000075888
circular_graph,dense_scratch,500,250,25,0.002610832
circular_graph,sparse,500,250,25,0.002945522
circular_graph,dense_givens_update,500,250,26,0.000075196
circular_graph,dense_scratch,500,250,26,0.002607002
circular_graph,sparse,500,250,26,0.002957468
circular_graph,dense_givens_update,500,250,27,0.000075291
circular_graph,dense_scratch,500,250,27,0.002592020
circular_graph,sparse,500,250,27,0.002979981
circular_graph,dense_givens_update,500,250,28,0.000075768
circular_graph,dense_scratch,500,250,28,0.002608157
circular_graph,sparse,500,250,28,0.002991110
circular_graph,dense_givens_update,500,250,29,0.000075998
circular_graph,dense_scratch,500,250,29,0.002583773
circular_graph,sparse,500,250,29,0.003008701
circular_graph,dense_givens_update,500,250,30,0.000075130
circular_graph,dense_scratch,500,250,30,0.002609368
circular_graph,sparse,500,250,30,0.003016019
circular_graph,dense_givens_update,500,250,31,0.000075185
circular_graph,dense_scratch,500,250,31,0.002593916
circular_graph,sparse,500,250,31,0.003021763
circular_graph,dense_givens_update,500,250,32,0.000075851
circular_graph,dense_scratch,500,250,32,0.002591241
circular_graph,sparse,500,250,32,0.003022718
circular_graph,dense_givens_update,500,250,33,0.000075820
circular_graph,dense_scratch,500,250,33,0.002611936
circular_graph,sparse,500,250,33,0.003045241
circular_graph,dense_givens_update,500,250,34,0.000075369
circular_graph,dense_scratch,500,250,34,0.002616311
circular_graph,sparse,500,250,34,0.003037392
circular_graph,dense_givens_update,500,250,35,0.000075617
circular_graph,dense_scratch,500,250,35,0.002609837
circular_graph,sparse,500,250,35,0.003061958
circular_graph,dense_givens_update,500,250,36,0.000075429
circular_graph,dense_scratch,500,250,36,0.002587851
circular_graph,sparse,500,250,36,0.003077842
circular_graph,dense_givens_update,500,250,37,0.000075744
circular_graph,dense_scratch,500,250,37,0.002609599
circular_graph,sparse,500,250,37,0.003075964
circular_graph,dense_givens_update,500,250,38,0.000075422
circular_graph,dense_scratch,500,250,38,0.002595155
circular_graph,sparse,500,250,38,0.003095592
circular_graph,dense_givens_update,500,250,39,0.000075761
circular_graph,dense_scratch,500,250,39,0.002607369
circular_graph,sparse,500,250,39,0.003100058
circular_graph,dense_givens_update,500,250,40,0.000074953
circular_graph,dense_scratch,500,250,40,0.002611367
circular_graph,sparse,500,250,40,0.003110885
circular_graph,dense_givens_update,500,250,41,0.000075437
circular_graph,dense_scratch,500,250,41,0.002609728
circular_graph,sparse,500,250,41,0.003112681
circular_graph,dense_givens_update,500,250,42,0.000075199
circular_graph,dense_scratch,500,250,42,0.002608662
circular_graph,sparse,500,250,42,0.003126775
circular_graph,dense_givens_update,500,250,43,0.000087514
circular_graph,dense_scratch,500,250,43,0.002588617
circular_graph,sparse,500,250,43,0.003135871
circular_graph,dense_givens_update,500,250,44,0.000075535
circular_graph,dense_scratch,500,250,44,0.002588940
circular_graph,sparse,500,250,44,0.003136326
circular_graph,dense_givens_update,500,250,45,0.000075003
circular_graph,dense_scratch,500,250,45,0.002606502
circular_graph,sparse,500,250,45,0.003151879
circular_graph,dense_givens_update,500,250,46,0.000075719
circular_graph,dense_scratch,500,250,46,0.002614582
circular_graph,sparse,500,250,46,0.003158110
circular_graph,dense_givens_update,500,250,47,0.000075636
circular_graph,dense_scratch,500,250,47,0.002605948
circular_graph,sparse,500,250,47,0.003142456
circular_graph,dense_givens_update,500,250,48,0.000075031
circular_graph,dense_scratch,500,250,48,0.002612254
circular_graph,sparse,500,250,48,0.003151522
circular_graph,dense_givens_update,500,250,49,0.000075680
circular_graph,dense_scratch,500,250,49,0.002603749
circular_graph,sparse,500,250,49,0.003155133
circular_graph,dense_givens_update,1000,500,0,0.000412924
circular_graph,dense_scratch,1000,500,0,0.013443979
circular_graph,sparse,1000,500,0,0.020138970
circular_graph,dense_givens_update,1000,500,1,0.000399240
circular_graph,dense_scratch,1000,500,1,0.013473052
circular_graph,sparse,1000,500,1,0.012332471
circular_graph,dense_givens_update,1000,500,2,0.000399286
circular_graph,dense_scratch,1000,500,2,0.013370917
circular_graph,sparse,1000,500,2,0.012315733
circular_graph,dense_givens_update,1000,500,3,0.000401584
circular_graph,dense_scratch,1000,500,3,0.013345906
circular_graph,sparse,1000,500,3,0.012323224
circular_graph,dense_givens_update,1000,500,4,0.000393089
circular_graph,dense_scratch,1000,500,4,0.013358309
circular_graph,sparse,1000,500,4,0.012359841
circular_graph,dense_givens_update,1000,500,5,0.000400791
circular_graph,dense_scratch,1000,500,5,0.013357925
circular_graph,sparse,1000,500,5,0.012424287
circular_graph,dense_givens_update,1000,500,6,0.000407354
circular_graph,dense_scratch,1000,500,6,0.013363693
circular_graph,sparse,1000,500,6,0.012447580
circular_graph,dense_givens_update,1000,500,7,0.000401525
circular_graph,dense_scratch,1000,500,7,0.013372214
circular_graph,sparse,1000,500,7,0.012463930
circular_graph,dense_givens_update,1000,500,8,0.000410026
circular_graph,dense_scratch,1000,500,8,0.013368068
circular_graph,sparse,1000,500,8,0.012517106
circular_graph,dense_givens_update,1000,500,9,0.000407926
circular_graph,dense_scratch,1000,500,9,0.013358906
circular_graph,sparse,1000,500,9,0.012572157
circular_graph,dense_givens_update,1000,500,10,0.000396301
circular_graph,dense_scratch,1000,500,10,0.013352883
circular_graph,sparse,1000,500,10,0.012578279
circular_graph,dense_givens_update,1000,500,11,0.000401242
circular_graph,dense_scratch,1000,500,11,0.013337886
circular_graph,sparse,1000,500,11,0.012616962
circular_graph,dense_givens_update,1000,500,12,0.000398473
circular_graph,dense_scratch,1000,500,12,0.013342908
circular_graph,sparse,1000,500,12,0.012663917
circular_graph,dense_givens_update,1000,500,13,0.000408504
circular_graph,dense_scratch,1000,500,13,0.013352809
circular_graph,sparse,1000,500,13,0.012677302
circular_graph,dense_givens_update,1000,500,14,0.000395834
circular_graph,dense_scratch,1000,500,14,0.013356821
circular_graph,sparse,1000,500,14,0.012689673
circular_graph,dense_givens_update,1000,500,15,0.000410074
circular_graph,dense_scratch,1000,500,15,0.013355922
circular_graph,sparse,1000,500,15,0.012697065
circular_graph,dense_givens_update,1000,500,16,0.000406862
circular_graph,dense_scratch,1000,500,16,0.013344105
circular_graph,sparse,1000,500,16,0.012786752
circular_graph,dense_givens_update,1000,500,17,0.000399791
circular_graph,dense_scratch,1000,500,17,0.013350759
circular_graph,sparse,1000,500,17,0.012875977
circular_graph,dense_givens_update,1000,500,18,0.000406293
circular_graph,dense_scratch,1000,500,18,0.013360394
circular_graph,sparse,1000,500,18,0.012888331
circular_graph,dense_givens_update,1000,500,19,0.000396147
circular_graph,dense_scratch,1000,500,19,0.013360619
circular_graph,sparse,1000,500,19,0.012997582
circular_graph,dense_givens_update,1000,500,20,0.000413197
circular_graph,dense_scratch,1000,500,20,0.013354757
circular_graph,sparse,1000,500,20,0.012938664
circular_graph,dense_givens_update,1000,500,21,0.000398310
circular_graph,dense_scratch,1000,500,21,0.013351442
circular_graph,sparse,1000,500,21,0.012936860
circular_graph,dense_givens_update,1000,500,22,0.000402228
circular_graph,dense_scratch,1000,500,22,0.013360120
circular_graph,sparse,1000,500,22,0.013010336
circular_graph,dense_givens_update,1000,500,23,0.000410870
circular_graph,dense_scratch,1000,500,23,0.013356833
circular_graph,sparse,1000,500,23,0.013036084
circular_graph,dense_givens_update,1000,500,24,0.000407125
circular_graph,dense_scratch,1000,500,24,0.013359019
circular_graph,sparse,1000,500,24,0.013056807
circular_graph,dense_givens_update,1000,500,25,0.000410858
circular_graph,dense_scratch,1000,500,25,0.013358823
circular_graph,sparse,1000,500,25,0.013145871
circular_graph,dense_givens_update,1000,500,26,0.000405193
circular_graph,dense_scratch,1000,500,26,0.013343772
circular_graph,sparse,1000,500,26,0.013153148
circular_graph,dense_givens_update,1000,500,27,0.000399449
circular_graph,dense_scratch,1000,500,27,0.013348548
circular_graph,sparse,1000,500,27,0.013196021
circular_graph,dense_givens_update,1000,500,28,0.000417947
circular_graph,dense_scratch,1000,500,28,0.013351484
circular_graph,sparse,1000,500,28,0.013217168
circular_graph,dense_givens_update,1000,500,29,0.000409570
circular_graph,dense_scratch,1000,500,29,0.013359737
circular_graph,sparse,1000,500,29,0.013248949
circular_graph,dense_givens_update,1000,500,30,0.000395992
circular_graph,dense_scratch,1000,500,30,0.013358545
circular_graph,sparse,1000,500,30,0.013276785
circular_graph,dense_givens_update,1000,500,31,0.000409727
circular_graph,dense_scratch,1000,500,31,0.013350858
circular_graph,sparse,1000,500,31,0.013298764
circular_graph,dense_givens_update,1000,500,32,0.000401401
circular_graph,dense_scratch,1000,500,32,0.013372669
circular_graph,sparse,1000,500,32,0.013345796
circular_graph,dense_givens_update,1000,500,33,0.000398943
circular_graph,dense_scratch,1000,500,33,0.013358648
circular_graph,sparse,1000,500,33,0.013389375
circular_graph,dense_givens_update,1000,500,34,0.000407359
circular_graph,dense_scratch,1000,500,34,0.013361111
circular_graph,sparse,1000,500,34,0.013411068
circular_graph,dense_givens_update,1000,500,35,0.000409772
circular_graph,dense_scratch,1000,500,35,0.013356980
circular_graph,sparse,1000,500,35,0.013452085
circular_graph,dense_givens_update,1000,500,36,0.000405780
circular_graph,dense_scratch,1000,500,36,0.013352603
circular_graph,sparse,1000,500,36,0.013469551
circular_graph,dense_givens_update,1000,500,37,0.000396037
circular_graph,dense_scratch,1000,500,37,0.013345565
circular_graph,sparse,1000,500,37,0.013506781
circular_graph,dense_givens_update,1000,500,38,0.000396323
circular_graph,dense_scratch,1000,500,38,0.013353531
circular_graph,sparse,1000,500,38,0.013516589
circular_graph,dense_givens_update,1000,500,39,0.000410708
circular_graph,dense_scratch,1000,500,39,0.013349599
circular_graph,sparse,1000,500,39,0.013552566
circular_graph,dense_givens_update,1000,500,40,0.000406870
circular_graph,dense_scratch,1000,500,40,0.013353413
circular_graph,sparse,1000,500,40,0.013594018
circular_graph,dense_givens_update,1000,500,41,0.000394773
circular_graph,dense_scratch,1000,500,41,0.013359751
circular_graph,sparse,1000,500,41,0.013674929
circular_graph,dense_givens_update,1000,500,42,0.000411181
circular_graph,dense_scratch,1000,500,42,0.013346911
circular_graph,sparse,1000,500,42,0.013646783
circular_graph,dense_givens_update,1000,500,43,0.000404324
circular_graph,dense_scratch,1000,500,43,0.013353568
circular_graph,sparse,1000,500,43,0.013683444
circular_graph,dense_givens_update,1000,500,44,0.000398282
circular_graph,dense_scratch,1000,500,44,0.013376095
circular_graph,sparse,1000,500,44,0.013720920
circular_graph,dense_givens_update,1000,500,45,0.000407453
circular_graph,dense_scratch,1000,500,45,0.013357957
circular_graph,sparse,1000,500,45,0.013722762
circular_graph,dense_givens_update,1000,500,46,0.000407503
circular_graph,dense_scratch,1000,500,46,0.013346683
circular_graph,sparse,1000,500,46,0.013738925
circular_graph,dense_givens_update,1000,500,47,0.000405131
circular_graph,dense_scratch,1000,500,47,0.013353126
circular_graph,sparse,1000,500,47,0.013772014
circular_graph,dense_givens_update,1000,500,48,0.000409541
circular_graph,dense_scratch,1000,500,48,0.013359337
circular_graph,sparse,1000,500,48,0.013802381
circular_graph,dense_givens_update,1000,500,49,0.000396580
circular_graph,dense_scratch,1000,500,49,0.013352141
circular_graph,sparse,1000,500,49,0.013893135
circular_graph,dense_givens_update,2000,1000,0,0.001605657
circular_graph,dense_scratch,2000,1000,0,0.079346809
circular_graph,sparse,2000,1000,0,0.121688578
circular_graph,dense_givens_update,2000,1000,1,0.001709300
circular_graph,dense_scratch,2000,1000,1,0.079502840
circular_graph,sparse,2000,1000,1,0.072248088
circular_graph,dense_givens_update,2000,1000,2,0.001750202
circular_graph,dense_scratch,2000,1000,2,0.079471852
circular_graph,sparse,2000,1000,2,0.073741619
circular_graph,dense_givens_update,2000,1000,3,0.001748185
circular_graph,dense_scratch,2000,1000,3,0.079653759
circular_graph,sparse,2000,1000,3,0.073580723
circular_graph,dense_givens_update,2000,1000,4,0.001760269
circular_graph,dense_scratch,2000,1000,4,0.079547894
circular_graph,sparse,2000,1000,4,0.072516323
circular_graph,dense_givens_update,2000,1000,5,0.001692365
circular_graph,dense_scratch,2000,1000,5,0.079473755
circular_graph,sparse,2000,1000,5,0.072890634
circular_graph,dense_givens_update,2000,1000,6,0.001743527
circular_graph,dense_scratch,2000,1000,6,0.079452514
circular_graph,sparse,2000,1000,6,0.072924679
circular_graph,dense_givens_update,2000,1000,7,0.001750508
circular_graph,dense_scratch,2000,1000,7,0.079450516
circular_graph,sparse,2000,1000,7,0.072950047
circular_graph,dense_givens_update,2000,1000,8,0.001748864
circular_graph,dense_scratch,2000,1000,8,0.079507494
circular_graph,sparse,2000,1000,8,0.073650113
circular_graph,dense_givens_update,2000,1000,9,0.001754608
circular_graph,dense_scratch,2000,1000,9,0.079431345
circular_graph,sparse,2000,1000,9,0.073571165
circular_graph,dense_givens_update,2000,1000,10,0.001742037
circular_graph,dense_scratch,2000,1000,10,0.079462635
circular_graph,sparse,2000,1000,10,0.073442908
circular_graph,dense_givens_update,2000,1000,11,0.001758100
circular_graph,dense_scratch,2000,1000,11,0.079467207
circular_graph,sparse,2000,1000,11,0.073742599
circular_graph,dense_givens_update,2000,1000,12,0.001715202
circular_graph,dense_scratch,2000,1000,12,0.079508176
circular_graph,sparse,2000,1000,12,0.073578498
circular_graph,dense_givens_update,2000,1000,13,0.001761056
circular_graph,dense_scratch,2000,1000,13,0.079484369
circular_graph,sparse,2000,1000,13,0.073702273
circular_graph,dense_givens_update,2000,1000,14,0.001745678
circular_graph,dense_scratch,2000,1000,14,0.079458778
circular_graph,sparse,2000,1000,14,0.073719067
circular_graph,dense_givens_update,2000,1000,15,0.001738615
circular_graph,dense_scratch,2000,1000,15,0.079551391
circular_graph,sparse,2000,1000,15,0.074274420
circular_graph,dense_givens_update,2000,1000,16,0.001752960
circular_graph,dense_scratch,2000,1000,16,0.079507374
circular_graph,sparse,2000,1000,16,0.074241420
circular_graph,dense_givens_update,2000,1000,17,0.001736584
circular_graph,dense_scratch,2000,1000,17,0.079441864
circular_graph,sparse,2000,1000,17,0.074278267
circular_graph,dense_givens_update,2000,1000,18,0.001747413
circular_graph,dense_scratch,2000,1000,18,0.079422635
circular_graph,sparse,2000,1000,18,0.074336908
circular_graph,dense_givens_update,2000,1000,19,0.001745995
circular_graph,dense_scratch,2000,1000,19,0.079443096
circular_graph,sparse,2000,1000,19,0.074437125
circular_graph,dense_givens_update,2000,1000,20,0.001757838
circular_graph,dense_scratch,2000,1000,20,0.079441935
circular_graph,sparse,2000,1000,20,0.074377919
circular_graph,dense_givens_update,2000,1000,21,0.001714678
circular_graph,dense_scratch,2000,1000,21,0.079531107
circular_graph,sparse,2000,1000,21,0.074857316
circular_graph,dense_givens_update,2000,1000,22,0.001747175
circular_graph,dense_scratch,2000,1000,22,0.079487654
circular_graph,sparse,2000,1000,22,0.074831086
circular_graph,dense_givens_update,2000,1000,23,0.001773489
circular_graph,dense_scratch,2000,1000,23,0.079465848
circular_graph,sparse,2000,1000,23,0.074946428
circular_graph,dense_givens_update,2000,1000,24,0.001749072
circular_graph,dense_scratch,2000,1000,24,0.079496587
circular_graph,sparse,2000,1000,24,0.074839009
circular_graph,dense_givens_update,2000,1000,25,0.001746793
circular_graph,dense_scratch,2000,1000,25,0.079441186
circular_graph,sparse,2000,1000,25,0.075112721
circular_graph,dense_givens_update,2000,1000,26,0.001741848
circular_graph,dense_scratch,2000,1000,26,0.079449433
circular_graph,sparse,2000,1000,26,0.074950107
circular_graph,dense_givens_update,2000,1000,27,0.001694539
circular_graph,dense_scratch,2000,1000,27,0.079456376
circular_graph,sparse,2000,1000,27,0.075472773
circular_graph,dense_givens_update,2000,1000,28,0.001737053
circular_graph,dense_scratch,2000,1000,28,0.079454856
circular_graph,sparse,2000,1000,28,0.075561486
circular_graph,dense_givens_update,2000,1000,29,0.001758192
circular_graph,dense_scratch,2000,1000,29,0.079510389
circular_graph,sparse,2000,1000,29,0.075547901
circular_graph,dense_givens_update,2000,1000,30,0.001745149
circular_graph,dense_scratch,2000,1000,30,0.079439060
circular_graph,sparse,2000,1000,30,0.076008954
circular_graph,dense_givens_update,2000,1000,31,0.001736585
circular_graph,dense_scratch,2000,1000,31,0.079426968
circular_graph,sparse,2000,1000,31,0.075997614
circular_graph,dense_givens_update,2000,1000,32,0.001753422
circular_graph,dense_scratch,2000,1000,32,0.079438702
circular_graph,sparse,2000,1000,32,0.075731041
circular_graph,dense_givens_update,2000,1000,33,0.001747551
circular_graph,dense_scratch,2000,1000,33,0.079503858
circular_graph,sparse,2000,1000,33,0.076008921
circular_graph,dense_givens_update,2000,1000,34,0.001743068
circular_graph,dense_scratch,2000,1000,34,0.079413837
circular_graph,sparse,2000,1000,34,0.076732193
circular_graph,dense_givens_update,2000,1000,35,0.001757096
circular_graph,dense_scratch,2000,1000,35,0.079502583
circular_graph,sparse,2000,1000,35,0.076592759
circular_graph,dense_givens_update,2000,1000,36,0.001736571
circular_graph,dense_scratch,2000,1000,36,0.079430162
circular_graph,sparse,2000,1000,36,0.076551299
circular_graph,dense_givens_update,2000,1000,37,0.001739180
circular_graph,dense_scratch,2000,1000,37,0.079444377
circular_graph,sparse,2000,1000,37,0.077113167
circular_graph,dense_givens_update,2000,1000,38,0.001763056
circular_graph,dense_scratch,2000,1000,38,0.079464433
circular_graph,sparse,2000,1000,38,0.077113798
circular_graph,dense_givens_update,2000,1000,39,0.001715107
circular_graph,dense_scratch,2000,1000,39,0.079532392
circular_graph,sparse,2000,1000,39,0.078049883
circular_graph,dense_givens_update,2000,1000,40,0.001739462
circular_graph,dense_scratch,2000,1000,40,0.079539331
circular_graph,sparse,2000,1000,40,0.077298420
circular_graph,dense_givens_update,2000,1000,41,0.001748992
circular_graph,dense_scratch,2000,1000,41,0.079517252
circular_graph,sparse,2000,1000,41,0.077081674
circular_graph,dense_givens_update,2000,1000,42,0.001711304
circular_graph,dense_scratch,2000,1000,42,0.079444476
circular_graph,sparse,2000,1000,42,0.076930828
circular_graph,dense_givens_update,2000,1000,43,0.001734303
circular_graph,dense_scratch,2000,1000,43,0.079479297
circular_graph,sparse,2000,1000,43,0.077358088
circular_graph,dense_givens_update,2000,1000,44,0.001747121
circular_graph,dense_scratch,2000,1000,44,0.079480254
circular_graph,sparse,2000,1000,44,0.077190926
circular_graph,dense_givens_update,2000,1000,45,0.001756018
circular_graph,dense_scratch,2000,1000,45,0.079458419
circular_graph,sparse,2000,1000,45,0.077205883
circular_graph,dense_givens_update,2000,1000,46,0.001729684
circular_graph,dense_scratch,2000,1000,46,0.079517631
circular_graph,sparse,2000,1000,46,0.077322619
circular_graph,dense_givens_update,2000,1000,47,0.001755148
circular_graph,dense_scratch,2000,1000,47,0.079504004
circular_graph,sparse,2000,1000,47,0.077491665
circular_graph,dense_givens_update,2000,1000,48,0.001736292
circular_graph,dense_scratch,2000,1000,48,0.079622161
circular_graph,sparse,2000,1000,48,0.077629634
circular_graph,dense_givens_update,2000,1000,49,0.001735624
circular_graph,dense_scratch,2000,1000,49,0.079474112
circular_graph,sparse,2000,1000,49,0.077825864
block_diagonal,dense_givens_update,50,25,0,0.000003428
block_diagonal,dense_scratch,50,25,0,0.000015376
block_diagonal,sparse,50,25,0,0.000062710
block_diagonal,dense_givens_update,50,25,1,0.000001534
block_diagonal,dense_scratch,50,25,1,0.000013912
block_diagonal,sparse,50,25,1,0.000037548
block_diagonal,dense_givens_update,50,25,2,0.000001309
block_diagonal,dense_scratch,50,25,2,0.000012798
block_diagonal,sparse,50,25,2,0.000031102
block_diagonal,dense_givens_update,50,25,3,0.000001274
block_diagonal,dense_scratch,50,25,3,0.000012078
block_diagonal,sparse,50,25,3,0.000029154
block_diagonal,dense_givens_update,50,25,4,0.000001297
block_diagonal,dense_scratch,50,25,4,0.000012162
block_diagonal,sparse,50,25,4,0.000028620
block_diagonal,dense_givens_update,50,25,5,0.000001215
block_diagonal,dense_scratch,50,25,5,0.000011948
block_diagonal,sparse,50,25,5,0.000028093
block_diagonal,dense_givens_update,50,25,6,0.000001229
block_diagonal,dense_scratch,50,25,6,0.000011866
block_diagonal,sparse,50,25,6,0.000027958
block_diagonal,dense_givens_update,50,25,7,0.000001293
block_diagonal,dense_scratch,50,25,7,0.000012046
block_diagonal,sparse,50,25,7,0.000028040
block_diagonal,dense_givens_update,50,25,8,0.000001238
block_diagonal,dense_scratch,50,25,8,0.000011777
block_diagonal,sparse,50,25,8,0.000027671
block_diagonal,dense_givens_update,50,25,9,0.000001226
block_diagonal,dense_scratch,50,25,9,0.000011768
block_diagonal,sparse,50,25,9,0.000028053
block_diagonal,dense_givens_update,50,25,10,0.000001302
block_diagonal,dense_scratch,50,25,10,0.000012199
block_diagonal,sparse,50,25,10,0.000028804
block_diagonal,dense_givens_update,50,25,11,0.000001220
block_diagonal,dense_scratch,50,25,11,0.000011820
block_diagonal,sparse,50,25,11,0.000027909
block_diagonal,dense_givens_update,50,25,12,0.000001242
block_diagonal,dense_scratch,50,25,12,0.000011689
block_diagonal,sparse,50,25,12,0.000027775
block_diagonal,dense_givens_update,50,25,13,0.000001283
block_diagonal,dense_scratch,50,25,13,0.000011994
block_diagonal,sparse,50,25,13,0.000032155
block_diagonal,dense_givens_update,50,25,14,0.000001225
block_diagonal,dense_scratch,50,25,14,0.000011940
block_diagonal,sparse,50,25,14,0.000028274
block_diagonal,dense_givens_update,50,25,15,0.000001208
block_diagonal,dense_scratch,50,25,15,0.000011632
block_diagonal,sparse,50,25,15,0.000027874
block_diagonal,dense_givens_update,50,25,16,0.000001310
block_diagonal,dense_scratch,50,25,16,0.000011996
block_diagonal,sparse,50,25,16,0.000028067
block_diagonal,dense_givens_update,50,25,17,0.000001246
block_diagonal,dense_scratch,50,25,17,0.000011666
block_diagonal,sparse,50,25,17,0.000027749
block_diagonal,dense_givens_update,50,25,18,0.000001226
block_diagonal,dense_scratch,50,25,18,0.000011667
block_diagonal,sparse,50,25,18,0.000027440
block_diagonal,dense_givens_update,50,25,19,0.000001312
block_diagonal,dense_scratch,50,25,19,0.000011972
block_diagonal,sparse,50,25,19,0.000027941
block_diagonal,dense_givens_update,50,25,20,0.000001242
block_diagonal,dense_scratch,50,25,20,0.000011587
block_diagonal,sparse,50,25,20,0.000027373
block_diagonal,dense_givens_update,50,25,21,0.000001219
block_diagonal,dense_scratch,50,25,21,0.000011636
block_diagonal,sparse,50,25,21,0.000027170
block_diagonal,dense_givens_update,50,25,22,0.000001250
block_diagonal,dense_scratch,50,25,22,0.000011720
block_diagonal,sparse,50,25,22,0.000027215
block_diagonal,dense_givens_update,50,25,23,0.000001222
block_diagonal,dense_scratch,50,25,23,0.000011602
block_diagonal,sparse,50,25,23,0.000027367
block_diagonal,dense_givens_update,50,25,24,0.000001214
block_diagonal,dense_scratch,50,25,24,0.000011574
block_diagonal,sparse,50,25,24,0.000027576
block_diagonal,dense_givens_update,50,25,25,0.000001299
block_diagonal,dense_scratch,50,25,25,0.000012498
block_diagonal,sparse,50,25,25,0.000031566
block_diagonal,dense_givens_update,50,25,26,0.000001253
block_diagonal,dense_scratch,50,25,26,0.000012116
block_diagonal,sparse,50,25,26,0.000029207
block_diagonal,dense_givens_update,50,25,27,0.000001205
block_diagonal,dense_scratch,50,25,27,0.000012672
block_diagonal,sparse,50,25,27,0.000028923
block_diagonal,dense_givens_update,50,25,28,0.000001299
block_diagonal,dense_scratch,50,25,28,0.000012455
block_diagonal,sparse,50,25,28,0.000029017
block_diagonal,dense_givens_update,50,25,29,0.000001213
block_diagonal,dense_scratch,50,25,29,0.000012162
block_diagonal,sparse,50,25,29,0.000028276
block_diagonal,dense_givens_update,50,25,30,0.000001214
block_diagonal,dense_scratch,50,25,30,0.000012051
block_diagonal,sparse,50,25,30,0.000027939
block_diagonal,dense_givens_update,50,25,31,0.000001281
block_diagonal,dense_scratch,50,25,31,0.000012141
block_diagonal,sparse,50,25,31,0.000028563
block_diagonal,dense_givens_update,50,25,32,0.000001241
block_diagonal,dense_scratch,50,25,32,0.000011989
block_diagonal,sparse,50,25,32,0.000028389
block_diagonal,dense_givens_update,50,25,33,0.000001224
block_diagonal,dense_scratch,50,25,33,0.000011953
block_diagonal,sparse,50,25,33,0.000027842
block_diagonal,dense_givens_update,50,25,34,0.000001285
block_diagonal,dense_scratch,50,25,34,0.000014428
block_diagonal,sparse,50,25,34,0.000028726
block_diagonal,dense_givens_update,50,25,35,0.000001271
block_diagonal,dense_scratch,50,25,35,0.000012088
block_diagonal,sparse,50,25,35,0.000028356
block_diagonal,dense_givens_update,50,25,36,0.000001214
block_diagonal,dense_scratch,50,25,36,0.000012117
block_diagonal,sparse,50,25,36,0.000028616
block_diagonal,dense_givens_update,50,25,37,0.000001296
block_diagonal,dense_scratch,50,25,37,0.000013016
block_diagonal,sparse,50,25,37,0.000030069
block_diagonal,dense_givens_update,50,25,38,0.000001233
block_diagonal,dense_scratch,50,25,38,0.000012014
block_diagonal,sparse,50,25,38,0.000028685
block_diagonal,dense_givens_update,50,25,39,0.000001199
block_diagonal,dense_scratch,50,25,39,0.000011815
block_diagonal,sparse,50,25,39,0.000028285
block_diagonal,dense_givens_update,50,25,40,0.000001279
block_diagonal,dense_scratch,50,25,40,0.000012040
block_diagonal,sparse,50,25,40,0.000028558
block_diagonal,dense_givens_update,50,25,41,0.000001279
block_diagonal,dense_scratch,50,25,41,0.000011881
block_diagonal,sparse,50,25,41,0.000028422
block_diagonal,dense_givens_update,50,25,42,0.000001241
block_diagonal,dense_scratch,50,25,42,0.000011765
block_diagonal,sparse,50,25,42,0.000027349
block_diagonal,dense_givens_update,50,25,43,0.000001289
block_diagonal,dense_scratch,50,25,43,0.000012074
block_diagonal,sparse,50,25,43,0.000028481
block_diagonal,dense_givens_update,50,25,44,0.000001273
block_diagonal,dense_scratch,50,25,44,0.000011950
block_diagonal,sparse,50,25,44,0.000027843
block_diagonal,dense_givens_update,50,25,45,0.000001206
block_diagonal,dense_scratch,50,25,45,0.000011809
block_diagonal,sparse,50,25,45,0.000027899
block_diagonal,dense_givens_update,50,25,46,0.000001290
block_diagonal,dense_scratch,50,25,46,0.000011941
block_diagonal,sparse,50,25,46,0.000028311
block_diagonal,dense_givens_update,50,25,47,0.000001272
block_diagonal,dense_scratch,50,25,47,0.000011758
block_diagonal,sparse,50,25,47,0.000028256
block_diagonal,dense_givens_update,50,25,48,0.000001226
block_diagonal,dense_scratch,50,25,48,0.000012003
block_diagonal,sparse,50,25,48,0.000027613
block_diagonal,dense_givens_update,50,25,49,0.000001295
block_diagonal,dense_scratch,50,25,49,0.000011879
block_diagonal,sparse,50,25,49,0.000028472
block_diagonal,dense_givens_update,100,50,0,0.000003506
block_diagonal,dense_scratch,100,50,0,0.000080842
block_diagonal,sparse,100,50,0,0.000061518
block_diagonal,dense_givens_update,100,50,1,0.000003435
block_diagonal,dense_scratch,100,50,1,0.000077027
block_diagonal,sparse,100,50,1,0.000053886
block_diagonal,dense_givens_update,100,50,2,0.000003344
block_diagonal,dense_scratch,100,50,2,0.000070726
block_diagonal,sparse,100,50,2,0.000053933
block_diagonal,dense_givens_update,100,50,3,0.000003277
block_diagonal,dense_scratch,100,50,3,0.000065301
block_diagonal,sparse,100,50,3,0.000051398
block_diagonal,dense_givens_update,100,50,4,0.000003189
block_diagonal,dense_scratch,100,50,4,0.000063709
block_diagonal,sparse,100,50,4,0.000050347
block_diagonal,dense_givens_update,100,50,5,0.000003141
block_diagonal,dense_scratch,100,50,5,0.000062397
block_diagonal,sparse,100,50,5,0.000049397
block_diagonal,dense_givens_update,100,50,6,0.000003191
block_diagonal,dense_scratch,100,50,6,0.000061857
block_diagonal,sparse,100,50,6,0.000048579
block_diagonal,dense_givens_update,100,50,7,0.000003192
block_diagonal,dense_scratch,100,50,7,0.000061926
block_diagonal,sparse,100,50,7,0.000048474
block_diagonal,dense_givens_update,100,50,8,0.000003254
block_diagonal,dense_scratch,100,50,8,0.000062343
block_diagonal,sparse,100,50,8,0.000049604
block_diagonal,dense_givens_update,100,50,9,0.000003218
block_diagonal,dense_scratch,100,50,9,0.000062753
block_diagonal,sparse,100,50,9,0.000050351
block_diagonal,dense_givens_update,100,50,10,0.000003163
block_diagonal,dense_scratch,100,50,10,0.000062080
block_diagonal,sparse,100,50,10,0.000048241
block_diagonal,dense_givens_update,100,50,11,0.000003140
block_diagonal,dense_scratch,100,50,11,0.000061838
block_diagonal,sparse,100,50,11,0.000048503
block_diagonal,dense_givens_update,100,50,12,0.000003104
block_diagonal,dense_scratch,100,50,12,0.000061807
block_diagonal,sparse,100,50,12,0.000048477
block_diagonal,dense_givens_update,100,50,13,0.000003193
block_diagonal,dense_scratch,100,50,13,0.000061630
block_diagonal,sparse,100,50,13,0.000048263
block_diagonal,dense_givens_update,100,50,14,0.000003149
block_diagonal,dense_scratch,100,50,14,0.000061809
block_diagonal,sparse,100,50,14,0.000047955
block_diagonal,dense_givens_update,100,50,15,0.000003154
block_diagonal,dense_scratch,100,50,15,0.000061678
block_diagonal,sparse,100,50,15,0.000049944
block_diagonal,dense_givens_update,100,50,16,0.000003178
block_diagonal,dense_scratch,100,50,16,0.000061839
block_diagonal,sparse,100,50,16,0.000048002
block_diagonal,dense_givens_update,100,50,17,0.000003160
block_diagonal,dense_scratch,100,50,17,0.000062020
block_diagonal,sparse,100,50,17,0.000048095
block_diagonal,dense_givens_update,100,50,18,0.000003101
block_diagonal,dense_scratch,100,50,18,0.000061771
block_diagonal,sparse,100,50,18,0.000048422
block_diagonal,dense_givens_update,100,50,19,0.000003190
block_diagonal,dense_scratch,100,50,19,0.000061497
block_diagonal,sparse,100,50,19,0.000048003
block_diagonal,dense_givens_update,100,50,20,0.000003203
block_diagonal,dense_scratch,100,50,20,0.000061733
block_diagonal,sparse,100,50,20,0.000048353
block_diagonal,dense_givens_update,100,50,21,0.000003201
block_diagonal,dense_scratch,100,50,21,0.000061726
block_diagonal,sparse,100,50,21,0.000048198
block_diagonal,dense_givens_update,100,50,22,0.000003161
block_diagonal,dense_scratch,100,50,22,0.000061388
block_diagonal,sparse,100,50,22,0.000047424
block_diagonal,dense_givens_update,100,50,23,0.000003143
block_diagonal,dense_scratch,100,50,23,0.000061512
block_diagonal,sparse,100,50,23,0.000049564
block_diagonal,dense_givens_update,100,50,24,0.000003169
block_diagonal,dense_scratch,100,50,24,0.000061816
block_diagonal,sparse,100,50,24,0.000047108
block_diagonal,dense_givens_update,100,50,25,0.000003085
block_diagonal,dense_scratch,100,50,25,0.000061501
block_diagonal,sparse,100,50,25,0.000046980
block_diagonal,dense_givens_update,100,50,26,0.000003213
block_diagonal,dense_scratch,100,50,26,0.000061584
block_diagonal,sparse,100,50,26,0.000047469
block_diagonal,dense_givens_update,100,50,27,0.000003125
block_diagonal,dense_scratch,100,50,27,0.000061587
block_diagonal,sparse,100,50,27,0.000047271
block_diagonal,dense_givens_update,100,50,28,0.000003122
block_diagonal,dense_scratch,100,50,28,0.000061409
block_diagonal,sparse,100,50,28,0.000046937
block_diagonal,dense_givens_update,100,50,29,0.000003182
block_diagonal,dense_scratch,100,50,29,0.000061449
block_diagonal,sparse,100,50,29,0.000047651
block_diagonal,dense_givens_update,100,50,30,0.000003145
block_diagonal,dense_scratch,100,50,30,0.000061471
block_diagonal,sparse,100,50,30,0.000046669
block_diagonal,dense_givens_update,100,50,31,0.000003187
block_diagonal,dense_scratch,100,50,31,0.000061382
block_diagonal,sparse,100,50,31,0.000047456
block_diagonal,dense_givens_update,100,50,32,0.000003162
block_diagonal,dense_scratch,100,50,32,0.000061681
block_diagonal,sparse,100,50,32,0.000047342
block_diagonal,dense_givens_update,100,50,33,0.000003199
block_diagonal,dense_scratch,100,50,33,0.000061849
block_diagonal,sparse,100,50,33,0.000047092
block_diagonal,dense_givens_update,100,50,34,0.000003127
block_diagonal,dense_scratch,100,50,34,0.000061575
block_diagonal,sparse,100,50,34,0.000046831
block_diagonal,dense_givens_update,100,50,35,0.000003161
block_diagonal,dense_scratch,100,50,35,0.000061322
block_diagonal,sparse,100,50,35,0.000046972
block_diagonal,dense_givens_update,100,50,36,0.000003132
block_diagonal,dense_scratch,100,50,36,0.000061670
block_diagonal,sparse,100,50,36,0.000046708
block_diagonal,dense_givens_update,100,50,37,0.000003112
block_diagonal,dense_scratch,100,50,37,0.000061453
block_diagonal,sparse,100,50,37,0.000047001
block_diagonal,dense_givens_update,100,50,38,0.000003212
block_diagonal,dense_scratch,100,50,38,0.000061797
block_diagonal,sparse,100,50,38,0.000047166
block_diagonal,dense_givens_update,100,50,39,0.000003198
block_diagonal,dense_scratch,100,50,39,0.000063321
block_diagonal,sparse,100,50,39,0.000047370
block_diagonal,dense_givens_update,100,50,40,0.000003152
block_diagonal,dense_scratch,100,50,40,0.000061958
block_diagonal,sparse,100,50,40,0.000046721
block_diagonal,dense_givens_update,100,50,41,0.000003123
block_diagonal,dense_scratch,100,50,41,0.000061633
block_diagonal,sparse,100,50,41,0.000046808
block_diagonal,dense_givens_update,100,50,42,0.000003186
block_diagonal,dense_scratch,100,50,42,0.000062544
block_diagonal,sparse,100,50,42,0.000048216
block_diagonal,dense_givens_update,100,50,43,0.000003136
block_diagonal,dense_scratch,100,50,43,0.000061547
block_diagonal,sparse,100,50,43,0.000046948
block_diagonal,dense_givens_update,100,50,44,0.000003188
block_diagonal,dense_scratch,100,50,44,0.000061491
block_diagonal,sparse,100,50,44,0.000047413
block_diagonal,dense_givens_update,100,50,45,0.000003124
block_diagonal,dense_scratch,100,50,45,0.000061498
block_diagonal,sparse,100,50,45,0.000047227
block_diagonal,dense_givens_update,100,50,46,0.000003085
block_diagonal,dense_scratch,100,50,46,0.000061456
block_diagonal,sparse,100,50,46,0.000046796
block_diagonal,dense_givens_update,100,50,47,0.000003168
block_diagonal,dense_scratch,100,50,47,0.000063939
block_diagonal,sparse,100,50,47,0.000047420
block_diagonal,dense_givens_update,100,50,48,0.000003144
block_diagonal,dense_scratch,100,50,48,0.000061533
block_diagonal,sparse,100,50,48,0.000046744
block_diagonal,dense_givens_update,100,50,49,0.000003128
block_diagonal,dense_scratch,100,50,49,0.000061330
block_diagonal,sparse,100,50,49,0.000046874
block_diagonal,dense_givens_update,500,250,0,0.000049896
block_diagonal,dense_scratch,500,250,0,0.002460343
block_diagonal,sparse,500,250,0,0.000341662
block_diagonal,dense_givens_update,500,250,1,0.000049922
block_diagonal,dense_scratch,500,250,1,0.002459074
block_diagonal,sparse,500,250,1,0.000318478
block_diagonal,dense_givens_update,500,250,2,0.000049755
block_diagonal,dense_scratch,500,250,2,0.002457525
block_diagonal,sparse,500,250,2,0.000302385
block_diagonal,dense_givens_update,500,250,3,0.000049750
block_diagonal,dense_scratch,500,250,3,0.002454056
block_diagonal,sparse,500,250,3,0.000307843
block_diagonal,dense_givens_update,500,250,4,0.000049817
block_diagonal,dense_scratch,500,250,4,0.002455135
block_diagonal,sparse,500,250,4,0.000308730
block_diagonal,dense_givens_update,500,250,5,0.000049792
block_diagonal,dense_scratch,500,250,5,0.002454173
block_diagonal,sparse,500,250,5,0.000307121
block_diagonal,dense_givens_update,500,250,6,0.000049755
block_diagonal,dense_scratch,500,250,6,0.002454252
block_diagonal,sparse,500,250,6,0.000307707
block_diagonal,dense_givens_update,500,250,7,0.000049740
block_diagonal,dense_scratch,500,250,7,0.002452040
block_diagonal,sparse,500,250,7,0.000304940
block_diagonal,dense_givens_update,500,250,8,0.000049879
block_diagonal,dense_scratch,500,250,8,0.002450822
block_diagonal,sparse,500,250,8,0.000308907
block_diagonal,dense_givens_update,500,250,9,0.000049708
block_diagonal,dense_scratch,500,250,9,0.002452370
block_diagonal,sparse,500,250,9,0.000309084
block_diagonal,dense_givens_update,500,250,10,0.000049763
block_diagonal,dense_scratch,500,250,10,0.002452379
block_diagonal,sparse,500,250,10,0.000308759
block_diagonal,dense_givens_update,500,250,11,0.000049729
block_diagonal,dense_scratch,500,250,11,0.002452395
block_diagonal,sparse,500,250,11,0.000305604
block_diagonal,dense_givens_update,500,250,12,0.000049739
block_diagonal,dense_scratch,500,250,12,0.002454365
block_diagonal,sparse,500,250,12,0.000305521
block_diagonal,dense_givens_update,500,250,13,0.000049631
block_diagonal,dense_scratch,500,250,13,0.002454060
block_diagonal,sparse,500,250,13,0.000306194
block_diagonal,dense_givens_update,500,250,14,0.000049717
block_diagonal,dense_scratch,500,250,14,0.002456135
block_diagonal,sparse,500,250,14,0.000304036
block_diagonal,dense_givens_update,500,250,15,0.000049632
block_diagonal,dense_scratch,500,250,15,0.002457581
block_diagonal,sparse,500,250,15,0.000303711
block_diagonal,dense_givens_update,500,250,16,0.000049719
block_diagonal,dense_scratch,500,250,16,0.002454878
block_diagonal,sparse,500,250,16,0.000301102
block_diagonal,dense_givens_update,500,250,17,0.000049581
block_diagonal,dense_scratch,500,250,17,0.002449920
block_diagonal,sparse,500,250,17,0.000301199
block_diagonal,dense_givens_update,500,250,18,0.000049591
block_diagonal,dense_scratch,500,250,18,0.002449885
block_diagonal,sparse,500,250,18,0.000298289
block_diagonal,dense_givens_update,500,250,19,0.000049679
block_diagonal,dense_scratch,500,250,19,0.002451103
block_diagonal,sparse,500,250,19,0.000308877
block_diagonal,dense_givens_update,500,250,20,0.000049705
block_diagonal,dense_scratch,500,250,20,0.002449592
block_diagonal,sparse,500,250,20,0.000309938
block_diagonal,dense_givens_update,500,250,21,0.000049696
block_diagonal,dense_scratch,500,250,21,0.002452334
block_diagonal,sparse,500,250,21,0.000307412
block_diagonal,dense_givens_update,500,250,22,0.000049797
block_diagonal,dense_scratch,500,250,22,0.002452996
block_diagonal,sparse,500,250,22,0.000301189
block_diagonal,dense_givens_update,500,250,23,0.000049727
block_diagonal,dense_scratch,500,250,23,0.002457171
block_diagonal,sparse,500,250,23,0.000303863
block_diagonal,dense_givens_update,500,250,24,0.000049622
block_diagonal,dense_scratch,500,250,24,0.002459054
block_diagonal,sparse,500,250,24,0.000305967
block_diagonal,dense_givens_update,500,250,25,0.000049706
block_diagonal,dense_scratch,500,250,25,0.002456870
block_diagonal,sparse,500,250,25,0.000304895
block_diagonal,dense_givens_update,500,250,26,0.000049709
block_diagonal,dense_scratch,500,250,26,0.002455249
block_diagonal,sparse,500,250,26,0.000305178
block_diagonal,dense_givens_update,500,250,27,0.000049818
block_diagonal,dense_scratch,500,250,27,0.002451451
block_diagonal,sparse,500,250,27,0.000312115
block_diagonal,dense_givens_update,500,250,28,0.000049835
block_diagonal,dense_scratch,500,250,28,0.002449493
block_diagonal,sparse,500,250,28,0.000310016
block_diagonal,dense_givens_update,500,250,29,0.000052700
block_diagonal,dense_scratch,500,250,29,0.002449777
block_diagonal,sparse,500,250,29,0.000314264
block_diagonal,dense_givens_update,500,250,30,0.000049914
block_diagonal,dense_scratch,500,250,30,0.002450171
block_diagonal,sparse,500,250,30,0.000314696
block_diagonal,dense_givens_update,500,250,31,0.000049921
block_diagonal,dense_scratch,500,250,31,0.002446522
block_diagonal,sparse,500,250,31,0.000313737
block_diagonal,dense_givens_update,500,250,32,0.000049794
block_diagonal,dense_scratch,500,250,32,0.002452698
block_diagonal,sparse,500,250,32,0.000309904
block_diagonal,dense_givens_update,500,250,33,0.000049870
block_diagonal,dense_scratch,500,250,33,0.002454407
block_diagonal,sparse,500,250,33,0.000310401
block_diagonal,dense_givens_update,500,250,34,0.000049836
block_diagonal,dense_scratch,500,250,34,0.002455837
block_diagonal,sparse,500,250,34,0.000310918
block_diagonal,dense_givens_update,500,250,35,0.000049872
block_diagonal,dense_scratch,500,250,35,0.002457246
block_diagonal,sparse,500,250,35,0.000309634
block_diagonal,dense_givens_update,500,250,36,0.000049907
block_diagonal,dense_scratch,500,250,36,0.002455327
block_diagonal,sparse,500,250,36,0.000309597
block_diagonal,dense_givens_update,500,250,37,0.000050047
block_diagonal,dense_scratch,500,250,37,0.002456064
block_diagonal,sparse,500,250,37,0.000309882
block_diagonal,dense_givens_update,500,250,38,0.000049843
block_diagonal,dense_scratch,500,250,38,0.002450213
block_diagonal,sparse,500,250,38,0.000310192
block_diagonal,dense_givens_update,500,250,39,0.000053150
block_diagonal,dense_scratch,500,250,39,0.002448729
block_diagonal,sparse,500,250,39,0.000312258
block_diagonal,dense_givens_update,500,250,40,0.000049772
block_diagonal,dense_scratch,500,250,40,0.002450454
block_diagonal,sparse,500,250,40,0.000312317
block_diagonal,dense_givens_update,500,250,41,0.000049917
block_diagonal,dense_scratch,500,250,41,0.002449457
block_diagonal,sparse,500,250,41,0.000313099
block_diagonal,dense_givens_update,500,250,42,0.000049798
block_diagonal,dense_scratch,500,250,42,0.002450616
block_diagonal,sparse,500,250,42,0.000308609
block_diagonal,dense_givens_update,500,250,43,0.000049803
block_diagonal,dense_scratch,500,250,43,0.002450203
block_diagonal,sparse,500,250,43,0.000305769
block_diagonal,dense_givens_update,500,250,44,0.000049937
block_diagonal,dense_scratch,500,250,44,0.002452462
block_diagonal,sparse,500,250,44,0.000309692
block_diagonal,dense_givens_update,500,250,45,0.000049911
block_diagonal,dense_scratch,500,250,45,0.002458439
block_diagonal,sparse,500,250,45,0.000309061
block_diagonal,dense_givens_update,500,250,46,0.000049828
block_diagonal,dense_scratch,500,250,46,0.002456005
block_diagonal,sparse,500,250,46,0.000310350
block_diagonal,dense_givens_update,500,250,47,0.000049937
block_diagonal,dense_scratch,500,250,47,0.002456461
block_diagonal,sparse,500,250,47,0.000311124
block_diagonal,dense_givens_update,500,250,48,0.000049912
block_diagonal,dense_scratch,500,250,48,0.002450279
block_diagonal,sparse,500,250,48,0.000310283
block_diagonal,dense_givens_update,500,250,49,0.000053182
block_diagonal,dense_scratch,500,250,49,0.002452036
block_diagonal,sparse,500,250,49,0.000310630
block_diagonal,dense_givens_update,1000,500,0,0.000292689
block_diagonal,dense_scratch,1000,500,0,0.013897664
block_diagonal,sparse,1000,500,0,0.001149611
block_diagonal,dense_givens_update,1000,500,1,0.000289978
block_diagonal,dense_scratch,1000,500,1,0.013168051
block_diagonal,sparse,1000,500,1,0.001002506
block_diagonal,dense_givens_update,1000,500,2,0.000293415
block_diagonal,dense_scratch,1000,500,2,0.013181767
block_diagonal,sparse,1000,500,2,0.001006130
block_diagonal,dense_givens_update,1000,500,3,0.000292816
block_diagonal,dense_scratch,1000,500,3,0.013179011
block_diagonal,sparse,1000,500,3,0.001003096
block_diagonal,dense_givens_update,1000,500,4,0.000288622
block_diagonal,dense_scratch,1000,500,4,0.013192694
block_diagonal,sparse,1000,500,4,0.001002904
block_diagonal,dense_givens_update,1000,500,5,0.000290478
block_diagonal,dense_scratch,1000,500,5,0.013170065
block_diagonal,sparse,1000,500,5,0.001002506
block_diagonal,dense_givens_update,1000,500,6,0.000289743
block_diagonal,dense_scratch,1000,500,6,0.013173884
block_diagonal,sparse,1000,500,6,0.000997946
block_diagonal,dense_givens_update,1000,500,7,0.000296715
block_diagonal,dense_scratch,1000,500,7,0.013170841
block_diagonal,sparse,1000,500,7,0.001003170
block_diagonal,dense_givens_update,1000,500,8,0.000287864
block_diagonal,dense_scratch,1000,500,8,0.013176841
block_diagonal,sparse,1000,500,8,0.000997542
block_diagonal,dense_givens_update,1000,500,9,0.000288222
block_diagonal,dense_scratch,1000,500,9,0.013178135
block_diagonal,sparse,1000,500,9,0.000997340
block_diagonal,dense_givens_update,1000,500,10,0.000293054
block_diagonal,dense_scratch,1000,500,10,0.013174133
block_diagonal,sparse,1000,500,10,0.000998389
block_diagonal,dense_givens_update,1000,500,11,0.000290592
block_diagonal,dense_scratch,1000,500,11,0.013175952
block_diagonal,sparse,1000,500,11,0.001000845
block_diagonal,dense_givens_update,1000,500,12,0.000287052
block_diagonal,dense_scratch,1000,500,12,0.013171183
block_diagonal,sparse,1000,500,12,0.000996578
block_diagonal,dense_givens_update,1000,500,13,0.000289260
block_diagonal,dense_scratch,1000,500,13,0.013169496
block_diagonal,sparse,1000,500,13,0.000996549
block_diagonal,dense_givens_update,1000,500,14,0.000289749
block_diagonal,dense_scratch,1000,500,14,0.013172749
block_diagonal,sparse,1000,500,14,0.001005110
block_diagonal,dense_givens_update,1000,500,15,0.000285248
block_diagonal,dense_scratch,1000,500,15,0.013175859
block_diagonal,sparse,1000,500,15,0.000995413
block_diagonal,dense_givens_update,1000,500,16,0.000288690
block_diagonal,dense_scratch,1000,500,16,0.013174475
block_diagonal,sparse,1000,500,16,0.001004152
block_diagonal,dense_givens_update,1000,500,17,0.000290805
block_diagonal,dense_scratch,1000,500,17,0.013170755
block_diagonal,sparse,1000,500,17,0.001000422
block_diagonal,dense_givens_update,1000,500,18,0.000288836
block_diagonal,dense_scratch,1000,500,18,0.013165965
block_diagonal,sparse,1000,500,18,0.001005424
block_diagonal,dense_givens_update,1000,500,19,0.000291191
block_diagonal,dense_scratch,1000,500,19,0.013179618
block_diagonal,sparse,1000,500,19,0.000998871
block_diagonal,dense_givens_update,1000,500,20,0.000289528
block_diagonal,dense_scratch,1000,500,20,0.013168875
block_diagonal,sparse,1000,500,20,0.001000278
block_diagonal,dense_givens_update,1000,500,21,0.000291853
block_diagonal,dense_scratch,1000,500,21,0.013182856
block_diagonal,sparse,1000,500,21,0.000998131
block_diagonal,dense_givens_update,1000,500,22,0.000289570
block_diagonal,dense_scratch,1000,500,22,0.013171743
block_diagonal,sparse,1000,500,22,0.000999461
block_diagonal,dense_givens_update,1000,500,23,0.000288386
block_diagonal,dense_scratch,1000,500,23,0.013176985
block_diagonal,sparse,1000,500,23,0.001004534
block_diagonal,dense_givens_update,1000,500,24,0.000290480
block_diagonal,dense_scratch,1000,500,24,0.013198861
block_diagonal,sparse,1000,500,24,0.000997693
block_diagonal,dense_givens_update,1000,500,25,0.000290874
block_diagonal,dense_scratch,1000,500,25,0.013156483
block_diagonal,sparse,1000,500,25,0.001001388
block_diagonal,dense_givens_update,1000,500,26,0.000292048
block_diagonal,dense_scratch,1000,500,26,0.013162589
block_diagonal,sparse,1000,500,26,0.000997199
block_diagonal,dense_givens_update,1000,500,27,0.000286510
block_diagonal,dense_scratch,1000,500,27,0.013176428
block_diagonal,sparse,1000,500,27,0.001000946
block_diagonal,dense_givens_update,1000,500,28,0.000288610
block_diagonal,dense_scratch,1000,500,28,0.013170034
block_diagonal,sparse,1000,500,28,0.001001048
block_diagonal,dense_givens_update,1000,500,29,0.000289096
block_diagonal,dense_scratch,1000,500,29,0.013166786
block_diagonal,sparse,1000,500,29,0.000996570
block_diagonal,dense_givens_update,1000,500,30,0.000290101
block_diagonal,dense_scratch,1000,500,30,0.013174303
block_diagonal,sparse,1000,500,30,0.001002122
block_diagonal,dense_givens_update,1000,500,31,0.000291490
block_diagonal,dense_scratch,1000,500,31,0.013175202
block_diagonal,sparse,1000,500,31,0.000996181
block_diagonal,dense_givens_update,1000,500,32,0.000288783
block_diagonal,dense_scratch,1000,500,32,0.013173400
block_diagonal,sparse,1000,500,32,0.000997481
block_diagonal,dense_givens_update,1000,500,33,0.000288913
block_diagonal,dense_scratch,1000,500,33,0.013169509
block_diagonal,sparse,1000,500,33,0.000995568
block_diagonal,dense_givens_update,1000,500,34,0.000286614
block_diagonal,dense_scratch,1000,500,34,0.013163778
block_diagonal,sparse,1000,500,34,0.000998116
block_diagonal,dense_givens_update,1000,500,35,0.000289941
block_diagonal,dense_scratch,1000,500,35,0.013171698
block_diagonal,sparse,1000,500,35,0.000996596
block_diagonal,dense_givens_update,1000,500,36,0.000283817
block_diagonal,dense_scratch,1000,500,36,0.013168035
block_diagonal,sparse,1000,500,36,0.000996845
block_diagonal,dense_givens_update,1000,500,37,0.000290739
block_diagonal,dense_scratch,1000,500,37,0.013165984
block_diagonal,sparse,1000,500,37,0.000997721
block_diagonal,dense_givens_update,1000,500,38,0.000291869
block_diagonal,dense_scratch,1000,500,38,0.013162399
block_diagonal,sparse,1000,500,38,0.001000115
block_diagonal,dense_givens_update,1000,500,39,0.000289133
block_diagonal,dense_scratch,1000,500,39,0.013162533
block_diagonal,sparse,1000,500,39,0.000995385
block_diagonal,dense_givens_update,1000,500,40,0.000289282
block_diagonal,dense_scratch,1000,500,40,0.013172123
block_diagonal,sparse,1000,500,40,0.000996065
block_diagonal,dense_givens_update,1000,500,41,0.000292516
block_diagonal,dense_scratch,1000,500,41,0.013171143
block_diagonal,sparse,1000,500,41,0.001001516
block_diagonal,dense_givens_update,1000,500,42,0.000289609
block_diagonal,dense_scratch,1000,500,42,0.013182094
block_diagonal,sparse,1000,500,42,0.001000565
block_diagonal,dense_givens_update,1000,500,43,0.000288648
block_diagonal,dense_scratch,1000,500,43,0.013164395
block_diagonal,sparse,1000,500,43,0.001000734
block_diagonal,dense_givens_update,1000,500,44,0.000287680
block_diagonal,dense_scratch,1000,500,44,0.013175022
block_diagonal,sparse,1000,500,44,0.001001175
block_diagonal,dense_givens_update,1000,500,45,0.000294629
block_diagonal,dense_scratch,1000,500,45,0.013169296
block_diagonal,sparse,1000,500,45,0.000997941
block_diagonal,dense_givens_update,1000,500,46,0.000286590
block_diagonal,dense_scratch,1000,500,46,0.013172403
block_diagonal,sparse,1000,500,46,0.000994368
block_diagonal,dense_givens_update,1000,500,47,0.000291822
block_diagonal,dense_scratch,1000,500,47,0.013174437
block_diagonal,sparse,1000,500,47,0.001000309
block_diagonal,dense_givens_update,1000,500,48,0.000290557
block_diagonal,dense_scratch,1000,500,48,0.013157880
block_diagonal,sparse,1000,500,48,0.000996338
block_diagonal,dense_givens_update,1000,500,49,0.000285905
block_diagonal,dense_scratch,1000,500,49,0.013168540
block_diagonal,sparse,1000,500,49,0.000996615
block_diagonal,dense_givens_update,2000,1000,0,0.001002036
block_diagonal,dense_scratch,2000,1000,0,0.079486127
block_diagonal,sparse,2000,1000,0,0.003918248
block_diagonal,dense_givens_update,2000,1000,1,0.000994192
block_diagonal,dense_scratch,2000,1000,1,0.078359282
block_diagonal,sparse,2000,1000,1,0.003922982
block_diagonal,dense_givens_update,2000,1000,2,0.000997429
block_diagonal,dense_scratch,2000,1000,2,0.078407023
block_diagonal,sparse,2000,1000,2,0.003915387
block_diagonal,dense_givens_update,2000,1000,3,0.000999481
block_diagonal,dense_scratch,2000,1000,3,0.078376875
block_diagonal,sparse,2000,1000,3,0.003901827
block_diagonal,dense_givens_update,2000,1000,4,0.000999977
block_diagonal,dense_scratch,2000,1000,4,0.080494371
block_diagonal,sparse,2000,1000,4,0.003989098
block_diagonal,dense_givens_update,2000,1000,5,0.000997905
block_diagonal,dense_scratch,2000,1000,5,0.078489175
block_diagonal,sparse,2000,1000,5,0.003953790
block_diagonal,dense_givens_update,2000,1000,6,0.000995798
block_diagonal,dense_scratch,2000,1000,6,0.078421224
block_diagonal,sparse,2000,1000,6,0.003938881
block_diagonal,dense_givens_update,2000,1000,7,0.000999056
block_diagonal,dense_scratch,2000,1000,7,0.078363876
block_diagonal,sparse,2000,1000,7,0.003918386
block_diagonal,dense_givens_update,2000,1000,8,0.001004887
block_diagonal,dense_scratch,2000,1000,8,0.078315313
block_diagonal,sparse,2000,1000,8,0.003906754
block_diagonal,dense_givens_update,2000,1000,9,0.000998609
block_diagonal,dense_scratch,2000,1000,9,0.078321822
block_diagonal,sparse,2000,1000,9,0.003927828
block_diagonal,dense_givens_update,2000,1000,10,0.000998294
block_diagonal,dense_scratch,2000,1000,10,0.078293532
block_diagonal,sparse,2000,1000,10,0.003905722
block_diagonal,dense_givens_update,2000,1000,11,0.000991838
block_diagonal,dense_scratch,2000,1000,11,0.078274826
block_diagonal,sparse,2000,1000,11,0.003906664
block_diagonal,dense_givens_update,2000,1000,12,0.000998962
block_diagonal,dense_scratch,2000,1000,12,0.078279327
block_diagonal,sparse,2000,1000,12,0.003911421
block_diagonal,dense_givens_update,2000,1000,13,0.000995102
block_diagonal,dense_scratch,2000,1000,13,0.078350322
block_diagonal,sparse,2000,1000,13,0.003907877
block_diagonal,dense_givens_update,2000,1000,14,0.000994016
block_diagonal,dense_scratch,2000,1000,14,0.078272525
block_diagonal,sparse,2000,1000,14,0.003911928
block_diagonal,dense_givens_update,2000,1000,15,0.000997171
block_diagonal,dense_scratch,2000,1000,15,0.078264249
block_diagonal,sparse,2000,1000,15,0.003905486
block_diagonal,dense_givens_update,2000,1000,16,0.000998630
block_diagonal,dense_scratch,2000,1000,16,0.078300510
block_diagonal,sparse,2000,1000,16,0.003924950
block_diagonal,dense_givens_update,2000,1000,17,0.001020979
block_diagonal,dense_scratch,2000,1000,17,0.078256314
block_diagonal,sparse,2000,1000,17,0.003901188
block_diagonal,dense_givens_update,2000,1000,18,0.000998635
block_diagonal,dense_scratch,2000,1000,18,0.078267863
block_diagonal,sparse,2000,1000,18,0.003914952
block_diagonal,dense_givens_update,2000,1000,19,0.000996322
block_diagonal,dense_scratch,2000,1000,19,0.078238520
block_diagonal,sparse,2000,1000,19,0.003917723
block_diagonal,dense_givens_update,2000,1000,20,0.001000755
block_diagonal,dense_scratch,2000,1000,20,0.078309067
block_diagonal,sparse,2000,1000,20,0.003908167
block_diagonal,dense_givens_update,2000,1000,21,0.001019618
block_diagonal,dense_scratch,2000,1000,21,0.078268835
block_diagonal,sparse,2000,1000,21,0.003910066
block_diagonal,dense_givens_update,2000,1000,22,0.001015576
block_diagonal,dense_scratch,2000,1000,22,0.078308425
block_diagonal,sparse,2000,1000,22,0.003923186
block_diagonal,dense_givens_update,2000,1000,23,0.001015722
block_diagonal,dense_scratch,2000,1000,23,0.078252507
block_diagonal,sparse,2000,1000,23,0.003897034
block_diagonal,dense_givens_update,2000,1000,24,0.001016470
block_diagonal,dense_scratch,2000,1000,24,0.078248594
block_diagonal,sparse,2000,1000,24,0.003901460
block_diagonal,dense_givens_update,2000,1000,25,0.000997645
block_diagonal,dense_scratch,2000,1000,25,0.078496786
block_diagonal,sparse,2000,1000,25,0.003962103
block_diagonal,dense_givens_update,2000,1000,26,0.001011162
block_diagonal,dense_scratch,2000,1000,26,0.078696898
block_diagonal,sparse,2000,1000,26,0.003950622
block_diagonal,dense_givens_update,2000,1000,27,0.001000177
block_diagonal,dense_scratch,2000,1000,27,0.078482835
block_diagonal,sparse,2000,1000,27,0.003944640
block_diagonal,dense_givens_update,2000,1000,28,0.000995860
block_diagonal,dense_scratch,2000,1000,28,0.078390524
block_diagonal,sparse,2000,1000,28,0.003940249
block_diagonal,dense_givens_update,2000,1000,29,0.000998977
block_diagonal,dense_scratch,2000,1000,29,0.078343710
block_diagonal,sparse,2000,1000,29,0.003929228
block_diagonal,dense_givens_update,2000,1000,30,0.000994520
block_diagonal,dense_scratch,2000,1000,30,0.078379187
block_diagonal,sparse,2000,1000,30,0.003910828
block_diagonal,dense_givens_update,2000,1000,31,0.001000272
block_diagonal,dense_scratch,2000,1000,31,0.078292605
block_diagonal,sparse,2000,1000,31,0.003919763
block_diagonal,dense_givens_update,2000,1000,32,0.000998900
block_diagonal,dense_scratch,2000,1000,32,0.078296936
block_diagonal,sparse,2000,1000,32,0.003904036
block_diagonal,dense_givens_update,2000,1000,33,0.000998626
block_diagonal,dense_scratch,2000,1000,33,0.078302986
block_diagonal,sparse,2000,1000,33,0.003913106
block_diagonal,dense_givens_update,2000,1000,34,0.001001148
block_diagonal,dense_scratch,2000,1000,34,0.078281192
block_diagonal,sparse,2000,1000,34,0.003921760
block_diagonal,dense_givens_update,2000,1000,35,0.000997863
block_diagonal,dense_scratch,2000,1000,35,0.078231082
block_diagonal,sparse,2000,1000,35,0.003913673
block_diagonal,dense_givens_update,2000,1000,36,0.000999619
block_diagonal,dense_scratch,2000,1000,36,0.078297778
block_diagonal,sparse,2000,1000,36,0.003901395
block_diagonal,dense_givens_update,2000,1000,37,0.000994382
block_diagonal,dense_scratch,2000,1000,37,0.078281283
block_diagonal,sparse,2000,1000,37,0.003916983
block_diagonal,dense_givens_update,2000,1000,38,0.000994288
block_diagonal,dense_scratch,2000,1000,38,0.078333789
block_diagonal,sparse,2000,1000,38,0.003910345
block_diagonal,dense_givens_update,2000,1000,39,0.000998590
block_diagonal,dense_scratch,2000,1000,39,0.078366510
block_diagonal,sparse,2000,1000,39,0.003919495
block_diagonal,dense_givens_update,2000,1000,40,0.001000314
block_diagonal,dense_scratch,2000,1000,40,0.078316375
block_diagonal,sparse,2000,1000,40,0.003900731
block_diagonal,dense_givens_update,2000,1000,41,0.000998265
block_diagonal,dense_scratch,2000,1000,41,0.078267581
block_diagonal,sparse,2000,1000,41,0.003904771
block_diagonal,dense_givens_update,2000,1000,42,0.000999515
block_diagonal,dense_scratch,2000,1000,42,0.078282629
block_diagonal,sparse,2000,1000,42,0.003907971
block_diagonal,dense_givens_update,2000,1000,43,0.001004137
block_diagonal,dense_scratch,2000,1000,43,0.078357115
block_diagonal,sparse,2000,1000,43,0.003903134
block_diagonal,dense_givens_update,2000,1000,44,0.000989478
block_diagonal,dense_scratch,2000,1000,44,0.078291899
block_diagonal,sparse,2000,1000,44,0.003910941
block_diagonal,dense_givens_update,2000,1000,45,0.000997764
block_diagonal,dense_scratch,2000,1000,45,0.078223286
block_diagonal,sparse,2000,1000,45,0.003895712
block_diagonal,dense_givens_update,2000,1000,46,0.000991923
block_diagonal,dense_scratch,2000,1000,46,0.078279619
block_diagonal,sparse,2000,1000,46,0.003916545
block_diagonal,dense_givens_update,2000,1000,47,0.000997177
block_diagonal,dense_scratch,2000,1000,47,0.078321924
block_diagonal,sparse,2000,1000,47,0.003892181
block_diagonal,dense_givens_update,2000,1000,48,0.000994690
block_diagonal,dense_scratch,2000,1000,48,0.078347542
block_diagonal,sparse,2000,1000,48,0.003920264
block_diagonal,dense_givens_update,2000,1000,49,0.001005488
block_diagonal,dense_scratch,2000,1000,49,0.078331238
block_diagonal,sparse,2000,1000,49,0.003927813
